url_length,domain_length,path_length,qty_dot_domain,qty_hyphen_domain,qty_underline_domain,qty_digit_domain,has_at_symbol,has_double_slash_path,max_levenshtein_ratio,max_jaro_winkler_score,is_punycode,domain_age_days,ssl_valid_days,original_url
29,29,0,1,3,0,4,0,0,0.41025641025641024,0.509323116219668,0,-1,-1,legit-portal-service-1705.com
29,29,0,1,3,0,4,0,0,0.41025641025641024,0.509323116219668,0,-1,-1,legit-portal-service-4965.com
29,29,0,1,3,0,4,0,0,0.41025641025641024,0.509323116219668,0,-1,-1,legit-portal-service-3644.com
29,29,0,1,3,0,4,0,0,0.41025641025641024,0.509323116219668,0,-1,-1,legit-portal-service-4696.com
29,29,0,1,3,0,4,0,0,0.41025641025641024,0.509323116219668,0,-1,-1,legit-portal-service-2431.com
29,29,0,1,3,0,4,0,0,0.41025641025641024,0.509323116219668,0,-1,-1,legit-portal-service-4243.com
29,29,0,1,3,0,4,0,0,0.41025641025641024,0.509323116219668,0,-1,-1,legit-portal-service-2532.com
28,28,0,1,3,0,3,0,0,0.42105263157894735,0.5113756613756614,0,-1,-1,legit-portal-service-657.com
29,29,0,1,3,0,4,0,0,0.41025641025641024,0.509323116219668,0,-1,-1,legit-portal-service-1920.com
29,29,0,1,3,0,4,0,0,0.41025641025641024,0.509323116219668,0,-1,-1,legit-portal-service-1252.com
29,29,0,1,3,0,4,0,0,0.41025641025641024,0.509323116219668,0,-1,-1,legit-portal-service-4564.com
29,29,0,1,3,0,4,0,0,0.41025641025641024,0.509323116219668,0,-1,-1,legit-portal-service-1343.com
29,29,0,1,3,0,4,0,0,0.41025641025641024,0.509323116219668,0,-1,-1,legit-portal-service-2380.com
28,28,0,1,3,0,3,0,0,0.42105263157894735,0.5113756613756614,0,-1,-1,legit-portal-service-659.com
28,28,0,1,3,0,3,0,0,0.42105263157894735,0.5113756613756614,0,-1,-1,legit-portal-service-187.com
29,29,0,1,3,0,4,0,0,0.41025641025641024,0.509323116219668,0,-1,-1,legit-portal-service-1922.com
29,29,0,1,3,0,4,0,0,0.41025641025641024,0.509323116219668,0,-1,-1,legit-portal-service-4094.com
28,28,0,1,3,0,3,0,0,0.42105263157894735,0.5113756613756614,0,-1,-1,legit-portal-service-111.com
29,29,0,1,3,0,4,0,0,0.41025641025641024,0.509323116219668,0,-1,-1,legit-portal-service-4132.com
29,29,0,1,3,0,4,0,0,0.41025641025641024,0.509323116219668,0,-1,-1,legit-portal-service-4890.com
28,28,0,1,3,0,3,0,0,0.42105263157894735,0.5113756613756614,0,-1,-1,legit-portal-service-462.com
29,29,0,1,3,0,4,0,0,0.41025641025641024,0.509323116219668,0,-1,-1,legit-portal-service-1091.com
29,29,0,1,3,0,4,0,0,0.41025641025641024,0.509323116219668,0,-1,-1,legit-portal-service-1968.com
28,28,0,1,3,0,3,0,0,0.42105263157894735,0.5113756613756614,0,-1,-1,legit-portal-service-669.com
29,29,0,1,3,0,4,0,0,0.41025641025641024,0.509323116219668,0,-1,-1,legit-portal-service-2006.com
29,29,0,1,3,0,4,0,0,0.41025641025641024,0.509323116219668,0,-1,-1,legit-portal-service-1878.com
29,29,0,1,3,0,4,0,0,0.41025641025641024,0.509323116219668,0,-1,-1,legit-portal-service-2408.com
29,29,0,1,3,0,4,0,0,0.41025641025641024,0.509323116219668,0,-1,-1,legit-portal-service-2956.com
29,29,0,1,3,0,4,0,0,0.41025641025641024,0.509323116219668,0,-1,-1,legit-portal-service-4577.com
29,29,0,1,3,0,4,0,0,0.41025641025641024,0.509323116219668,0,-1,-1,legit-portal-service-2699.com
29,29,0,1,3,0,4,0,0,0.41025641025641024,0.509323116219668,0,-1,-1,legit-portal-service-1071.com
28,28,0,1,3,0,3,0,0,0.42105263157894735,0.5113756613756614,0,-1,-1,legit-portal-service-421.com
29,29,0,1,3,0,4,0,0,0.41025641025641024,0.509323116219668,0,-1,-1,legit-portal-service-2820.com
29,29,0,1,3,0,4,0,0,0.41025641025641024,0.509323116219668,0,-1,-1,legit-portal-service-1073.com
29,29,0,1,3,0,4,0,0,0.41025641025641024,0.509323116219668,0,-1,-1,legit-portal-service-3126.com
29,29,0,1,3,0,4,0,0,0.41025641025641024,0.509323116219668,0,-1,-1,legit-portal-service-2910.com
29,29,0,1,3,0,4,0,0,0.41025641025641024,0.509323116219668,0,-1,-1,legit-portal-service-1662.com
28,28,0,1,3,0,3,0,0,0.42105263157894735,0.5113756613756614,0,-1,-1,legit-portal-service-814.com
28,28,0,1,3,0,3,0,0,0.42105263157894735,0.5113756613756614,0,-1,-1,legit-portal-service-932.com
29,29,0,1,3,0,4,0,0,0.41025641025641024,0.509323116219668,0,-1,-1,legit-portal-service-4922.com
29,29,0,1,3,0,4,0,0,0.41025641025641024,0.509323116219668,0,-1,-1,legit-portal-service-4272.com
28,28,0,1,3,0,3,0,0,0.42105263157894735,0.5113756613756614,0,-1,-1,legit-portal-service-463.com
28,28,0,1,3,0,3,0,0,0.42105263157894735,0.5113756613756614,0,-1,-1,legit-portal-service-536.com
29,29,0,1,3,0,4,0,0,0.41025641025641024,0.509323116219668,0,-1,-1,legit-portal-service-4356.com
29,29,0,1,3,0,4,0,0,0.41025641025641024,0.509323116219668,0,-1,-1,legit-portal-service-3918.com
28,28,0,1,3,0,3,0,0,0.42105263157894735,0.5113756613756614,0,-1,-1,legit-portal-service-989.com
29,29,0,1,3,0,4,0,0,0.41025641025641024,0.509323116219668,0,-1,-1,legit-portal-service-1385.com
28,28,0,1,3,0,3,0,0,0.42105263157894735,0.5113756613756614,0,-1,-1,legit-portal-service-899.com
29,29,0,1,3,0,4,0,0,0.41025641025641024,0.509323116219668,0,-1,-1,legit-portal-service-4042.com
29,29,0,1,3,0,4,0,0,0.41025641025641024,0.509323116219668,0,-1,-1,legit-portal-service-4887.com
29,29,0,1,3,0,4,0,0,0.41025641025641024,0.509323116219668,0,-1,-1,legit-portal-service-3684.com
29,29,0,1,3,0,4,0,0,0.41025641025641024,0.509323116219668,0,-1,-1,legit-portal-service-4775.com
29,29,0,1,3,0,4,0,0,0.41025641025641024,0.509323116219668,0,-1,-1,legit-portal-service-1911.com
29,29,0,1,3,0,4,0,0,0.41025641025641024,0.509323116219668,0,-1,-1,legit-portal-service-2842.com
29,29,0,1,3,0,4,0,0,0.41025641025641024,0.509323116219668,0,-1,-1,legit-portal-service-4364.com
29,29,0,1,3,0,4,0,0,0.41025641025641024,0.509323116219668,0,-1,-1,legit-portal-service-4151.com
29,29,0,1,3,0,4,0,0,0.41025641025641024,0.509323116219668,0,-1,-1,legit-portal-service-3931.com
29,29,0,1,3,0,4,0,0,0.41025641025641024,0.509323116219668,0,-1,-1,legit-portal-service-1896.com
29,29,0,1,3,0,4,0,0,0.41025641025641024,0.509323116219668,0,-1,-1,legit-portal-service-4100.com
28,28,0,1,3,0,3,0,0,0.42105263157894735,0.5113756613756614,0,-1,-1,legit-portal-service-487.com
28,28,0,1,3,0,3,0,0,0.42105263157894735,0.5113756613756614,0,-1,-1,legit-portal-service-491.com
29,29,0,1,3,0,4,0,0,0.41025641025641024,0.509323116219668,0,-1,-1,legit-portal-service-1403.com
29,29,0,1,3,0,4,0,0,0.41025641025641024,0.509323116219668,0,-1,-1,legit-portal-service-4441.com
29,29,0,1,3,0,4,0,0,0.41025641025641024,0.509323116219668,0,-1,-1,legit-portal-service-2875.com
29,29,0,1,3,0,4,0,0,0.41025641025641024,0.509323116219668,0,-1,-1,legit-portal-service-2997.com
28,28,0,1,3,0,3,0,0,0.42105263157894735,0.5113756613756614,0,-1,-1,legit-portal-service-963.com
29,29,0,1,3,0,4,0,0,0.41025641025641024,0.509323116219668,0,-1,-1,legit-portal-service-1649.com
29,29,0,1,3,0,4,0,0,0.41025641025641024,0.509323116219668,0,-1,-1,legit-portal-service-2569.com
29,29,0,1,3,0,4,0,0,0.41025641025641024,0.509323116219668,0,-1,-1,legit-portal-service-2409.com
29,29,0,1,3,0,4,0,0,0.41025641025641024,0.509323116219668,0,-1,-1,legit-portal-service-3243.com
29,29,0,1,3,0,4,0,0,0.41025641025641024,0.509323116219668,0,-1,-1,legit-portal-service-3088.com
29,29,0,1,3,0,4,0,0,0.41025641025641024,0.509323116219668,0,-1,-1,legit-portal-service-2755.com
29,29,0,1,3,0,4,0,0,0.41025641025641024,0.509323116219668,0,-1,-1,legit-portal-service-2993.com
29,29,0,1,3,0,4,0,0,0.41025641025641024,0.509323116219668,0,-1,-1,legit-portal-service-4144.com
29,29,0,1,3,0,4,0,0,0.41025641025641024,0.509323116219668,0,-1,-1,legit-portal-service-2383.com
29,29,0,1,3,0,4,0,0,0.41025641025641024,0.509323116219668,0,-1,-1,legit-portal-service-4006.com
28,28,0,1,3,0,3,0,0,0.42105263157894735,0.5113756613756614,0,-1,-1,legit-portal-service-416.com
29,29,0,1,3,0,4,0,0,0.41025641025641024,0.509323116219668,0,-1,-1,legit-portal-service-3212.com
28,28,0,1,3,0,3,0,0,0.42105263157894735,0.5113756613756614,0,-1,-1,legit-portal-service-921.com
29,29,0,1,3,0,4,0,0,0.41025641025641024,0.509323116219668,0,-1,-1,legit-portal-service-1899.com
28,28,0,1,3,0,3,0,0,0.42105263157894735,0.5113756613756614,0,-1,-1,legit-portal-service-969.com
29,29,0,1,3,0,4,0,0,0.41025641025641024,0.509323116219668,0,-1,-1,legit-portal-service-1255.com
29,29,0,1,3,0,4,0,0,0.41025641025641024,0.509323116219668,0,-1,-1,legit-portal-service-3840.com
28,28,0,1,3,0,3,0,0,0.42105263157894735,0.5113756613756614,0,-1,-1,legit-portal-service-518.com
27,27,0,1,3,0,2,0,0,0.43243243243243246,0.5308641975308642,0,-1,-1,legit-portal-service-51.com
28,28,0,1,3,0,3,0,0,0.42105263157894735,0.5113756613756614,0,-1,-1,legit-portal-service-580.com
29,29,0,1,3,0,4,0,0,0.41025641025641024,0.509323116219668,0,-1,-1,legit-portal-service-1063.com
29,29,0,1,3,0,4,0,0,0.41025641025641024,0.509323116219668,0,-1,-1,legit-portal-service-4117.com
29,29,0,1,3,0,4,0,0,0.41025641025641024,0.509323116219668,0,-1,-1,legit-portal-service-2394.com
28,28,0,1,3,0,3,0,0,0.42105263157894735,0.5113756613756614,0,-1,-1,legit-portal-service-310.com
28,28,0,1,3,0,3,0,0,0.42105263157894735,0.5113756613756614,0,-1,-1,legit-portal-service-623.com
29,29,0,1,3,0,4,0,0,0.41025641025641024,0.509323116219668,0,-1,-1,legit-portal-service-2304.com
29,29,0,1,3,0,4,0,0,0.41025641025641024,0.509323116219668,0,-1,-1,legit-portal-service-1102.com
29,29,0,1,3,0,4,0,0,0.41025641025641024,0.509323116219668,0,-1,-1,legit-portal-service-3411.com
28,28,0,1,3,0,3,0,0,0.42105263157894735,0.5113756613756614,0,-1,-1,legit-portal-service-193.com
29,29,0,1,3,0,4,0,0,0.41025641025641024,0.509323116219668,0,-1,-1,legit-portal-service-3461.com
29,29,0,1,3,0,4,0,0,0.41025641025641024,0.509323116219668,0,-1,-1,legit-portal-service-2662.com
29,29,0,1,3,0,4,0,0,0.41025641025641024,0.509323116219668,0,-1,-1,legit-portal-service-2396.com
29,29,0,1,3,0,4,0,0,0.41025641025641024,0.509323116219668,0,-1,-1,legit-portal-service-1736.com
29,29,0,1,3,0,4,0,0,0.41025641025641024,0.509323116219668,0,-1,-1,legit-portal-service-2969.com
29,29,0,1,3,0,4,0,0,0.41025641025641024,0.509323116219668,0,-1,-1,legit-portal-service-1542.com
29,29,0,1,3,0,4,0,0,0.41025641025641024,0.509323116219668,0,-1,-1,legit-portal-service-1173.com
29,29,0,1,3,0,4,0,0,0.41025641025641024,0.509323116219668,0,-1,-1,legit-portal-service-2454.com
29,29,0,1,3,0,4,0,0,0.41025641025641024,0.509323116219668,0,-1,-1,legit-portal-service-1770.com
29,29,0,1,3,0,4,0,0,0.41025641025641024,0.509323116219668,0,-1,-1,legit-portal-service-3311.com
29,29,0,1,3,0,4,0,0,0.41025641025641024,0.509323116219668,0,-1,-1,legit-portal-service-4850.com
29,29,0,1,3,0,4,0,0,0.41025641025641024,0.509323116219668,0,-1,-1,legit-portal-service-1170.com
29,29,0,1,3,0,4,0,0,0.41025641025641024,0.509323116219668,0,-1,-1,legit-portal-service-4012.com
29,29,0,1,3,0,4,0,0,0.41025641025641024,0.509323116219668,0,-1,-1,legit-portal-service-4092.com
29,29,0,1,3,0,4,0,0,0.41025641025641024,0.509323116219668,0,-1,-1,legit-portal-service-2718.com
28,28,0,1,3,0,3,0,0,0.42105263157894735,0.5113756613756614,0,-1,-1,legit-portal-service-138.com
29,29,0,1,3,0,4,0,0,0.41025641025641024,0.509323116219668,0,-1,-1,legit-portal-service-4468.com
29,29,0,1,3,0,4,0,0,0.41025641025641024,0.509323116219668,0,-1,-1,legit-portal-service-2188.com
29,29,0,1,3,0,4,0,0,0.41025641025641024,0.509323116219668,0,-1,-1,legit-portal-service-3420.com
29,29,0,1,3,0,4,0,0,0.41025641025641024,0.509323116219668,0,-1,-1,legit-portal-service-4418.com
29,29,0,1,3,0,4,0,0,0.41025641025641024,0.509323116219668,0,-1,-1,legit-portal-service-3733.com
29,29,0,1,3,0,4,0,0,0.41025641025641024,0.509323116219668,0,-1,-1,legit-portal-service-4305.com
27,27,0,1,3,0,2,0,0,0.43243243243243246,0.5308641975308642,0,-1,-1,legit-portal-service-42.com
29,29,0,1,3,0,4,0,0,0.41025641025641024,0.509323116219668,0,-1,-1,legit-portal-service-3049.com
29,29,0,1,3,0,4,0,0,0.41025641025641024,0.509323116219668,0,-1,-1,legit-portal-service-1687.com
29,29,0,1,3,0,4,0,0,0.41025641025641024,0.509323116219668,0,-1,-1,legit-portal-service-4099.com
28,28,0,1,3,0,3,0,0,0.42105263157894735,0.5113756613756614,0,-1,-1,legit-portal-service-529.com
29,29,0,1,3,0,4,0,0,0.41025641025641024,0.509323116219668,0,-1,-1,legit-portal-service-4048.com
29,29,0,1,3,0,4,0,0,0.41025641025641024,0.509323116219668,0,-1,-1,legit-portal-service-2177.com
29,29,0,1,3,0,4,0,0,0.41025641025641024,0.509323116219668,0,-1,-1,legit-portal-service-3237.com
29,29,0,1,3,0,4,0,0,0.41025641025641024,0.509323116219668,0,-1,-1,legit-portal-service-1851.com
29,29,0,1,3,0,4,0,0,0.41025641025641024,0.509323116219668,0,-1,-1,legit-portal-service-3883.com
29,29,0,1,3,0,4,0,0,0.41025641025641024,0.509323116219668,0,-1,-1,legit-portal-service-2548.com
29,29,0,1,3,0,4,0,0,0.41025641025641024,0.509323116219668,0,-1,-1,legit-portal-service-2262.com
29,29,0,1,3,0,4,0,0,0.41025641025641024,0.509323116219668,0,-1,-1,legit-portal-service-2366.com
29,29,0,1,3,0,4,0,0,0.41025641025641024,0.509323116219668,0,-1,-1,legit-portal-service-4621.com
28,28,0,1,3,0,3,0,0,0.42105263157894735,0.5113756613756614,0,-1,-1,legit-portal-service-534.com
29,29,0,1,3,0,4,0,0,0.41025641025641024,0.509323116219668,0,-1,-1,legit-portal-service-3762.com
29,29,0,1,3,0,4,0,0,0.41025641025641024,0.509323116219668,0,-1,-1,legit-portal-service-3142.com
29,29,0,1,3,0,4,0,0,0.41025641025641024,0.509323116219668,0,-1,-1,legit-portal-service-1666.com
29,29,0,1,3,0,4,0,0,0.41025641025641024,0.509323116219668,0,-1,-1,legit-portal-service-2846.com
29,29,0,1,3,0,4,0,0,0.41025641025641024,0.509323116219668,0,-1,-1,legit-portal-service-4524.com
28,28,0,1,3,0,3,0,0,0.42105263157894735,0.5113756613756614,0,-1,-1,legit-portal-service-109.com
29,29,0,1,3,0,4,0,0,0.41025641025641024,0.509323116219668,0,-1,-1,legit-portal-service-2607.com
29,29,0,1,3,0,4,0,0,0.41025641025641024,0.509323116219668,0,-1,-1,legit-portal-service-1960.com
29,29,0,1,3,0,4,0,0,0.41025641025641024,0.509323116219668,0,-1,-1,legit-portal-service-1265.com
29,29,0,1,3,0,4,0,0,0.41025641025641024,0.509323116219668,0,-1,-1,legit-portal-service-1131.com
29,29,0,1,3,0,4,0,0,0.41025641025641024,0.509323116219668,0,-1,-1,legit-portal-service-4929.com
28,28,0,1,3,0,3,0,0,0.42105263157894735,0.5113756613756614,0,-1,-1,legit-portal-service-666.com
29,29,0,1,3,0,4,0,0,0.41025641025641024,0.509323116219668,0,-1,-1,legit-portal-service-4507.com
29,29,0,1,3,0,4,0,0,0.41025641025641024,0.509323116219668,0,-1,-1,legit-portal-service-4714.com
28,28,0,1,3,0,3,0,0,0.42105263157894735,0.5113756613756614,0,-1,-1,legit-portal-service-234.com
29,29,0,1,3,0,4,0,0,0.41025641025641024,0.509323116219668,0,-1,-1,legit-portal-service-2707.com
29,29,0,1,3,0,4,0,0,0.41025641025641024,0.509323116219668,0,-1,-1,legit-portal-service-2252.com
29,29,0,1,3,0,4,0,0,0.41025641025641024,0.509323116219668,0,-1,-1,legit-portal-service-3932.com
29,29,0,1,3,0,4,0,0,0.41025641025641024,0.509323116219668,0,-1,-1,legit-portal-service-3662.com
29,29,0,1,3,0,4,0,0,0.41025641025641024,0.509323116219668,0,-1,-1,legit-portal-service-4074.com
29,29,0,1,3,0,4,0,0,0.41025641025641024,0.509323116219668,0,-1,-1,legit-portal-service-2360.com
29,29,0,1,3,0,4,0,0,0.41025641025641024,0.509323116219668,0,-1,-1,legit-portal-service-2367.com
28,28,0,1,3,0,3,0,0,0.42105263157894735,0.5113756613756614,0,-1,-1,legit-portal-service-184.com
29,29,0,1,3,0,4,0,0,0.41025641025641024,0.509323116219668,0,-1,-1,legit-portal-service-3106.com
29,29,0,1,3,0,4,0,0,0.41025641025641024,0.509323116219668,0,-1,-1,legit-portal-service-1312.com
29,29,0,1,3,0,4,0,0,0.41025641025641024,0.509323116219668,0,-1,-1,legit-portal-service-1278.com
29,29,0,1,3,0,4,0,0,0.41025641025641024,0.509323116219668,0,-1,-1,legit-portal-service-2187.com
29,29,0,1,3,0,4,0,0,0.41025641025641024,0.509323116219668,0,-1,-1,legit-portal-service-3462.com
29,29,0,1,3,0,4,0,0,0.41025641025641024,0.509323116219668,0,-1,-1,legit-portal-service-3134.com
29,29,0,1,3,0,4,0,0,0.41025641025641024,0.509323116219668,0,-1,-1,legit-portal-service-3427.com
29,29,0,1,3,0,4,0,0,0.41025641025641024,0.509323116219668,0,-1,-1,legit-portal-service-4473.com
29,29,0,1,3,0,4,0,0,0.41025641025641024,0.509323116219668,0,-1,-1,legit-portal-service-3885.com
29,29,0,1,3,0,4,0,0,0.41025641025641024,0.509323116219668,0,-1,-1,legit-portal-service-3328.com
29,29,0,1,3,0,4,0,0,0.41025641025641024,0.509323116219668,0,-1,-1,legit-portal-service-4581.com
29,29,0,1,3,0,4,0,0,0.41025641025641024,0.509323116219668,0,-1,-1,legit-portal-service-4949.com
29,29,0,1,3,0,4,0,0,0.41025641025641024,0.509323116219668,0,-1,-1,legit-portal-service-1020.com
29,29,0,1,3,0,4,0,0,0.41025641025641024,0.509323116219668,0,-1,-1,legit-portal-service-4809.com
28,28,0,1,3,0,3,0,0,0.42105263157894735,0.5113756613756614,0,-1,-1,legit-portal-service-894.com
29,29,0,1,3,0,4,0,0,0.41025641025641024,0.509323116219668,0,-1,-1,legit-portal-service-4763.com
28,28,0,1,3,0,3,0,0,0.42105263157894735,0.5113756613756614,0,-1,-1,legit-portal-service-231.com
29,29,0,1,3,0,4,0,0,0.41025641025641024,0.509323116219668,0,-1,-1,legit-portal-service-2681.com
27,27,0,1,3,0,2,0,0,0.43243243243243246,0.5308641975308642,0,-1,-1,legit-portal-service-55.com
29,29,0,1,3,0,4,0,0,0.41025641025641024,0.509323116219668,0,-1,-1,legit-portal-service-4937.com
29,29,0,1,3,0,4,0,0,0.41025641025641024,0.509323116219668,0,-1,-1,legit-portal-service-4226.com
29,29,0,1,3,0,4,0,0,0.41025641025641024,0.509323116219668,0,-1,-1,legit-portal-service-2185.com
29,29,0,1,3,0,4,0,0,0.41025641025641024,0.509323116219668,0,-1,-1,legit-portal-service-2401.com
29,29,0,1,3,0,4,0,0,0.41025641025641024,0.509323116219668,0,-1,-1,legit-portal-service-4869.com
29,29,0,1,3,0,4,0,0,0.41025641025641024,0.509323116219668,0,-1,-1,legit-portal-service-2005.com
29,29,0,1,3,0,4,0,0,0.41025641025641024,0.509323116219668,0,-1,-1,legit-portal-service-4923.com
29,29,0,1,3,0,4,0,0,0.41025641025641024,0.509323116219668,0,-1,-1,legit-portal-service-4703.com
29,29,0,1,3,0,4,0,0,0.41025641025641024,0.509323116219668,0,-1,-1,legit-portal-service-3695.com
29,29,0,1,3,0,4,0,0,0.41025641025641024,0.509323116219668,0,-1,-1,legit-portal-service-3159.com
29,29,0,1,3,0,4,0,0,0.41025641025641024,0.509323116219668,0,-1,-1,legit-portal-service-1944.com
29,29,0,1,3,0,4,0,0,0.41025641025641024,0.509323116219668,0,-1,-1,legit-portal-service-2776.com
29,29,0,1,3,0,4,0,0,0.41025641025641024,0.509323116219668,0,-1,-1,legit-portal-service-2284.com
29,29,0,1,3,0,4,0,0,0.41025641025641024,0.509323116219668,0,-1,-1,legit-portal-service-4152.com
27,27,0,1,3,0,2,0,0,0.43243243243243246,0.5308641975308642,0,-1,-1,legit-portal-service-95.com
28,28,0,1,3,0,3,0,0,0.42105263157894735,0.5113756613756614,0,-1,-1,legit-portal-service-900.com
29,29,0,1,3,0,4,0,0,0.41025641025641024,0.509323116219668,0,-1,-1,legit-portal-service-2448.com
29,29,0,1,3,0,4,0,0,0.41025641025641024,0.509323116219668,0,-1,-1,legit-portal-service-3612.com
29,29,0,1,3,0,4,0,0,0.41025641025641024,0.509323116219668,0,-1,-1,legit-portal-service-2904.com
29,29,0,1,3,0,4,0,0,0.41025641025641024,0.509323116219668,0,-1,-1,legit-portal-service-1758.com
29,29,0,1,3,0,4,0,0,0.41025641025641024,0.509323116219668,0,-1,-1,legit-portal-service-4787.com
29,29,0,1,3,0,4,0,0,0.41025641025641024,0.509323116219668,0,-1,-1,legit-portal-service-4801.com
29,29,0,1,3,0,4,0,0,0.41025641025641024,0.509323116219668,0,-1,-1,legit-portal-service-1317.com
29,29,0,1,3,0,4,0,0,0.41025641025641024,0.509323116219668,0,-1,-1,legit-portal-service-4649.com
28,28,0,1,3,0,3,0,0,0.42105263157894735,0.5113756613756614,0,-1,-1,legit-portal-service-277.com
28,28,0,1,3,0,3,0,0,0.42105263157894735,0.5113756613756614,0,-1,-1,legit-portal-service-106.com
29,29,0,1,3,0,4,0,0,0.41025641025641024,0.509323116219668,0,-1,-1,legit-portal-service-4413.com
29,29,0,1,3,0,4,0,0,0.41025641025641024,0.509323116219668,0,-1,-1,legit-portal-service-4688.com
29,29,0,1,3,0,4,0,0,0.41025641025641024,0.509323116219668,0,-1,-1,legit-portal-service-1939.com
28,28,0,1,3,0,3,0,0,0.42105263157894735,0.5113756613756614,0,-1,-1,legit-portal-service-599.com
29,29,0,1,3,0,4,0,0,0.41025641025641024,0.509323116219668,0,-1,-1,legit-portal-service-2276.com
29,29,0,1,3,0,4,0,0,0.41025641025641024,0.509323116219668,0,-1,-1,legit-portal-service-4425.com
28,28,0,1,3,0,3,0,0,0.42105263157894735,0.5113756613756614,0,-1,-1,legit-portal-service-329.com
29,29,0,1,3,0,4,0,0,0.41025641025641024,0.509323116219668,0,-1,-1,legit-portal-service-2235.com
28,28,0,1,3,0,3,0,0,0.42105263157894735,0.5113756613756614,0,-1,-1,legit-portal-service-324.com
28,28,0,1,3,0,3,0,0,0.42105263157894735,0.5113756613756614,0,-1,-1,legit-portal-service-882.com
28,28,0,1,3,0,3,0,0,0.42105263157894735,0.5113756613756614,0,-1,-1,legit-portal-service-519.com
28,28,0,1,3,0,3,0,0,0.42105263157894735,0.5113756613756614,0,-1,-1,legit-portal-service-735.com
28,28,0,1,3,0,3,0,0,0.42105263157894735,0.5113756613756614,0,-1,-1,legit-portal-service-408.com
7,7,0,1,0,0,0,0,0,0.5,0.6571428571428571,0,-1,-1,wsj.com
29,29,0,1,3,0,4,0,0,0.41025641025641024,0.509323116219668,0,-1,-1,legit-portal-service-4905.com
29,29,0,1,3,0,4,0,0,0.41025641025641024,0.509323116219668,0,-1,-1,legit-portal-service-2358.com
29,29,0,1,3,0,4,0,0,0.41025641025641024,0.509323116219668,0,-1,-1,legit-portal-service-4711.com
29,29,0,1,3,0,4,0,0,0.41025641025641024,0.509323116219668,0,-1,-1,legit-portal-service-4366.com
29,29,0,1,3,0,4,0,0,0.41025641025641024,0.509323116219668,0,-1,-1,legit-portal-service-3648.com
29,29,0,1,3,0,4,0,0,0.41025641025641024,0.509323116219668,0,-1,-1,legit-portal-service-3915.com
29,29,0,1,3,0,4,0,0,0.41025641025641024,0.509323116219668,0,-1,-1,legit-portal-service-4097.com
29,29,0,1,3,0,4,0,0,0.41025641025641024,0.509323116219668,0,-1,-1,legit-portal-service-1451.com
29,29,0,1,3,0,4,0,0,0.41025641025641024,0.509323116219668,0,-1,-1,legit-portal-service-4516.com
29,29,0,1,3,0,4,0,0,0.41025641025641024,0.509323116219668,0,-1,-1,legit-portal-service-4207.com
29,29,0,1,3,0,4,0,0,0.41025641025641024,0.509323116219668,0,-1,-1,legit-portal-service-4626.com
29,29,0,1,3,0,4,0,0,0.41025641025641024,0.509323116219668,0,-1,-1,legit-portal-service-3424.com
29,29,0,1,3,0,4,0,0,0.41025641025641024,0.509323116219668,0,-1,-1,legit-portal-service-1316.com
29,29,0,1,3,0,4,0,0,0.41025641025641024,0.509323116219668,0,-1,-1,legit-portal-service-2837.com
29,29,0,1,3,0,4,0,0,0.41025641025641024,0.509323116219668,0,-1,-1,legit-portal-service-4948.com
28,28,0,1,3,0,3,0,0,0.42105263157894735,0.5113756613756614,0,-1,-1,legit-portal-service-442.com
28,28,0,1,3,0,3,0,0,0.42105263157894735,0.5113756613756614,0,-1,-1,legit-portal-service-768.com
29,29,0,1,3,0,4,0,0,0.41025641025641024,0.509323116219668,0,-1,-1,legit-portal-service-2348.com
29,29,0,1,3,0,4,0,0,0.41025641025641024,0.509323116219668,0,-1,-1,legit-portal-service-3610.com
29,29,0,1,3,0,4,0,0,0.41025641025641024,0.509323116219668,0,-1,-1,legit-portal-service-2266.com
29,29,0,1,3,0,4,0,0,0.41025641025641024,0.509323116219668,0,-1,-1,legit-portal-service-4667.com
29,29,0,1,3,0,4,0,0,0.41025641025641024,0.509323116219668,0,-1,-1,legit-portal-service-3954.com
29,29,0,1,3,0,4,0,0,0.41025641025641024,0.509323116219668,0,-1,-1,legit-portal-service-2462.com
28,28,0,1,3,0,3,0,0,0.42105263157894735,0.5113756613756614,0,-1,-1,legit-portal-service-971.com
29,29,0,1,3,0,4,0,0,0.41025641025641024,0.509323116219668,0,-1,-1,legit-portal-service-1357.com
29,29,0,1,3,0,4,0,0,0.41025641025641024,0.509323116219668,0,-1,-1,legit-portal-service-4934.com
29,29,0,1,3,0,4,0,0,0.41025641025641024,0.509323116219668,0,-1,-1,legit-portal-service-1741.com
29,29,0,1,3,0,4,0,0,0.41025641025641024,0.509323116219668,0,-1,-1,legit-portal-service-3919.com
29,29,0,1,3,0,4,0,0,0.41025641025641024,0.509323116219668,0,-1,-1,legit-portal-service-2617.com
29,29,0,1,3,0,4,0,0,0.41025641025641024,0.509323116219668,0,-1,-1,legit-portal-service-3250.com
29,29,0,1,3,0,4,0,0,0.41025641025641024,0.509323116219668,0,-1,-1,legit-portal-service-3290.com
28,28,0,1,3,0,3,0,0,0.42105263157894735,0.5113756613756614,0,-1,-1,legit-portal-service-174.com
28,28,0,1,3,0,3,0,0,0.42105263157894735,0.5113756613756614,0,-1,-1,legit-portal-service-466.com
29,29,0,1,3,0,4,0,0,0.41025641025641024,0.509323116219668,0,-1,-1,legit-portal-service-1411.com
29,29,0,1,3,0,4,0,0,0.41025641025641024,0.509323116219668,0,-1,-1,legit-portal-service-4203.com
29,29,0,1,3,0,4,0,0,0.41025641025641024,0.509323116219668,0,-1,-1,legit-portal-service-3574.com
29,29,0,1,3,0,4,0,0,0.41025641025641024,0.509323116219668,0,-1,-1,legit-portal-service-2631.com
29,29,0,1,3,0,4,0,0,0.41025641025641024,0.509323116219668,0,-1,-1,legit-portal-service-2105.com
29,29,0,1,3,0,4,0,0,0.41025641025641024,0.509323116219668,0,-1,-1,legit-portal-service-2417.com
28,28,0,1,3,0,3,0,0,0.42105263157894735,0.5113756613756614,0,-1,-1,legit-portal-service-689.com
29,29,0,1,3,0,4,0,0,0.41025641025641024,0.509323116219668,0,-1,-1,legit-portal-service-4549.com
29,29,0,1,3,0,4,0,0,0.41025641025641024,0.509323116219668,0,-1,-1,legit-portal-service-4263.com
29,29,0,1,3,0,4,0,0,0.41025641025641024,0.509323116219668,0,-1,-1,legit-portal-service-3660.com
29,29,0,1,3,0,4,0,0,0.41025641025641024,0.509323116219668,0,-1,-1,legit-portal-service-2712.com
28,28,0,1,3,0,3,0,0,0.42105263157894735,0.5113756613756614,0,-1,-1,legit-portal-service-201.com
29,29,0,1,3,0,4,0,0,0.41025641025641024,0.509323116219668,0,-1,-1,legit-portal-service-2316.com
29,29,0,1,3,0,4,0,0,0.41025641025641024,0.509323116219668,0,-1,-1,legit-portal-service-2860.com
29,29,0,1,3,0,4,0,0,0.41025641025641024,0.509323116219668,0,-1,-1,legit-portal-service-3083.com
29,29,0,1,3,0,4,0,0,0.41025641025641024,0.509323116219668,0,-1,-1,legit-portal-service-3454.com
29,29,0,1,3,0,4,0,0,0.41025641025641024,0.509323116219668,0,-1,-1,legit-portal-service-3292.com
29,29,0,1,3,0,4,0,0,0.41025641025641024,0.509323116219668,0,-1,-1,legit-portal-service-1303.com
29,29,0,1,3,0,4,0,0,0.41025641025641024,0.509323116219668,0,-1,-1,legit-portal-service-1750.com
29,29,0,1,3,0,4,0,0,0.41025641025641024,0.509323116219668,0,-1,-1,legit-portal-service-3113.com
28,28,0,1,3,0,3,0,0,0.42105263157894735,0.5113756613756614,0,-1,-1,legit-portal-service-959.com
29,29,0,1,3,0,4,0,0,0.41025641025641024,0.509323116219668,0,-1,-1,legit-portal-service-1614.com
29,29,0,1,3,0,4,0,0,0.41025641025641024,0.509323116219668,0,-1,-1,legit-portal-service-2271.com
29,29,0,1,3,0,4,0,0,0.41025641025641024,0.509323116219668,0,-1,-1,legit-portal-service-3144.com
28,28,0,1,3,0,3,0,0,0.42105263157894735,0.5113756613756614,0,-1,-1,legit-portal-service-783.com
29,29,0,1,3,0,4,0,0,0.41025641025641024,0.509323116219668,0,-1,-1,legit-portal-service-4512.com
29,29,0,1,3,0,4,0,0,0.41025641025641024,0.509323116219668,0,-1,-1,legit-portal-service-2710.com
29,29,0,1,3,0,4,0,0,0.41025641025641024,0.509323116219668,0,-1,-1,legit-portal-service-1213.com
29,29,0,1,3,0,4,0,0,0.41025641025641024,0.509323116219668,0,-1,-1,legit-portal-service-3082.com
29,29,0,1,3,0,4,0,0,0.41025641025641024,0.509323116219668,0,-1,-1,legit-portal-service-1797.com
29,29,0,1,3,0,4,0,0,0.41025641025641024,0.509323116219668,0,-1,-1,legit-portal-service-2836.com
29,29,0,1,3,0,4,0,0,0.41025641025641024,0.509323116219668,0,-1,-1,legit-portal-service-3120.com
29,29,0,1,3,0,4,0,0,0.41025641025641024,0.509323116219668,0,-1,-1,legit-portal-service-3721.com
29,29,0,1,3,0,4,0,0,0.41025641025641024,0.509323116219668,0,-1,-1,legit-portal-service-1656.com
14,14,0,1,0,0,0,0,0,0.5,0.638095238095238,0,-1,-1,wellsfargo.com
29,29,0,1,3,0,4,0,0,0.41025641025641024,0.509323116219668,0,-1,-1,legit-portal-service-2613.com
29,29,0,1,3,0,4,0,0,0.41025641025641024,0.509323116219668,0,-1,-1,legit-portal-service-1201.com
29,29,0,1,3,0,4,0,0,0.41025641025641024,0.509323116219668,0,-1,-1,legit-portal-service-1082.com
29,29,0,1,3,0,4,0,0,0.41025641025641024,0.509323116219668,0,-1,-1,legit-portal-service-1290.com
29,29,0,1,3,0,4,0,0,0.41025641025641024,0.509323116219668,0,-1,-1,legit-portal-service-1226.com
29,29,0,1,3,0,4,0,0,0.41025641025641024,0.509323116219668,0,-1,-1,legit-portal-service-3251.com
29,29,0,1,3,0,4,0,0,0.41025641025641024,0.509323116219668,0,-1,-1,legit-portal-service-2053.com
29,29,0,1,3,0,4,0,0,0.41025641025641024,0.509323116219668,0,-1,-1,legit-portal-service-3081.com
29,29,0,1,3,0,4,0,0,0.41025641025641024,0.509323116219668,0,-1,-1,legit-portal-service-1962.com
29,29,0,1,3,0,4,0,0,0.41025641025641024,0.509323116219668,0,-1,-1,legit-portal-service-1350.com
29,29,0,1,3,0,4,0,0,0.41025641025641024,0.509323116219668,0,-1,-1,legit-portal-service-4980.com
28,28,0,1,3,0,3,0,0,0.42105263157894735,0.5113756613756614,0,-1,-1,legit-portal-service-512.com
29,29,0,1,3,0,4,0,0,0.41025641025641024,0.509323116219668,0,-1,-1,legit-portal-service-2172.com
29,29,0,1,3,0,4,0,0,0.41025641025641024,0.509323116219668,0,-1,-1,legit-portal-service-4866.com
29,29,0,1,3,0,4,0,0,0.41025641025641024,0.509323116219668,0,-1,-1,legit-portal-service-3275.com
27,27,0,1,3,0,2,0,0,0.43243243243243246,0.5308641975308642,0,-1,-1,legit-portal-service-99.com
28,28,0,1,3,0,3,0,0,0.42105263157894735,0.5113756613756614,0,-1,-1,legit-portal-service-361.com
29,29,0,1,3,0,4,0,0,0.41025641025641024,0.509323116219668,0,-1,-1,legit-portal-service-3709.com
29,29,0,1,3,0,4,0,0,0.41025641025641024,0.509323116219668,0,-1,-1,legit-portal-service-2388.com
29,29,0,1,3,0,4,0,0,0.41025641025641024,0.509323116219668,0,-1,-1,legit-portal-service-2189.com
29,29,0,1,3,0,4,0,0,0.41025641025641024,0.509323116219668,0,-1,-1,legit-portal-service-3228.com
29,29,0,1,3,0,4,0,0,0.41025641025641024,0.509323116219668,0,-1,-1,legit-portal-service-4250.com
29,29,0,1,3,0,4,0,0,0.41025641025641024,0.509323116219668,0,-1,-1,legit-portal-service-2987.com
29,29,0,1,3,0,4,0,0,0.41025641025641024,0.509323116219668,0,-1,-1,legit-portal-service-4150.com
29,29,0,1,3,0,4,0,0,0.41025641025641024,0.509323116219668,0,-1,-1,legit-portal-service-4777.com
29,29,0,1,3,0,4,0,0,0.41025641025641024,0.509323116219668,0,-1,-1,legit-portal-service-2157.com
29,29,0,1,3,0,4,0,0,0.41025641025641024,0.509323116219668,0,-1,-1,legit-portal-service-4287.com
29,29,0,1,3,0,4,0,0,0.41025641025641024,0.509323116219668,0,-1,-1,legit-portal-service-4841.com
29,29,0,1,3,0,4,0,0,0.41025641025641024,0.509323116219668,0,-1,-1,legit-portal-service-3020.com
29,29,0,1,3,0,4,0,0,0.41025641025641024,0.509323116219668,0,-1,-1,legit-portal-service-1064.com
28,28,0,1,3,0,3,0,0,0.42105263157894735,0.5113756613756614,0,-1,-1,legit-portal-service-864.com
28,28,0,1,3,0,3,0,0,0.42105263157894735,0.5113756613756614,0,-1,-1,legit-portal-service-154.com
29,29,0,1,3,0,4,0,0,0.41025641025641024,0.509323116219668,0,-1,-1,legit-portal-service-4867.com
29,29,0,1,3,0,4,0,0,0.41025641025641024,0.509323116219668,0,-1,-1,legit-portal-service-4280.com
29,29,0,1,3,0,4,0,0,0.41025641025641024,0.509323116219668,0,-1,-1,legit-portal-service-3131.com
29,29,0,1,3,0,4,0,0,0.41025641025641024,0.509323116219668,0,-1,-1,legit-portal-service-4542.com
29,29,0,1,3,0,4,0,0,0.41025641025641024,0.509323116219668,0,-1,-1,legit-portal-service-3057.com
29,29,0,1,3,0,4,0,0,0.41025641025641024,0.509323116219668,0,-1,-1,legit-portal-service-2763.com
28,28,0,1,3,0,3,0,0,0.42105263157894735,0.5113756613756614,0,-1,-1,legit-portal-service-552.com
29,29,0,1,3,0,4,0,0,0.41025641025641024,0.509323116219668,0,-1,-1,legit-portal-service-4113.com
28,28,0,1,3,0,3,0,0,0.42105263157894735,0.5113756613756614,0,-1,-1,legit-portal-service-404.com
29,29,0,1,3,0,4,0,0,0.41025641025641024,0.509323116219668,0,-1,-1,legit-portal-service-1295.com
29,29,0,1,3,0,4,0,0,0.41025641025641024,0.509323116219668,0,-1,-1,legit-portal-service-2886.com
28,28,0,1,3,0,3,0,0,0.42105263157894735,0.5113756613756614,0,-1,-1,legit-portal-service-305.com
29,29,0,1,3,0,4,0,0,0.41025641025641024,0.509323116219668,0,-1,-1,legit-portal-service-2559.com
29,29,0,1,3,0,4,0,0,0.41025641025641024,0.509323116219668,0,-1,-1,legit-portal-service-4862.com
29,29,0,1,3,0,4,0,0,0.41025641025641024,0.509323116219668,0,-1,-1,legit-portal-service-3985.com
28,28,0,1,3,0,3,0,0,0.42105263157894735,0.5113756613756614,0,-1,-1,legit-portal-service-614.com
29,29,0,1,3,0,4,0,0,0.41025641025641024,0.509323116219668,0,-1,-1,legit-portal-service-3561.com
29,29,0,1,3,0,4,0,0,0.41025641025641024,0.509323116219668,0,-1,-1,legit-portal-service-4234.com
29,29,0,1,3,0,4,0,0,0.41025641025641024,0.509323116219668,0,-1,-1,legit-portal-service-1638.com
29,29,0,1,3,0,4,0,0,0.41025641025641024,0.509323116219668,0,-1,-1,legit-portal-service-3567.com
29,29,0,1,3,0,4,0,0,0.41025641025641024,0.509323116219668,0,-1,-1,legit-portal-service-4522.com
28,28,0,1,3,0,3,0,0,0.42105263157894735,0.5113756613756614,0,-1,-1,legit-portal-service-178.com
29,29,0,1,3,0,4,0,0,0.41025641025641024,0.509323116219668,0,-1,-1,legit-portal-service-2494.com
29,29,0,1,3,0,4,0,0,0.41025641025641024,0.509323116219668,0,-1,-1,legit-portal-service-3702.com
29,29,0,1,3,0,4,0,0,0.41025641025641024,0.509323116219668,0,-1,-1,legit-portal-service-2389.com
27,27,0,1,3,0,2,0,0,0.43243243243243246,0.5308641975308642,0,-1,-1,legit-portal-service-91.com
29,29,0,1,3,0,4,0,0,0.41025641025641024,0.509323116219668,0,-1,-1,legit-portal-service-2449.com
29,29,0,1,3,0,4,0,0,0.41025641025641024,0.509323116219668,0,-1,-1,legit-portal-service-4946.com
28,28,0,1,3,0,3,0,0,0.42105263157894735,0.5113756613756614,0,-1,-1,legit-portal-service-319.com
29,29,0,1,3,0,4,0,0,0.41025641025641024,0.509323116219668,0,-1,-1,legit-portal-service-1001.com
29,29,0,1,3,0,4,0,0,0.41025641025641024,0.509323116219668,0,-1,-1,legit-portal-service-3687.com
29,29,0,1,3,0,4,0,0,0.41025641025641024,0.509323116219668,0,-1,-1,legit-portal-service-3605.com
29,29,0,1,3,0,4,0,0,0.41025641025641024,0.509323116219668,0,-1,-1,legit-portal-service-4201.com
29,29,0,1,3,0,4,0,0,0.41025641025641024,0.509323116219668,0,-1,-1,legit-portal-service-1763.com
29,29,0,1,3,0,4,0,0,0.41025641025641024,0.509323116219668,0,-1,-1,legit-portal-service-2581.com
29,29,0,1,3,0,4,0,0,0.41025641025641024,0.509323116219668,0,-1,-1,legit-portal-service-3540.com
29,29,0,1,3,0,4,0,0,0.41025641025641024,0.509323116219668,0,-1,-1,legit-portal-service-2638.com
29,29,0,1,3,0,4,0,0,0.41025641025641024,0.509323116219668,0,-1,-1,legit-portal-service-2597.com
29,29,0,1,3,0,4,0,0,0.41025641025641024,0.509323116219668,0,-1,-1,legit-portal-service-1907.com
28,28,0,1,3,0,3,0,0,0.42105263157894735,0.5113756613756614,0,-1,-1,legit-portal-service-694.com
29,29,0,1,3,0,4,0,0,0.41025641025641024,0.509323116219668,0,-1,-1,legit-portal-service-1400.com
29,29,0,1,3,0,4,0,0,0.41025641025641024,0.509323116219668,0,-1,-1,legit-portal-service-1590.com
29,29,0,1,3,0,4,0,0,0.41025641025641024,0.509323116219668,0,-1,-1,legit-portal-service-4733.com
29,29,0,1,3,0,4,0,0,0.41025641025641024,0.509323116219668,0,-1,-1,legit-portal-service-1301.com
29,29,0,1,3,0,4,0,0,0.41025641025641024,0.509323116219668,0,-1,-1,legit-portal-service-3464.com
29,29,0,1,3,0,4,0,0,0.41025641025641024,0.509323116219668,0,-1,-1,legit-portal-service-3719.com
29,29,0,1,3,0,4,0,0,0.41025641025641024,0.509323116219668,0,-1,-1,legit-portal-service-1928.com
29,29,0,1,3,0,4,0,0,0.41025641025641024,0.509323116219668,0,-1,-1,legit-portal-service-4906.com
29,29,0,1,3,0,4,0,0,0.41025641025641024,0.509323116219668,0,-1,-1,legit-portal-service-2813.com
29,29,0,1,3,0,4,0,0,0.41025641025641024,0.509323116219668,0,-1,-1,legit-portal-service-1186.com
29,29,0,1,3,0,4,0,0,0.41025641025641024,0.509323116219668,0,-1,-1,legit-portal-service-4429.com
28,28,0,1,3,0,3,0,0,0.42105263157894735,0.5113756613756614,0,-1,-1,legit-portal-service-772.com
29,29,0,1,3,0,4,0,0,0.41025641025641024,0.509323116219668,0,-1,-1,legit-portal-service-4084.com
29,29,0,1,3,0,4,0,0,0.41025641025641024,0.509323116219668,0,-1,-1,legit-portal-service-3303.com
29,29,0,1,3,0,4,0,0,0.41025641025641024,0.509323116219668,0,-1,-1,legit-portal-service-2808.com
28,28,0,1,3,0,3,0,0,0.42105263157894735,0.5113756613756614,0,-1,-1,legit-portal-service-562.com
29,29,0,1,3,0,4,0,0,0.41025641025641024,0.509323116219668,0,-1,-1,legit-portal-service-2682.com
29,29,0,1,3,0,4,0,0,0.41025641025641024,0.509323116219668,0,-1,-1,legit-portal-service-3472.com
29,29,0,1,3,0,4,0,0,0.41025641025641024,0.509323116219668,0,-1,-1,legit-portal-service-3141.com
28,28,0,1,3,0,3,0,0,0.42105263157894735,0.5113756613756614,0,-1,-1,legit-portal-service-994.com
29,29,0,1,3,0,4,0,0,0.41025641025641024,0.509323116219668,0,-1,-1,legit-portal-service-2028.com
28,28,0,1,3,0,3,0,0,0.42105263157894735,0.5113756613756614,0,-1,-1,legit-portal-service-794.com
29,29,0,1,3,0,4,0,0,0.41025641025641024,0.509323116219668,0,-1,-1,legit-portal-service-1691.com
28,28,0,1,3,0,3,0,0,0.42105263157894735,0.5113756613756614,0,-1,-1,legit-portal-service-548.com
29,29,0,1,3,0,4,0,0,0.41025641025641024,0.509323116219668,0,-1,-1,legit-portal-service-4830.com
29,29,0,1,3,0,4,0,0,0.41025641025641024,0.509323116219668,0,-1,-1,legit-portal-service-3307.com
28,28,0,1,3,0,3,0,0,0.42105263157894735,0.5113756613756614,0,-1,-1,legit-portal-service-520.com
29,29,0,1,3,0,4,0,0,0.41025641025641024,0.509323116219668,0,-1,-1,legit-portal-service-4197.com
27,27,0,1,3,0,2,0,0,0.43243243243243246,0.5308641975308642,0,-1,-1,legit-portal-service-79.com
29,29,0,1,3,0,4,0,0,0.41025641025641024,0.509323116219668,0,-1,-1,legit-portal-service-2541.com
29,29,0,1,3,0,4,0,0,0.41025641025641024,0.509323116219668,0,-1,-1,legit-portal-service-1164.com
29,29,0,1,3,0,4,0,0,0.41025641025641024,0.509323116219668,0,-1,-1,legit-portal-service-2319.com
29,29,0,1,3,0,4,0,0,0.41025641025641024,0.509323116219668,0,-1,-1,legit-portal-service-2311.com
29,29,0,1,3,0,4,0,0,0.41025641025641024,0.509323116219668,0,-1,-1,legit-portal-service-3720.com
29,29,0,1,3,0,4,0,0,0.41025641025641024,0.509323116219668,0,-1,-1,legit-portal-service-1239.com
29,29,0,1,3,0,4,0,0,0.41025641025641024,0.509323116219668,0,-1,-1,legit-portal-service-1469.com
29,29,0,1,3,0,4,0,0,0.41025641025641024,0.509323116219668,0,-1,-1,legit-portal-service-1615.com
29,29,0,1,3,0,4,0,0,0.41025641025641024,0.509323116219668,0,-1,-1,legit-portal-service-2486.com
28,28,0,1,3,0,3,0,0,0.42105263157894735,0.5113756613756614,0,-1,-1,legit-portal-service-909.com
29,29,0,1,3,0,4,0,0,0.41025641025641024,0.509323116219668,0,-1,-1,legit-portal-service-3139.com
29,29,0,1,3,0,4,0,0,0.41025641025641024,0.509323116219668,0,-1,-1,legit-portal-service-3949.com
29,29,0,1,3,0,4,0,0,0.41025641025641024,0.509323116219668,0,-1,-1,legit-portal-service-2007.com
29,29,0,1,3,0,4,0,0,0.41025641025641024,0.509323116219668,0,-1,-1,legit-portal-service-4819.com
29,29,0,1,3,0,4,0,0,0.41025641025641024,0.509323116219668,0,-1,-1,legit-portal-service-2604.com
29,29,0,1,3,0,4,0,0,0.41025641025641024,0.509323116219668,0,-1,-1,legit-portal-service-2467.com
29,29,0,1,3,0,4,0,0,0.41025641025641024,0.509323116219668,0,-1,-1,legit-portal-service-2149.com
28,28,0,1,3,0,3,0,0,0.42105263157894735,0.5113756613756614,0,-1,-1,legit-portal-service-137.com
29,29,0,1,3,0,4,0,0,0.41025641025641024,0.509323116219668,0,-1,-1,legit-portal-service-4932.com
29,29,0,1,3,0,4,0,0,0.41025641025641024,0.509323116219668,0,-1,-1,legit-portal-service-1011.com
29,29,0,1,3,0,4,0,0,0.41025641025641024,0.509323116219668,0,-1,-1,legit-portal-service-1943.com
28,28,0,1,3,0,3,0,0,0.42105263157894735,0.5113756613756614,0,-1,-1,legit-portal-service-773.com
7,7,0,1,0,0,0,0,0,0.5882352941176471,0.7380952380952381,0,-1,-1,ups.com
28,28,0,1,3,0,3,0,0,0.42105263157894735,0.5113756613756614,0,-1,-1,legit-portal-service-764.com
29,29,0,1,3,0,4,0,0,0.41025641025641024,0.509323116219668,0,-1,-1,legit-portal-service-2848.com
29,29,0,1,3,0,4,0,0,0.41025641025641024,0.509323116219668,0,-1,-1,legit-portal-service-3360.com
29,29,0,1,3,0,4,0,0,0.41025641025641024,0.509323116219668,0,-1,-1,legit-portal-service-2243.com
27,27,0,1,3,0,2,0,0,0.43243243243243246,0.5308641975308642,0,-1,-1,legit-portal-service-20.com
28,28,0,1,3,0,3,0,0,0.42105263157894735,0.5113756613756614,0,-1,-1,legit-portal-service-208.com
29,29,0,1,3,0,4,0,0,0.41025641025641024,0.509323116219668,0,-1,-1,legit-portal-service-1046.com
28,28,0,1,3,0,3,0,0,0.42105263157894735,0.5113756613756614,0,-1,-1,legit-portal-service-949.com
29,29,0,1,3,0,4,0,0,0.41025641025641024,0.509323116219668,0,-1,-1,legit-portal-service-2817.com
29,29,0,1,3,0,4,0,0,0.41025641025641024,0.509323116219668,0,-1,-1,legit-portal-service-2851.com
28,28,0,1,3,0,3,0,0,0.42105263157894735,0.5113756613756614,0,-1,-1,legit-portal-service-555.com
29,29,0,1,3,0,4,0,0,0.41025641025641024,0.509323116219668,0,-1,-1,legit-portal-service-3021.com
29,29,0,1,3,0,4,0,0,0.41025641025641024,0.509323116219668,0,-1,-1,legit-portal-service-2086.com
28,28,0,1,3,0,3,0,0,0.42105263157894735,0.5113756613756614,0,-1,-1,legit-portal-service-104.com
29,29,0,1,3,0,4,0,0,0.41025641025641024,0.509323116219668,0,-1,-1,legit-portal-service-1871.com
29,29,0,1,3,0,4,0,0,0.41025641025641024,0.509323116219668,0,-1,-1,legit-portal-service-4492.com
29,29,0,1,3,0,4,0,0,0.41025641025641024,0.509323116219668,0,-1,-1,legit-portal-service-3596.com
28,28,0,1,3,0,3,0,0,0.42105263157894735,0.5113756613756614,0,-1,-1,legit-portal-service-742.com
28,28,0,1,3,0,3,0,0,0.42105263157894735,0.5113756613756614,0,-1,-1,legit-portal-service-136.com
29,29,0,1,3,0,4,0,0,0.41025641025641024,0.509323116219668,0,-1,-1,legit-portal-service-1546.com
29,29,0,1,3,0,4,0,0,0.41025641025641024,0.509323116219668,0,-1,-1,legit-portal-service-1950.com
29,29,0,1,3,0,4,0,0,0.41025641025641024,0.509323116219668,0,-1,-1,legit-portal-service-3898.com
29,29,0,1,3,0,4,0,0,0.41025641025641024,0.509323116219668,0,-1,-1,legit-portal-service-4179.com
29,29,0,1,3,0,4,0,0,0.41025641025641024,0.509323116219668,0,-1,-1,legit-portal-service-4406.com
29,29,0,1,3,0,4,0,0,0.41025641025641024,0.509323116219668,0,-1,-1,legit-portal-service-4678.com
29,29,0,1,3,0,4,0,0,0.41025641025641024,0.509323116219668,0,-1,-1,legit-portal-service-1603.com
29,29,0,1,3,0,4,0,0,0.41025641025641024,0.509323116219668,0,-1,-1,legit-portal-service-3826.com
26,26,0,1,3,0,1,0,0,0.4444444444444444,0.5327635327635328,0,-1,-1,legit-portal-service-0.com
29,29,0,1,3,0,4,0,0,0.41025641025641024,0.509323116219668,0,-1,-1,legit-portal-service-2473.com
28,28,0,1,3,0,3,0,0,0.42105263157894735,0.5113756613756614,0,-1,-1,legit-portal-service-980.com
28,28,0,1,3,0,3,0,0,0.42105263157894735,0.5113756613756614,0,-1,-1,legit-portal-service-252.com
29,29,0,1,3,0,4,0,0,0.41025641025641024,0.509323116219668,0,-1,-1,legit-portal-service-3235.com
29,29,0,1,3,0,4,0,0,0.41025641025641024,0.509323116219668,0,-1,-1,legit-portal-service-4969.com
27,27,0,1,3,0,2,0,0,0.43243243243243246,0.5308641975308642,0,-1,-1,legit-portal-service-25.com
29,29,0,1,3,0,4,0,0,0.41025641025641024,0.509323116219668,0,-1,-1,legit-portal-service-3780.com
28,28,0,1,3,0,3,0,0,0.42105263157894735,0.5113756613756614,0,-1,-1,legit-portal-service-375.com
28,28,0,1,3,0,3,0,0,0.42105263157894735,0.5113756613756614,0,-1,-1,legit-portal-service-334.com
29,29,0,1,3,0,4,0,0,0.41025641025641024,0.509323116219668,0,-1,-1,legit-portal-service-4868.com
27,27,0,1,3,0,2,0,0,0.43243243243243246,0.5308641975308642,0,-1,-1,legit-portal-service-23.com
28,28,0,1,3,0,3,0,0,0.42105263157894735,0.5113756613756614,0,-1,-1,legit-portal-service-987.com
28,28,0,1,3,0,3,0,0,0.42105263157894735,0.5113756613756614,0,-1,-1,legit-portal-service-827.com
29,29,0,1,3,0,4,0,0,0.41025641025641024,0.509323116219668,0,-1,-1,legit-portal-service-3735.com
29,29,0,1,3,0,4,0,0,0.41025641025641024,0.509323116219668,0,-1,-1,legit-portal-service-2293.com
29,29,0,1,3,0,4,0,0,0.41025641025641024,0.509323116219668,0,-1,-1,legit-portal-service-3182.com
29,29,0,1,3,0,4,0,0,0.41025641025641024,0.509323116219668,0,-1,-1,legit-portal-service-2927.com
29,29,0,1,3,0,4,0,0,0.41025641025641024,0.509323116219668,0,-1,-1,legit-portal-service-2857.com
29,29,0,1,3,0,4,0,0,0.41025641025641024,0.509323116219668,0,-1,-1,legit-portal-service-2212.com
28,28,0,1,3,0,3,0,0,0.42105263157894735,0.5113756613756614,0,-1,-1,legit-portal-service-776.com
29,29,0,1,3,0,4,0,0,0.41025641025641024,0.509323116219668,0,-1,-1,legit-portal-service-3068.com
29,29,0,1,3,0,4,0,0,0.41025641025641024,0.509323116219668,0,-1,-1,legit-portal-service-4926.com
29,29,0,1,3,0,4,0,0,0.41025641025641024,0.509323116219668,0,-1,-1,legit-portal-service-2444.com
29,29,0,1,3,0,4,0,0,0.41025641025641024,0.509323116219668,0,-1,-1,legit-portal-service-2136.com
29,29,0,1,3,0,4,0,0,0.41025641025641024,0.509323116219668,0,-1,-1,legit-portal-service-3928.com
29,29,0,1,3,0,4,0,0,0.41025641025641024,0.509323116219668,0,-1,-1,legit-portal-service-1245.com
29,29,0,1,3,0,4,0,0,0.41025641025641024,0.509323116219668,0,-1,-1,legit-portal-service-1410.com
29,29,0,1,3,0,4,0,0,0.41025641025641024,0.509323116219668,0,-1,-1,legit-portal-service-1225.com
29,29,0,1,3,0,4,0,0,0.41025641025641024,0.509323116219668,0,-1,-1,legit-portal-service-2496.com
29,29,0,1,3,0,4,0,0,0.41025641025641024,0.509323116219668,0,-1,-1,legit-portal-service-1706.com
29,29,0,1,3,0,4,0,0,0.41025641025641024,0.509323116219668,0,-1,-1,legit-portal-service-1830.com
29,29,0,1,3,0,4,0,0,0.41025641025641024,0.509323116219668,0,-1,-1,legit-portal-service-3693.com
29,29,0,1,3,0,4,0,0,0.41025641025641024,0.509323116219668,0,-1,-1,legit-portal-service-2171.com
29,29,0,1,3,0,4,0,0,0.41025641025641024,0.509323116219668,0,-1,-1,legit-portal-service-4912.com
29,29,0,1,3,0,4,0,0,0.41025641025641024,0.509323116219668,0,-1,-1,legit-portal-service-2119.com
29,29,0,1,3,0,4,0,0,0.41025641025641024,0.509323116219668,0,-1,-1,legit-portal-service-2721.com
29,29,0,1,3,0,4,0,0,0.41025641025641024,0.509323116219668,0,-1,-1,legit-portal-service-3388.com
29,29,0,1,3,0,4,0,0,0.41025641025641024,0.509323116219668,0,-1,-1,legit-portal-service-4446.com
29,29,0,1,3,0,4,0,0,0.41025641025641024,0.509323116219668,0,-1,-1,legit-portal-service-4279.com
29,29,0,1,3,0,4,0,0,0.41025641025641024,0.509323116219668,0,-1,-1,legit-portal-service-3503.com
29,29,0,1,3,0,4,0,0,0.41025641025641024,0.509323116219668,0,-1,-1,legit-portal-service-3967.com
29,29,0,1,3,0,4,0,0,0.41025641025641024,0.509323116219668,0,-1,-1,legit-portal-service-4153.com
29,29,0,1,3,0,4,0,0,0.41025641025641024,0.509323116219668,0,-1,-1,legit-portal-service-2017.com
28,28,0,1,3,0,3,0,0,0.42105263157894735,0.5113756613756614,0,-1,-1,legit-portal-service-660.com
29,29,0,1,3,0,4,0,0,0.41025641025641024,0.509323116219668,0,-1,-1,legit-portal-service-2112.com
29,29,0,1,3,0,4,0,0,0.41025641025641024,0.509323116219668,0,-1,-1,legit-portal-service-2966.com
29,29,0,1,3,0,4,0,0,0.41025641025641024,0.509323116219668,0,-1,-1,legit-portal-service-1674.com
28,28,0,1,3,0,3,0,0,0.42105263157894735,0.5113756613756614,0,-1,-1,legit-portal-service-803.com
29,29,0,1,3,0,4,0,0,0.41025641025641024,0.509323116219668,0,-1,-1,legit-portal-service-4773.com
29,29,0,1,3,0,4,0,0,0.41025641025641024,0.509323116219668,0,-1,-1,legit-portal-service-2758.com
29,29,0,1,3,0,4,0,0,0.41025641025641024,0.509323116219668,0,-1,-1,legit-portal-service-3550.com
29,29,0,1,3,0,4,0,0,0.41025641025641024,0.509323116219668,0,-1,-1,legit-portal-service-4178.com
29,29,0,1,3,0,4,0,0,0.41025641025641024,0.509323116219668,0,-1,-1,legit-portal-service-4976.com
29,29,0,1,3,0,4,0,0,0.41025641025641024,0.509323116219668,0,-1,-1,legit-portal-service-2625.com
29,29,0,1,3,0,4,0,0,0.41025641025641024,0.509323116219668,0,-1,-1,legit-portal-service-2317.com
28,28,0,1,3,0,3,0,0,0.42105263157894735,0.5113756613756614,0,-1,-1,legit-portal-service-278.com
29,29,0,1,3,0,4,0,0,0.41025641025641024,0.509323116219668,0,-1,-1,legit-portal-service-2135.com
29,29,0,1,3,0,4,0,0,0.41025641025641024,0.509323116219668,0,-1,-1,legit-portal-service-4904.com
28,28,0,1,3,0,3,0,0,0.42105263157894735,0.5113756613756614,0,-1,-1,legit-portal-service-225.com
29,29,0,1,3,0,4,0,0,0.41025641025641024,0.509323116219668,0,-1,-1,legit-portal-service-1958.com
29,29,0,1,3,0,4,0,0,0.41025641025641024,0.509323116219668,0,-1,-1,legit-portal-service-1439.com
29,29,0,1,3,0,4,0,0,0.41025641025641024,0.509323116219668,0,-1,-1,legit-portal-service-2234.com
29,29,0,1,3,0,4,0,0,0.41025641025641024,0.509323116219668,0,-1,-1,legit-portal-service-3114.com
29,29,0,1,3,0,4,0,0,0.41025641025641024,0.509323116219668,0,-1,-1,legit-portal-service-4444.com
29,29,0,1,3,0,4,0,0,0.41025641025641024,0.509323116219668,0,-1,-1,legit-portal-service-2352.com
29,29,0,1,3,0,4,0,0,0.41025641025641024,0.509323116219668,0,-1,-1,legit-portal-service-4856.com
29,29,0,1,3,0,4,0,0,0.41025641025641024,0.509323116219668,0,-1,-1,legit-portal-service-1275.com
29,29,0,1,3,0,4,0,0,0.41025641025641024,0.509323116219668,0,-1,-1,legit-portal-service-3214.com
28,28,0,1,3,0,3,0,0,0.42105263157894735,0.5113756613756614,0,-1,-1,legit-portal-service-192.com
29,29,0,1,3,0,4,0,0,0.41025641025641024,0.509323116219668,0,-1,-1,legit-portal-service-4376.com
29,29,0,1,3,0,4,0,0,0.41025641025641024,0.509323116219668,0,-1,-1,legit-portal-service-4954.com
29,29,0,1,3,0,4,0,0,0.41025641025641024,0.509323116219668,0,-1,-1,legit-portal-service-1218.com
29,29,0,1,3,0,4,0,0,0.41025641025641024,0.509323116219668,0,-1,-1,legit-portal-service-1216.com
29,29,0,1,3,0,4,0,0,0.41025641025641024,0.509323116219668,0,-1,-1,legit-portal-service-1596.com
28,28,0,1,3,0,3,0,0,0.42105263157894735,0.5113756613756614,0,-1,-1,legit-portal-service-263.com
29,29,0,1,3,0,4,0,0,0.41025641025641024,0.509323116219668,0,-1,-1,legit-portal-service-2990.com
29,29,0,1,3,0,4,0,0,0.41025641025641024,0.509323116219668,0,-1,-1,legit-portal-service-2270.com
29,29,0,1,3,0,4,0,0,0.41025641025641024,0.509323116219668,0,-1,-1,legit-portal-service-1241.com
29,29,0,1,3,0,4,0,0,0.41025641025641024,0.509323116219668,0,-1,-1,legit-portal-service-4556.com
29,29,0,1,3,0,4,0,0,0.41025641025641024,0.509323116219668,0,-1,-1,legit-portal-service-1412.com
29,29,0,1,3,0,4,0,0,0.41025641025641024,0.509323116219668,0,-1,-1,legit-portal-service-3127.com
29,29,0,1,3,0,4,0,0,0.41025641025641024,0.509323116219668,0,-1,-1,legit-portal-service-3260.com
29,29,0,1,3,0,4,0,0,0.41025641025641024,0.509323116219668,0,-1,-1,legit-portal-service-4281.com
28,28,0,1,3,0,3,0,0,0.42105263157894735,0.5113756613756614,0,-1,-1,legit-portal-service-675.com
29,29,0,1,3,0,4,0,0,0.41025641025641024,0.509323116219668,0,-1,-1,legit-portal-service-1251.com
29,29,0,1,3,0,4,0,0,0.41025641025641024,0.509323116219668,0,-1,-1,legit-portal-service-3798.com
29,29,0,1,3,0,4,0,0,0.41025641025641024,0.509323116219668,0,-1,-1,legit-portal-service-4971.com
28,28,0,1,3,0,3,0,0,0.42105263157894735,0.5113756613756614,0,-1,-1,legit-portal-service-207.com
29,29,0,1,3,0,4,0,0,0.41025641025641024,0.509323116219668,0,-1,-1,legit-portal-service-1427.com
29,29,0,1,3,0,4,0,0,0.41025641025641024,0.509323116219668,0,-1,-1,legit-portal-service-1644.com
29,29,0,1,3,0,4,0,0,0.41025641025641024,0.509323116219668,0,-1,-1,legit-portal-service-2799.com
29,29,0,1,3,0,4,0,0,0.41025641025641024,0.509323116219668,0,-1,-1,legit-portal-service-1977.com
29,29,0,1,3,0,4,0,0,0.41025641025641024,0.509323116219668,0,-1,-1,legit-portal-service-1185.com
29,29,0,1,3,0,4,0,0,0.41025641025641024,0.509323116219668,0,-1,-1,legit-portal-service-3331.com
29,29,0,1,3,0,4,0,0,0.41025641025641024,0.509323116219668,0,-1,-1,legit-portal-service-1148.com
29,29,0,1,3,0,4,0,0,0.41025641025641024,0.509323116219668,0,-1,-1,legit-portal-service-4975.com
29,29,0,1,3,0,4,0,0,0.41025641025641024,0.509323116219668,0,-1,-1,legit-portal-service-3563.com
29,29,0,1,3,0,4,0,0,0.41025641025641024,0.509323116219668,0,-1,-1,legit-portal-service-3969.com
29,29,0,1,3,0,4,0,0,0.41025641025641024,0.509323116219668,0,-1,-1,legit-portal-service-3937.com
29,29,0,1,3,0,4,0,0,0.41025641025641024,0.509323116219668,0,-1,-1,legit-portal-service-4858.com
29,29,0,1,3,0,4,0,0,0.41025641025641024,0.509323116219668,0,-1,-1,legit-portal-service-1441.com
29,29,0,1,3,0,4,0,0,0.41025641025641024,0.509323116219668,0,-1,-1,legit-portal-service-2027.com
29,29,0,1,3,0,4,0,0,0.41025641025641024,0.509323116219668,0,-1,-1,legit-portal-service-3478.com
29,29,0,1,3,0,4,0,0,0.41025641025641024,0.509323116219668,0,-1,-1,legit-portal-service-4907.com
29,29,0,1,3,0,4,0,0,0.41025641025641024,0.509323116219668,0,-1,-1,legit-portal-service-2066.com
29,29,0,1,3,0,4,0,0,0.41025641025641024,0.509323116219668,0,-1,-1,legit-portal-service-3392.com
28,28,0,1,3,0,3,0,0,0.42105263157894735,0.5113756613756614,0,-1,-1,legit-portal-service-635.com
29,29,0,1,3,0,4,0,0,0.41025641025641024,0.509323116219668,0,-1,-1,legit-portal-service-4482.com
29,29,0,1,3,0,4,0,0,0.41025641025641024,0.509323116219668,0,-1,-1,legit-portal-service-1775.com
29,29,0,1,3,0,4,0,0,0.41025641025641024,0.509323116219668,0,-1,-1,legit-portal-service-2144.com
29,29,0,1,3,0,4,0,0,0.41025641025641024,0.509323116219668,0,-1,-1,legit-portal-service-4632.com
28,28,0,1,3,0,3,0,0,0.42105263157894735,0.5113756613756614,0,-1,-1,legit-portal-service-434.com
29,29,0,1,3,0,4,0,0,0.41025641025641024,0.509323116219668,0,-1,-1,legit-portal-service-4708.com
8,8,0,2,0,0,0,0,0,0.47058823529411764,0.6481481481481481,0,-1,-1,ox.ac.uk
29,29,0,1,3,0,4,0,0,0.41025641025641024,0.509323116219668,0,-1,-1,legit-portal-service-2108.com
28,28,0,1,3,0,3,0,0,0.42105263157894735,0.5113756613756614,0,-1,-1,legit-portal-service-367.com
29,29,0,1,3,0,4,0,0,0.41025641025641024,0.509323116219668,0,-1,-1,legit-portal-service-2186.com
29,29,0,1,3,0,4,0,0,0.41025641025641024,0.509323116219668,0,-1,-1,legit-portal-service-2232.com
28,28,0,1,3,0,3,0,0,0.42105263157894735,0.5113756613756614,0,-1,-1,legit-portal-service-338.com
29,29,0,1,3,0,4,0,0,0.41025641025641024,0.509323116219668,0,-1,-1,legit-portal-service-2055.com
29,29,0,1,3,0,4,0,0,0.41025641025641024,0.509323116219668,0,-1,-1,legit-portal-service-4186.com
29,29,0,1,3,0,4,0,0,0.41025641025641024,0.509323116219668,0,-1,-1,legit-portal-service-3395.com
29,29,0,1,3,0,4,0,0,0.41025641025641024,0.509323116219668,0,-1,-1,legit-portal-service-4083.com
29,29,0,1,3,0,4,0,0,0.41025641025641024,0.509323116219668,0,-1,-1,legit-portal-service-4914.com
28,28,0,1,3,0,3,0,0,0.42105263157894735,0.5113756613756614,0,-1,-1,legit-portal-service-424.com
29,29,0,1,3,0,4,0,0,0.41025641025641024,0.509323116219668,0,-1,-1,legit-portal-service-4469.com
29,29,0,1,3,0,4,0,0,0.41025641025641024,0.509323116219668,0,-1,-1,legit-portal-service-4194.com
29,29,0,1,3,0,4,0,0,0.41025641025641024,0.509323116219668,0,-1,-1,legit-portal-service-3032.com
29,29,0,1,3,0,4,0,0,0.41025641025641024,0.509323116219668,0,-1,-1,legit-portal-service-3559.com
29,29,0,1,3,0,4,0,0,0.41025641025641024,0.509323116219668,0,-1,-1,legit-portal-service-1885.com
29,29,0,1,3,0,4,0,0,0.41025641025641024,0.509323116219668,0,-1,-1,legit-portal-service-2787.com
27,27,0,1,3,0,2,0,0,0.43243243243243246,0.5308641975308642,0,-1,-1,legit-portal-service-11.com
29,29,0,1,3,0,4,0,0,0.41025641025641024,0.509323116219668,0,-1,-1,legit-portal-service-4731.com
29,29,0,1,3,0,4,0,0,0.41025641025641024,0.509323116219668,0,-1,-1,legit-portal-service-1115.com
29,29,0,1,3,0,4,0,0,0.41025641025641024,0.509323116219668,0,-1,-1,legit-portal-service-4118.com
29,29,0,1,3,0,4,0,0,0.41025641025641024,0.509323116219668,0,-1,-1,legit-portal-service-4170.com
29,29,0,1,3,0,4,0,0,0.41025641025641024,0.509323116219668,0,-1,-1,legit-portal-service-3580.com
29,29,0,1,3,0,4,0,0,0.41025641025641024,0.509323116219668,0,-1,-1,legit-portal-service-2421.com
29,29,0,1,3,0,4,0,0,0.41025641025641024,0.509323116219668,0,-1,-1,legit-portal-service-1762.com
29,29,0,1,3,0,4,0,0,0.41025641025641024,0.509323116219668,0,-1,-1,legit-portal-service-2196.com
29,29,0,1,3,0,4,0,0,0.41025641025641024,0.509323116219668,0,-1,-1,legit-portal-service-4685.com
29,29,0,1,3,0,4,0,0,0.41025641025641024,0.509323116219668,0,-1,-1,legit-portal-service-4072.com
29,29,0,1,3,0,4,0,0,0.41025641025641024,0.509323116219668,0,-1,-1,legit-portal-service-3608.com
28,28,0,1,3,0,3,0,0,0.42105263157894735,0.5113756613756614,0,-1,-1,legit-portal-service-574.com
29,29,0,1,3,0,4,0,0,0.41025641025641024,0.509323116219668,0,-1,-1,legit-portal-service-2468.com
29,29,0,1,3,0,4,0,0,0.41025641025641024,0.509323116219668,0,-1,-1,legit-portal-service-1272.com
29,29,0,1,3,0,4,0,0,0.41025641025641024,0.509323116219668,0,-1,-1,legit-portal-service-4823.com
29,29,0,1,3,0,4,0,0,0.41025641025641024,0.509323116219668,0,-1,-1,legit-portal-service-3177.com
29,29,0,1,3,0,4,0,0,0.41025641025641024,0.509323116219668,0,-1,-1,legit-portal-service-4574.com
29,29,0,1,3,0,4,0,0,0.41025641025641024,0.509323116219668,0,-1,-1,legit-portal-service-1330.com
29,29,0,1,3,0,4,0,0,0.41025641025641024,0.509323116219668,0,-1,-1,legit-portal-service-4973.com
29,29,0,1,3,0,4,0,0,0.41025641025641024,0.509323116219668,0,-1,-1,legit-portal-service-4723.com
28,28,0,1,3,0,3,0,0,0.42105263157894735,0.5113756613756614,0,-1,-1,legit-portal-service-964.com
29,29,0,1,3,0,4,0,0,0.41025641025641024,0.509323116219668,0,-1,-1,legit-portal-service-2065.com
29,29,0,1,3,0,4,0,0,0.41025641025641024,0.509323116219668,0,-1,-1,legit-portal-service-1858.com
29,29,0,1,3,0,4,0,0,0.41025641025641024,0.509323116219668,0,-1,-1,legit-portal-service-4638.com
29,29,0,1,3,0,4,0,0,0.41025641025641024,0.509323116219668,0,-1,-1,legit-portal-service-2977.com
28,28,0,1,3,0,3,0,0,0.42105263157894735,0.5113756613756614,0,-1,-1,legit-portal-service-200.com
29,29,0,1,3,0,4,0,0,0.41025641025641024,0.509323116219668,0,-1,-1,legit-portal-service-4326.com
29,29,0,1,3,0,4,0,0,0.41025641025641024,0.509323116219668,0,-1,-1,legit-portal-service-3749.com
28,28,0,1,3,0,3,0,0,0.42105263157894735,0.5113756613756614,0,-1,-1,legit-portal-service-220.com
28,28,0,1,3,0,3,0,0,0.42105263157894735,0.5113756613756614,0,-1,-1,legit-portal-service-979.com
29,29,0,1,3,0,4,0,0,0.41025641025641024,0.509323116219668,0,-1,-1,legit-portal-service-1402.com
29,29,0,1,3,0,4,0,0,0.41025641025641024,0.509323116219668,0,-1,-1,legit-portal-service-1478.com
29,29,0,1,3,0,4,0,0,0.41025641025641024,0.509323116219668,0,-1,-1,legit-portal-service-3117.com
29,29,0,1,3,0,4,0,0,0.41025641025641024,0.509323116219668,0,-1,-1,legit-portal-service-3064.com
29,29,0,1,3,0,4,0,0,0.41025641025641024,0.509323116219668,0,-1,-1,legit-portal-service-1120.com
29,29,0,1,3,0,4,0,0,0.41025641025641024,0.509323116219668,0,-1,-1,legit-portal-service-2087.com
29,29,0,1,3,0,4,0,0,0.41025641025641024,0.509323116219668,0,-1,-1,legit-portal-service-2390.com
29,29,0,1,3,0,4,0,0,0.41025641025641024,0.509323116219668,0,-1,-1,legit-portal-service-2275.com
28,28,0,1,3,0,3,0,0,0.42105263157894735,0.5113756613756614,0,-1,-1,legit-portal-service-564.com
29,29,0,1,3,0,4,0,0,0.41025641025641024,0.509323116219668,0,-1,-1,legit-portal-service-2224.com
29,29,0,1,3,0,4,0,0,0.41025641025641024,0.509323116219668,0,-1,-1,legit-portal-service-1714.com
29,29,0,1,3,0,4,0,0,0.41025641025641024,0.509323116219668,0,-1,-1,legit-portal-service-4164.com
29,29,0,1,3,0,4,0,0,0.41025641025641024,0.509323116219668,0,-1,-1,legit-portal-service-2911.com
29,29,0,1,3,0,4,0,0,0.41025641025641024,0.509323116219668,0,-1,-1,legit-portal-service-3862.com
28,28,0,1,3,0,3,0,0,0.42105263157894735,0.5113756613756614,0,-1,-1,legit-portal-service-848.com
29,29,0,1,3,0,4,0,0,0.41025641025641024,0.509323116219668,0,-1,-1,legit-portal-service-1594.com
28,28,0,1,3,0,3,0,0,0.42105263157894735,0.5113756613756614,0,-1,-1,legit-portal-service-550.com
28,28,0,1,3,0,3,0,0,0.42105263157894735,0.5113756613756614,0,-1,-1,legit-portal-service-112.com
29,29,0,1,3,0,4,0,0,0.41025641025641024,0.509323116219668,0,-1,-1,legit-portal-service-4520.com
29,29,0,1,3,0,4,0,0,0.41025641025641024,0.509323116219668,0,-1,-1,legit-portal-service-3855.com
29,29,0,1,3,0,4,0,0,0.41025641025641024,0.509323116219668,0,-1,-1,legit-portal-service-1657.com
28,28,0,1,3,0,3,0,0,0.42105263157894735,0.5113756613756614,0,-1,-1,legit-portal-service-982.com
29,29,0,1,3,0,4,0,0,0.41025641025641024,0.509323116219668,0,-1,-1,legit-portal-service-3860.com
29,29,0,1,3,0,4,0,0,0.41025641025641024,0.509323116219668,0,-1,-1,legit-portal-service-4317.com
28,28,0,1,3,0,3,0,0,0.42105263157894735,0.5113756613756614,0,-1,-1,legit-portal-service-992.com
29,29,0,1,3,0,4,0,0,0.41025641025641024,0.509323116219668,0,-1,-1,legit-portal-service-2490.com
28,28,0,1,3,0,3,0,0,0.42105263157894735,0.5113756613756614,0,-1,-1,legit-portal-service-216.com
29,29,0,1,3,0,4,0,0,0.41025641025641024,0.509323116219668,0,-1,-1,legit-portal-service-3443.com
29,29,0,1,3,0,4,0,0,0.41025641025641024,0.509323116219668,0,-1,-1,legit-portal-service-3902.com
29,29,0,1,3,0,4,0,0,0.41025641025641024,0.509323116219668,0,-1,-1,legit-portal-service-2080.com
28,28,0,1,3,0,3,0,0,0.42105263157894735,0.5113756613756614,0,-1,-1,legit-portal-service-351.com
29,29,0,1,3,0,4,0,0,0.41025641025641024,0.509323116219668,0,-1,-1,legit-portal-service-2781.com
29,29,0,1,3,0,4,0,0,0.41025641025641024,0.509323116219668,0,-1,-1,legit-portal-service-3674.com
29,29,0,1,3,0,4,0,0,0.41025641025641024,0.509323116219668,0,-1,-1,legit-portal-service-3896.com
29,29,0,1,3,0,4,0,0,0.41025641025641024,0.509323116219668,0,-1,-1,legit-portal-service-3241.com
27,27,0,1,3,0,2,0,0,0.43243243243243246,0.5308641975308642,0,-1,-1,legit-portal-service-27.com
29,29,0,1,3,0,4,0,0,0.41025641025641024,0.509323116219668,0,-1,-1,legit-portal-service-3048.com
29,29,0,1,3,0,4,0,0,0.41025641025641024,0.509323116219668,0,-1,-1,legit-portal-service-2336.com
28,28,0,1,3,0,3,0,0,0.42105263157894735,0.5113756613756614,0,-1,-1,legit-portal-service-904.com
28,28,0,1,3,0,3,0,0,0.42105263157894735,0.5113756613756614,0,-1,-1,legit-portal-service-194.com
29,29,0,1,3,0,4,0,0,0.41025641025641024,0.509323116219668,0,-1,-1,legit-portal-service-4495.com
29,29,0,1,3,0,4,0,0,0.41025641025641024,0.509323116219668,0,-1,-1,legit-portal-service-4573.com
28,28,0,1,3,0,3,0,0,0.42105263157894735,0.5113756613756614,0,-1,-1,legit-portal-service-155.com
29,29,0,1,3,0,4,0,0,0.41025641025641024,0.509323116219668,0,-1,-1,legit-portal-service-1267.com
28,28,0,1,3,0,3,0,0,0.42105263157894735,0.5113756613756614,0,-1,-1,legit-portal-service-868.com
29,29,0,1,3,0,4,0,0,0.41025641025641024,0.509323116219668,0,-1,-1,legit-portal-service-1284.com
29,29,0,1,3,0,4,0,0,0.41025641025641024,0.509323116219668,0,-1,-1,legit-portal-service-4810.com
28,28,0,1,3,0,3,0,0,0.42105263157894735,0.5113756613756614,0,-1,-1,legit-portal-service-724.com
27,27,0,1,3,0,2,0,0,0.43243243243243246,0.5308641975308642,0,-1,-1,legit-portal-service-75.com
29,29,0,1,3,0,4,0,0,0.41025641025641024,0.509323116219668,0,-1,-1,legit-portal-service-3077.com
28,28,0,1,3,0,3,0,0,0.42105263157894735,0.5113756613756614,0,-1,-1,legit-portal-service-229.com
29,29,0,1,3,0,4,0,0,0.41025641025641024,0.509323116219668,0,-1,-1,legit-portal-service-1875.com
28,28,0,1,3,0,3,0,0,0.42105263157894735,0.5113756613756614,0,-1,-1,legit-portal-service-286.com
29,29,0,1,3,0,4,0,0,0.41025641025641024,0.509323116219668,0,-1,-1,legit-portal-service-2620.com
29,29,0,1,3,0,4,0,0,0.41025641025641024,0.509323116219668,0,-1,-1,legit-portal-service-3153.com
29,29,0,1,3,0,4,0,0,0.41025641025641024,0.509323116219668,0,-1,-1,legit-portal-service-4886.com
29,29,0,1,3,0,4,0,0,0.41025641025641024,0.509323116219668,0,-1,-1,legit-portal-service-2827.com
28,28,0,1,3,0,3,0,0,0.42105263157894735,0.5113756613756614,0,-1,-1,legit-portal-service-478.com
29,29,0,1,3,0,4,0,0,0.41025641025641024,0.509323116219668,0,-1,-1,legit-portal-service-1308.com
29,29,0,1,3,0,4,0,0,0.41025641025641024,0.509323116219668,0,-1,-1,legit-portal-service-2642.com
29,29,0,1,3,0,4,0,0,0.41025641025641024,0.509323116219668,0,-1,-1,legit-portal-service-3679.com
28,28,0,1,3,0,3,0,0,0.42105263157894735,0.5113756613756614,0,-1,-1,legit-portal-service-475.com
28,28,0,1,3,0,3,0,0,0.42105263157894735,0.5113756613756614,0,-1,-1,legit-portal-service-349.com
29,29,0,1,3,0,4,0,0,0.41025641025641024,0.509323116219668,0,-1,-1,legit-portal-service-1417.com
29,29,0,1,3,0,4,0,0,0.41025641025641024,0.509323116219668,0,-1,-1,legit-portal-service-4148.com
29,29,0,1,3,0,4,0,0,0.41025641025641024,0.509323116219668,0,-1,-1,legit-portal-service-4267.com
29,29,0,1,3,0,4,0,0,0.41025641025641024,0.509323116219668,0,-1,-1,legit-portal-service-3384.com
27,27,0,1,3,0,2,0,0,0.43243243243243246,0.5308641975308642,0,-1,-1,legit-portal-service-37.com
29,29,0,1,3,0,4,0,0,0.41025641025641024,0.509323116219668,0,-1,-1,legit-portal-service-2912.com
28,28,0,1,3,0,3,0,0,0.42105263157894735,0.5113756613756614,0,-1,-1,legit-portal-service-133.com
9,9,0,1,0,0,0,0,0,0.5263157894736843,0.6851851851851851,0,-1,-1,quora.com
27,27,0,1,3,0,2,0,0,0.43243243243243246,0.5308641975308642,0,-1,-1,legit-portal-service-48.com
29,29,0,1,3,0,4,0,0,0.41025641025641024,0.509323116219668,0,-1,-1,legit-portal-service-3072.com
29,29,0,1,3,0,4,0,0,0.41025641025641024,0.509323116219668,0,-1,-1,legit-portal-service-2240.com
28,28,0,1,3,0,3,0,0,0.42105263157894735,0.5113756613756614,0,-1,-1,legit-portal-service-467.com
29,29,0,1,3,0,4,0,0,0.41025641025641024,0.509323116219668,0,-1,-1,legit-portal-service-1843.com
28,28,0,1,3,0,3,0,0,0.42105263157894735,0.5113756613756614,0,-1,-1,legit-portal-service-214.com
28,28,0,1,3,0,3,0,0,0.42105263157894735,0.5113756613756614,0,-1,-1,legit-portal-service-355.com
27,27,0,1,3,0,2,0,0,0.43243243243243246,0.5308641975308642,0,-1,-1,legit-portal-service-39.com
29,29,0,1,3,0,4,0,0,0.41025641025641024,0.509323116219668,0,-1,-1,legit-portal-service-2268.com
27,27,0,1,3,0,2,0,0,0.43243243243243246,0.5308641975308642,0,-1,-1,legit-portal-service-85.com
29,29,0,1,3,0,4,0,0,0.41025641025641024,0.509323116219668,0,-1,-1,legit-portal-service-4143.com
29,29,0,1,3,0,4,0,0,0.41025641025641024,0.509323116219668,0,-1,-1,legit-portal-service-3147.com
29,29,0,1,3,0,4,0,0,0.41025641025641024,0.509323116219668,0,-1,-1,legit-portal-service-1490.com
29,29,0,1,3,0,4,0,0,0.41025641025641024,0.509323116219668,0,-1,-1,legit-portal-service-3768.com
29,29,0,1,3,0,4,0,0,0.41025641025641024,0.509323116219668,0,-1,-1,legit-portal-service-3760.com
28,28,0,1,3,0,3,0,0,0.42105263157894735,0.5113756613756614,0,-1,-1,legit-portal-service-240.com
29,29,0,1,3,0,4,0,0,0.41025641025641024,0.509323116219668,0,-1,-1,legit-portal-service-4891.com
29,29,0,1,3,0,4,0,0,0.41025641025641024,0.509323116219668,0,-1,-1,legit-portal-service-4808.com
28,28,0,1,3,0,3,0,0,0.42105263157894735,0.5113756613756614,0,-1,-1,legit-portal-service-682.com
28,28,0,1,3,0,3,0,0,0.42105263157894735,0.5113756613756614,0,-1,-1,legit-portal-service-444.com
29,29,0,1,3,0,4,0,0,0.41025641025641024,0.509323116219668,0,-1,-1,legit-portal-service-2477.com
29,29,0,1,3,0,4,0,0,0.41025641025641024,0.509323116219668,0,-1,-1,legit-portal-service-3469.com
29,29,0,1,3,0,4,0,0,0.41025641025641024,0.509323116219668,0,-1,-1,legit-portal-service-4233.com
28,28,0,1,3,0,3,0,0,0.42105263157894735,0.5113756613756614,0,-1,-1,legit-portal-service-678.com
29,29,0,1,3,0,4,0,0,0.41025641025641024,0.509323116219668,0,-1,-1,legit-portal-service-1609.com
29,29,0,1,3,0,4,0,0,0.41025641025641024,0.509323116219668,0,-1,-1,legit-portal-service-1048.com
29,29,0,1,3,0,4,0,0,0.41025641025641024,0.509323116219668,0,-1,-1,legit-portal-service-2093.com
29,29,0,1,3,0,4,0,0,0.41025641025641024,0.509323116219668,0,-1,-1,legit-portal-service-4091.com
29,29,0,1,3,0,4,0,0,0.41025641025641024,0.509323116219668,0,-1,-1,legit-portal-service-3556.com
27,27,0,1,3,0,2,0,0,0.43243243243243246,0.5308641975308642,0,-1,-1,legit-portal-service-97.com
29,29,0,1,3,0,4,0,0,0.41025641025641024,0.509323116219668,0,-1,-1,legit-portal-service-4758.com
29,29,0,1,3,0,4,0,0,0.41025641025641024,0.509323116219668,0,-1,-1,legit-portal-service-4525.com
29,29,0,1,3,0,4,0,0,0.41025641025641024,0.509323116219668,0,-1,-1,legit-portal-service-2575.com
29,29,0,1,3,0,4,0,0,0.41025641025641024,0.509323116219668,0,-1,-1,legit-portal-service-1250.com
29,29,0,1,3,0,4,0,0,0.41025641025641024,0.509323116219668,0,-1,-1,legit-portal-service-4321.com
29,29,0,1,3,0,4,0,0,0.41025641025641024,0.509323116219668,0,-1,-1,legit-portal-service-3434.com
29,29,0,1,3,0,4,0,0,0.41025641025641024,0.509323116219668,0,-1,-1,legit-portal-service-3414.com
26,26,0,1,3,0,1,0,0,0.4444444444444444,0.5327635327635328,0,-1,-1,legit-portal-service-4.com
28,28,0,1,3,0,3,0,0,0.42105263157894735,0.5113756613756614,0,-1,-1,legit-portal-service-517.com
28,28,0,1,3,0,3,0,0,0.42105263157894735,0.5113756613756614,0,-1,-1,legit-portal-service-588.com
29,29,0,1,3,0,4,0,0,0.41025641025641024,0.509323116219668,0,-1,-1,legit-portal-service-4347.com
29,29,0,1,3,0,4,0,0,0.41025641025641024,0.509323116219668,0,-1,-1,legit-portal-service-2668.com
29,29,0,1,3,0,4,0,0,0.41025641025641024,0.509323116219668,0,-1,-1,legit-portal-service-2749.com
29,29,0,1,3,0,4,0,0,0.41025641025641024,0.509323116219668,0,-1,-1,legit-portal-service-1493.com
29,29,0,1,3,0,4,0,0,0.41025641025641024,0.509323116219668,0,-1,-1,legit-portal-service-1286.com
29,29,0,1,3,0,4,0,0,0.41025641025641024,0.509323116219668,0,-1,-1,legit-portal-service-2794.com
7,7,0,1,0,0,0,0,0,0.4,0.5873015873015873,0,-1,-1,mit.edu
29,29,0,1,3,0,4,0,0,0.41025641025641024,0.509323116219668,0,-1,-1,legit-portal-service-1559.com
29,29,0,1,3,0,4,0,0,0.41025641025641024,0.509323116219668,0,-1,-1,legit-portal-service-2955.com
29,29,0,1,3,0,4,0,0,0.41025641025641024,0.509323116219668,0,-1,-1,legit-portal-service-4682.com
28,28,0,1,3,0,3,0,0,0.42105263157894735,0.5113756613756614,0,-1,-1,legit-portal-service-164.com
29,29,0,1,3,0,4,0,0,0.41025641025641024,0.509323116219668,0,-1,-1,legit-portal-service-2000.com
29,29,0,1,3,0,4,0,0,0.41025641025641024,0.509323116219668,0,-1,-1,legit-portal-service-3233.com
29,29,0,1,3,0,4,0,0,0.41025641025641024,0.509323116219668,0,-1,-1,legit-portal-service-3803.com
28,28,0,1,3,0,3,0,0,0.42105263157894735,0.5113756613756614,0,-1,-1,legit-portal-service-683.com
29,29,0,1,3,0,4,0,0,0.41025641025641024,0.509323116219668,0,-1,-1,legit-portal-service-3843.com
29,29,0,1,3,0,4,0,0,0.41025641025641024,0.509323116219668,0,-1,-1,legit-portal-service-2517.com
29,29,0,1,3,0,4,0,0,0.41025641025641024,0.509323116219668,0,-1,-1,legit-portal-service-3481.com
29,29,0,1,3,0,4,0,0,0.41025641025641024,0.509323116219668,0,-1,-1,legit-portal-service-3004.com
29,29,0,1,3,0,4,0,0,0.41025641025641024,0.509323116219668,0,-1,-1,legit-portal-service-2258.com
28,28,0,1,3,0,3,0,0,0.42105263157894735,0.5113756613756614,0,-1,-1,legit-portal-service-896.com
29,29,0,1,3,0,4,0,0,0.41025641025641024,0.509323116219668,0,-1,-1,legit-portal-service-2321.com
29,29,0,1,3,0,4,0,0,0.41025641025641024,0.509323116219668,0,-1,-1,legit-portal-service-3655.com
28,28,0,1,3,0,3,0,0,0.42105263157894735,0.5113756613756614,0,-1,-1,legit-portal-service-272.com
29,29,0,1,3,0,4,0,0,0.41025641025641024,0.509323116219668,0,-1,-1,legit-portal-service-2869.com
29,29,0,1,3,0,4,0,0,0.41025641025641024,0.509323116219668,0,-1,-1,legit-portal-service-3015.com
29,29,0,1,3,0,4,0,0,0.41025641025641024,0.509323116219668,0,-1,-1,legit-portal-service-1627.com
29,29,0,1,3,0,4,0,0,0.41025641025641024,0.509323116219668,0,-1,-1,legit-portal-service-3373.com
29,29,0,1,3,0,4,0,0,0.41025641025641024,0.509323116219668,0,-1,-1,legit-portal-service-2307.com
29,29,0,1,3,0,4,0,0,0.41025641025641024,0.509323116219668,0,-1,-1,legit-portal-service-2588.com
29,29,0,1,3,0,4,0,0,0.41025641025641024,0.509323116219668,0,-1,-1,legit-portal-service-3288.com
29,29,0,1,3,0,4,0,0,0.41025641025641024,0.509323116219668,0,-1,-1,legit-portal-service-3894.com
28,28,0,1,3,0,3,0,0,0.42105263157894735,0.5113756613756614,0,-1,-1,legit-portal-service-149.com
29,29,0,1,3,0,4,0,0,0.41025641025641024,0.509323116219668,0,-1,-1,legit-portal-service-4609.com
29,29,0,1,3,0,4,0,0,0.41025641025641024,0.509323116219668,0,-1,-1,legit-portal-service-3851.com
29,29,0,1,3,0,4,0,0,0.41025641025641024,0.509323116219668,0,-1,-1,legit-portal-service-1404.com
29,29,0,1,3,0,4,0,0,0.41025641025641024,0.509323116219668,0,-1,-1,legit-portal-service-1144.com
29,29,0,1,3,0,4,0,0,0.41025641025641024,0.509323116219668,0,-1,-1,legit-portal-service-2060.com
29,29,0,1,3,0,4,0,0,0.41025641025641024,0.509323116219668,0,-1,-1,legit-portal-service-3807.com
29,29,0,1,3,0,4,0,0,0.41025641025641024,0.509323116219668,0,-1,-1,legit-portal-service-1607.com
29,29,0,1,3,0,4,0,0,0.41025641025641024,0.509323116219668,0,-1,-1,legit-portal-service-4983.com
29,29,0,1,3,0,4,0,0,0.41025641025641024,0.509323116219668,0,-1,-1,legit-portal-service-2480.com
29,29,0,1,3,0,4,0,0,0.41025641025641024,0.509323116219668,0,-1,-1,legit-portal-service-2110.com
29,29,0,1,3,0,4,0,0,0.41025641025641024,0.509323116219668,0,-1,-1,legit-portal-service-3027.com
29,29,0,1,3,0,4,0,0,0.41025641025641024,0.509323116219668,0,-1,-1,legit-portal-service-1765.com
29,29,0,1,3,0,4,0,0,0.41025641025641024,0.509323116219668,0,-1,-1,legit-portal-service-2980.com
29,29,0,1,3,0,4,0,0,0.41025641025641024,0.509323116219668,0,-1,-1,legit-portal-service-1818.com
29,29,0,1,3,0,4,0,0,0.41025641025641024,0.509323116219668,0,-1,-1,legit-portal-service-4784.com
28,28,0,1,3,0,3,0,0,0.42105263157894735,0.5113756613756614,0,-1,-1,legit-portal-service-613.com
29,29,0,1,3,0,4,0,0,0.41025641025641024,0.509323116219668,0,-1,-1,legit-portal-service-2469.com
29,29,0,1,3,0,4,0,0,0.41025641025641024,0.509323116219668,0,-1,-1,legit-portal-service-4136.com
29,29,0,1,3,0,4,0,0,0.41025641025641024,0.509323116219668,0,-1,-1,legit-portal-service-2861.com
27,27,0,1,3,0,2,0,0,0.43243243243243246,0.5308641975308642,0,-1,-1,legit-portal-service-63.com
29,29,0,1,3,0,4,0,0,0.41025641025641024,0.509323116219668,0,-1,-1,legit-portal-service-3955.com
29,29,0,1,3,0,4,0,0,0.41025641025641024,0.509323116219668,0,-1,-1,legit-portal-service-4341.com
29,29,0,1,3,0,4,0,0,0.41025641025641024,0.509323116219668,0,-1,-1,legit-portal-service-1072.com
29,29,0,1,3,0,4,0,0,0.41025641025641024,0.509323116219668,0,-1,-1,legit-portal-service-1704.com
29,29,0,1,3,0,4,0,0,0.41025641025641024,0.509323116219668,0,-1,-1,legit-portal-service-4699.com
11,11,0,1,0,0,0,0,0,0.5833333333333333,0.7257187257187256,0,-1,-1,spotify.com
29,29,0,1,3,0,4,0,0,0.41025641025641024,0.509323116219668,0,-1,-1,legit-portal-service-1302.com
28,28,0,1,3,0,3,0,0,0.42105263157894735,0.5113756613756614,0,-1,-1,legit-portal-service-300.com
29,29,0,1,3,0,4,0,0,0.41025641025641024,0.509323116219668,0,-1,-1,legit-portal-service-2767.com
28,28,0,1,3,0,3,0,0,0.42105263157894735,0.5113756613756614,0,-1,-1,legit-portal-service-999.com
29,29,0,1,3,0,4,0,0,0.41025641025641024,0.509323116219668,0,-1,-1,legit-portal-service-2845.com
29,29,0,1,3,0,4,0,0,0.41025641025641024,0.509323116219668,0,-1,-1,legit-portal-service-3259.com
29,29,0,1,3,0,4,0,0,0.41025641025641024,0.509323116219668,0,-1,-1,legit-portal-service-1021.com
29,29,0,1,3,0,4,0,0,0.41025641025641024,0.509323116219668,0,-1,-1,legit-portal-service-1032.com
28,28,0,1,3,0,3,0,0,0.42105263157894735,0.5113756613756614,0,-1,-1,legit-portal-service-430.com
29,29,0,1,3,0,4,0,0,0.41025641025641024,0.509323116219668,0,-1,-1,legit-portal-service-1281.com
29,29,0,1,3,0,4,0,0,0.41025641025641024,0.509323116219668,0,-1,-1,legit-portal-service-1457.com
29,29,0,1,3,0,4,0,0,0.41025641025641024,0.509323116219668,0,-1,-1,legit-portal-service-1494.com
29,29,0,1,3,0,4,0,0,0.41025641025641024,0.509323116219668,0,-1,-1,legit-portal-service-3375.com
28,28,0,1,3,0,3,0,0,0.42105263157894735,0.5113756613756614,0,-1,-1,legit-portal-service-796.com
29,29,0,1,3,0,4,0,0,0.41025641025641024,0.509323116219668,0,-1,-1,legit-portal-service-3607.com
29,29,0,1,3,0,4,0,0,0.41025641025641024,0.509323116219668,0,-1,-1,legit-portal-service-2760.com
29,29,0,1,3,0,4,0,0,0.41025641025641024,0.509323116219668,0,-1,-1,legit-portal-service-4021.com
29,29,0,1,3,0,4,0,0,0.41025641025641024,0.509323116219668,0,-1,-1,legit-portal-service-3340.com
29,29,0,1,3,0,4,0,0,0.41025641025641024,0.509323116219668,0,-1,-1,legit-portal-service-4958.com
28,28,0,1,3,0,3,0,0,0.42105263157894735,0.5113756613756614,0,-1,-1,legit-portal-service-141.com
29,29,0,1,3,0,4,0,0,0.41025641025641024,0.509323116219668,0,-1,-1,legit-portal-service-1117.com
29,29,0,1,3,0,4,0,0,0.41025641025641024,0.509323116219668,0,-1,-1,legit-portal-service-3975.com
29,29,0,1,3,0,4,0,0,0.41025641025641024,0.509323116219668,0,-1,-1,legit-portal-service-3741.com
29,29,0,1,3,0,4,0,0,0.41025641025641024,0.509323116219668,0,-1,-1,legit-portal-service-2249.com
27,27,0,1,3,0,2,0,0,0.43243243243243246,0.5308641975308642,0,-1,-1,legit-portal-service-18.com
29,29,0,1,3,0,4,0,0,0.41025641025641024,0.509323116219668,0,-1,-1,legit-portal-service-4769.com
29,29,0,1,3,0,4,0,0,0.41025641025641024,0.509323116219668,0,-1,-1,legit-portal-service-2683.com
29,29,0,1,3,0,4,0,0,0.41025641025641024,0.509323116219668,0,-1,-1,legit-portal-service-3788.com
28,28,0,1,3,0,3,0,0,0.42105263157894735,0.5113756613756614,0,-1,-1,legit-portal-service-147.com
29,29,0,1,3,0,4,0,0,0.41025641025641024,0.509323116219668,0,-1,-1,legit-portal-service-4397.com
29,29,0,1,3,0,4,0,0,0.41025641025641024,0.509323116219668,0,-1,-1,legit-portal-service-3209.com
28,28,0,1,3,0,3,0,0,0.42105263157894735,0.5113756613756614,0,-1,-1,legit-portal-service-874.com
28,28,0,1,3,0,3,0,0,0.42105263157894735,0.5113756613756614,0,-1,-1,legit-portal-service-222.com
29,29,0,1,3,0,4,0,0,0.41025641025641024,0.509323116219668,0,-1,-1,legit-portal-service-2632.com
29,29,0,1,3,0,4,0,0,0.41025641025641024,0.509323116219668,0,-1,-1,legit-portal-service-2399.com
29,29,0,1,3,0,4,0,0,0.41025641025641024,0.509323116219668,0,-1,-1,legit-portal-service-1139.com
29,29,0,1,3,0,4,0,0,0.41025641025641024,0.509323116219668,0,-1,-1,legit-portal-service-4997.com
29,29,0,1,3,0,4,0,0,0.41025641025641024,0.509323116219668,0,-1,-1,legit-portal-service-4286.com
29,29,0,1,3,0,4,0,0,0.41025641025641024,0.509323116219668,0,-1,-1,legit-portal-service-3149.com
28,28,0,1,3,0,3,0,0,0.42105263157894735,0.5113756613756614,0,-1,-1,legit-portal-service-801.com
29,29,0,1,3,0,4,0,0,0.41025641025641024,0.509323116219668,0,-1,-1,legit-portal-service-1368.com
28,28,0,1,3,0,3,0,0,0.42105263157894735,0.5113756613756614,0,-1,-1,legit-portal-service-364.com
29,29,0,1,3,0,4,0,0,0.41025641025641024,0.509323116219668,0,-1,-1,legit-portal-service-4277.com
29,29,0,1,3,0,4,0,0,0.41025641025641024,0.509323116219668,0,-1,-1,legit-portal-service-3412.com
29,29,0,1,3,0,4,0,0,0.41025641025641024,0.509323116219668,0,-1,-1,legit-portal-service-4498.com
28,28,0,1,3,0,3,0,0,0.42105263157894735,0.5113756613756614,0,-1,-1,legit-portal-service-254.com
29,29,0,1,3,0,4,0,0,0.41025641025641024,0.509323116219668,0,-1,-1,legit-portal-service-4236.com
29,29,0,1,3,0,4,0,0,0.41025641025641024,0.509323116219668,0,-1,-1,legit-portal-service-1832.com
28,28,0,1,3,0,3,0,0,0.42105263157894735,0.5113756613756614,0,-1,-1,legit-portal-service-330.com
28,28,0,1,3,0,3,0,0,0.42105263157894735,0.5113756613756614,0,-1,-1,legit-portal-service-348.com
29,29,0,1,3,0,4,0,0,0.41025641025641024,0.509323116219668,0,-1,-1,legit-portal-service-4987.com
29,29,0,1,3,0,4,0,0,0.41025641025641024,0.509323116219668,0,-1,-1,legit-portal-service-4880.com
28,28,0,1,3,0,3,0,0,0.42105263157894735,0.5113756613756614,0,-1,-1,legit-portal-service-626.com
10,10,0,1,0,0,0,0,0,0.6,0.6777777777777777,0,-1,-1,amazon.com
29,29,0,1,3,0,4,0,0,0.41025641025641024,0.509323116219668,0,-1,-1,legit-portal-service-1694.com
29,29,0,1,3,0,4,0,0,0.41025641025641024,0.509323116219668,0,-1,-1,legit-portal-service-2501.com
29,29,0,1,3,0,4,0,0,0.41025641025641024,0.509323116219668,0,-1,-1,legit-portal-service-2896.com
29,29,0,1,3,0,4,0,0,0.41025641025641024,0.509323116219668,0,-1,-1,legit-portal-service-1957.com
28,28,0,1,3,0,3,0,0,0.42105263157894735,0.5113756613756614,0,-1,-1,legit-portal-service-473.com
29,29,0,1,3,0,4,0,0,0.41025641025641024,0.509323116219668,0,-1,-1,legit-portal-service-2148.com
29,29,0,1,3,0,4,0,0,0.41025641025641024,0.509323116219668,0,-1,-1,legit-portal-service-2324.com
29,29,0,1,3,0,4,0,0,0.41025641025641024,0.509323116219668,0,-1,-1,legit-portal-service-4888.com
14,14,0,1,0,0,0,0,0,0.5,0.6672771672771672,0,-1,-1,salesforce.com
28,28,0,1,3,0,3,0,0,0.42105263157894735,0.5113756613756614,0,-1,-1,legit-portal-service-984.com
28,28,0,1,3,0,3,0,0,0.42105263157894735,0.5113756613756614,0,-1,-1,legit-portal-service-558.com
29,29,0,1,3,0,4,0,0,0.41025641025641024,0.509323116219668,0,-1,-1,legit-portal-service-4133.com
29,29,0,1,3,0,4,0,0,0.41025641025641024,0.509323116219668,0,-1,-1,legit-portal-service-1167.com
29,29,0,1,3,0,4,0,0,0.41025641025641024,0.509323116219668,0,-1,-1,legit-portal-service-2664.com
29,29,0,1,3,0,4,0,0,0.41025641025641024,0.509323116219668,0,-1,-1,legit-portal-service-3976.com
29,29,0,1,3,0,4,0,0,0.41025641025641024,0.509323116219668,0,-1,-1,legit-portal-service-4631.com
29,29,0,1,3,0,4,0,0,0.41025641025641024,0.509323116219668,0,-1,-1,legit-portal-service-3827.com
29,29,0,1,3,0,4,0,0,0.41025641025641024,0.509323116219668,0,-1,-1,legit-portal-service-1841.com
29,29,0,1,3,0,4,0,0,0.41025641025641024,0.509323116219668,0,-1,-1,legit-portal-service-3516.com
29,29,0,1,3,0,4,0,0,0.41025641025641024,0.509323116219668,0,-1,-1,legit-portal-service-1095.com
28,28,0,1,3,0,3,0,0,0.42105263157894735,0.5113756613756614,0,-1,-1,legit-portal-service-991.com
28,28,0,1,3,0,3,0,0,0.42105263157894735,0.5113756613756614,0,-1,-1,legit-portal-service-545.com
29,29,0,1,3,0,4,0,0,0.41025641025641024,0.509323116219668,0,-1,-1,legit-portal-service-1543.com
28,28,0,1,3,0,3,0,0,0.42105263157894735,0.5113756613756614,0,-1,-1,legit-portal-service-308.com
29,29,0,1,3,0,4,0,0,0.41025641025641024,0.509323116219668,0,-1,-1,legit-portal-service-2297.com
29,29,0,1,3,0,4,0,0,0.41025641025641024,0.509323116219668,0,-1,-1,legit-portal-service-1569.com
29,29,0,1,3,0,4,0,0,0.41025641025641024,0.509323116219668,0,-1,-1,legit-portal-service-4539.com
29,29,0,1,3,0,4,0,0,0.41025641025641024,0.509323116219668,0,-1,-1,legit-portal-service-2537.com
28,28,0,1,3,0,3,0,0,0.42105263157894735,0.5113756613756614,0,-1,-1,legit-portal-service-297.com
28,28,0,1,3,0,3,0,0,0.42105263157894735,0.5113756613756614,0,-1,-1,legit-portal-service-346.com
29,29,0,1,3,0,4,0,0,0.41025641025641024,0.509323116219668,0,-1,-1,legit-portal-service-3417.com
29,29,0,1,3,0,4,0,0,0.41025641025641024,0.509323116219668,0,-1,-1,legit-portal-service-1149.com
29,29,0,1,3,0,4,0,0,0.41025641025641024,0.509323116219668,0,-1,-1,legit-portal-service-4497.com
29,29,0,1,3,0,4,0,0,0.41025641025641024,0.509323116219668,0,-1,-1,legit-portal-service-2587.com
28,28,0,1,3,0,3,0,0,0.42105263157894735,0.5113756613756614,0,-1,-1,legit-portal-service-629.com
29,29,0,1,3,0,4,0,0,0.41025641025641024,0.509323116219668,0,-1,-1,legit-portal-service-3638.com
29,29,0,1,3,0,4,0,0,0.41025641025641024,0.509323116219668,0,-1,-1,legit-portal-service-4807.com
29,29,0,1,3,0,4,0,0,0.41025641025641024,0.509323116219668,0,-1,-1,legit-portal-service-3512.com
29,29,0,1,3,0,4,0,0,0.41025641025641024,0.509323116219668,0,-1,-1,legit-portal-service-1523.com
29,29,0,1,3,0,4,0,0,0.41025641025641024,0.509323116219668,0,-1,-1,legit-portal-service-1285.com
29,29,0,1,3,0,4,0,0,0.41025641025641024,0.509323116219668,0,-1,-1,legit-portal-service-4766.com
29,29,0,1,3,0,4,0,0,0.41025641025641024,0.509323116219668,0,-1,-1,legit-portal-service-1854.com
28,28,0,1,3,0,3,0,0,0.42105263157894735,0.5113756613756614,0,-1,-1,legit-portal-service-736.com
28,28,0,1,3,0,3,0,0,0.42105263157894735,0.5113756613756614,0,-1,-1,legit-portal-service-591.com
29,29,0,1,3,0,4,0,0,0.41025641025641024,0.509323116219668,0,-1,-1,legit-portal-service-3332.com
28,28,0,1,3,0,3,0,0,0.42105263157894735,0.5113756613756614,0,-1,-1,legit-portal-service-586.com
29,29,0,1,3,0,4,0,0,0.41025641025641024,0.509323116219668,0,-1,-1,legit-portal-service-2123.com
29,29,0,1,3,0,4,0,0,0.41025641025641024,0.509323116219668,0,-1,-1,legit-portal-service-2029.com
29,29,0,1,3,0,4,0,0,0.41025641025641024,0.509323116219668,0,-1,-1,legit-portal-service-2690.com
28,28,0,1,3,0,3,0,0,0.42105263157894735,0.5113756613756614,0,-1,-1,legit-portal-service-674.com
29,29,0,1,3,0,4,0,0,0.41025641025641024,0.509323116219668,0,-1,-1,legit-portal-service-4290.com
29,29,0,1,3,0,4,0,0,0.41025641025641024,0.509323116219668,0,-1,-1,legit-portal-service-3970.com
29,29,0,1,3,0,4,0,0,0.41025641025641024,0.509323116219668,0,-1,-1,legit-portal-service-4721.com
28,28,0,1,3,0,3,0,0,0.42105263157894735,0.5113756613756614,0,-1,-1,legit-portal-service-236.com
29,29,0,1,3,0,4,0,0,0.41025641025641024,0.509323116219668,0,-1,-1,legit-portal-service-1525.com
29,29,0,1,3,0,4,0,0,0.41025641025641024,0.509323116219668,0,-1,-1,legit-portal-service-4921.com
29,29,0,1,3,0,4,0,0,0.41025641025641024,0.509323116219668,0,-1,-1,legit-portal-service-2022.com
29,29,0,1,3,0,4,0,0,0.41025641025641024,0.509323116219668,0,-1,-1,legit-portal-service-3222.com
29,29,0,1,3,0,4,0,0,0.41025641025641024,0.509323116219668,0,-1,-1,legit-portal-service-3618.com
29,29,0,1,3,0,4,0,0,0.41025641025641024,0.509323116219668,0,-1,-1,legit-portal-service-2363.com
29,29,0,1,3,0,4,0,0,0.41025641025641024,0.509323116219668,0,-1,-1,legit-portal-service-2889.com
29,29,0,1,3,0,4,0,0,0.41025641025641024,0.509323116219668,0,-1,-1,legit-portal-service-3111.com
29,29,0,1,3,0,4,0,0,0.41025641025641024,0.509323116219668,0,-1,-1,legit-portal-service-4386.com
29,29,0,1,3,0,4,0,0,0.41025641025641024,0.509323116219668,0,-1,-1,legit-portal-service-2215.com
28,28,0,1,3,0,3,0,0,0.42105263157894735,0.5113756613756614,0,-1,-1,legit-portal-service-845.com
29,29,0,1,3,0,4,0,0,0.41025641025641024,0.509323116219668,0,-1,-1,legit-portal-service-1124.com
29,29,0,1,3,0,4,0,0,0.41025641025641024,0.509323116219668,0,-1,-1,legit-portal-service-3593.com
28,28,0,1,3,0,3,0,0,0.42105263157894735,0.5113756613756614,0,-1,-1,legit-portal-service-815.com
27,27,0,1,3,0,2,0,0,0.43243243243243246,0.5308641975308642,0,-1,-1,legit-portal-service-54.com
28,28,0,1,3,0,3,0,0,0.42105263157894735,0.5113756613756614,0,-1,-1,legit-portal-service-210.com
29,29,0,1,3,0,4,0,0,0.41025641025641024,0.509323116219668,0,-1,-1,legit-portal-service-4257.com
29,29,0,1,3,0,4,0,0,0.41025641025641024,0.509323116219668,0,-1,-1,legit-portal-service-3466.com
29,29,0,1,3,0,4,0,0,0.41025641025641024,0.509323116219668,0,-1,-1,legit-portal-service-1191.com
29,29,0,1,3,0,4,0,0,0.41025641025641024,0.509323116219668,0,-1,-1,legit-portal-service-3355.com
29,29,0,1,3,0,4,0,0,0.41025641025641024,0.509323116219668,0,-1,-1,legit-portal-service-4504.com
29,29,0,1,3,0,4,0,0,0.41025641025641024,0.509323116219668,0,-1,-1,legit-portal-service-1062.com
29,29,0,1,3,0,4,0,0,0.41025641025641024,0.509323116219668,0,-1,-1,legit-portal-service-3301.com
29,29,0,1,3,0,4,0,0,0.41025641025641024,0.509323116219668,0,-1,-1,legit-portal-service-1554.com
29,29,0,1,3,0,4,0,0,0.41025641025641024,0.509323116219668,0,-1,-1,legit-portal-service-2964.com
29,29,0,1,3,0,4,0,0,0.41025641025641024,0.509323116219668,0,-1,-1,legit-portal-service-1673.com
29,29,0,1,3,0,4,0,0,0.41025641025641024,0.509323116219668,0,-1,-1,legit-portal-service-1193.com
29,29,0,1,3,0,4,0,0,0.41025641025641024,0.509323116219668,0,-1,-1,legit-portal-service-1161.com
29,29,0,1,3,0,4,0,0,0.41025641025641024,0.509323116219668,0,-1,-1,legit-portal-service-3806.com
29,29,0,1,3,0,4,0,0,0.41025641025641024,0.509323116219668,0,-1,-1,legit-portal-service-3028.com
28,28,0,1,3,0,3,0,0,0.42105263157894735,0.5113756613756614,0,-1,-1,legit-portal-service-784.com
29,29,0,1,3,0,4,0,0,0.41025641025641024,0.509323116219668,0,-1,-1,legit-portal-service-2202.com
29,29,0,1,3,0,4,0,0,0.41025641025641024,0.509323116219668,0,-1,-1,legit-portal-service-3007.com
29,29,0,1,3,0,4,0,0,0.41025641025641024,0.509323116219668,0,-1,-1,legit-portal-service-2169.com
29,29,0,1,3,0,4,0,0,0.41025641025641024,0.509323116219668,0,-1,-1,legit-portal-service-4543.com
29,29,0,1,3,0,4,0,0,0.41025641025641024,0.509323116219668,0,-1,-1,legit-portal-service-2098.com
29,29,0,1,3,0,4,0,0,0.41025641025641024,0.509323116219668,0,-1,-1,legit-portal-service-1258.com
29,29,0,1,3,0,4,0,0,0.41025641025641024,0.509323116219668,0,-1,-1,legit-portal-service-3112.com
29,29,0,1,3,0,4,0,0,0.41025641025641024,0.509323116219668,0,-1,-1,legit-portal-service-3431.com
28,28,0,1,3,0,3,0,0,0.42105263157894735,0.5113756613756614,0,-1,-1,legit-portal-service-956.com
29,29,0,1,3,0,4,0,0,0.41025641025641024,0.509323116219668,0,-1,-1,legit-portal-service-2586.com
29,29,0,1,3,0,4,0,0,0.41025641025641024,0.509323116219668,0,-1,-1,legit-portal-service-3124.com
28,28,0,1,3,0,3,0,0,0.42105263157894735,0.5113756613756614,0,-1,-1,legit-portal-service-577.com
29,29,0,1,3,0,4,0,0,0.41025641025641024,0.509323116219668,0,-1,-1,legit-portal-service-2841.com
29,29,0,1,3,0,4,0,0,0.41025641025641024,0.509323116219668,0,-1,-1,legit-portal-service-4440.com
29,29,0,1,3,0,4,0,0,0.41025641025641024,0.509323116219668,0,-1,-1,legit-portal-service-3756.com
29,29,0,1,3,0,4,0,0,0.41025641025641024,0.509323116219668,0,-1,-1,legit-portal-service-1574.com
29,29,0,1,3,0,4,0,0,0.41025641025641024,0.509323116219668,0,-1,-1,legit-portal-service-2952.com
28,28,0,1,3,0,3,0,0,0.42105263157894735,0.5113756613756614,0,-1,-1,legit-portal-service-643.com
29,29,0,1,3,0,4,0,0,0.41025641025641024,0.509323116219668,0,-1,-1,legit-portal-service-1432.com
29,29,0,1,3,0,4,0,0,0.41025641025641024,0.509323116219668,0,-1,-1,legit-portal-service-4448.com
29,29,0,1,3,0,4,0,0,0.41025641025641024,0.509323116219668,0,-1,-1,legit-portal-service-2178.com
29,29,0,1,3,0,4,0,0,0.41025641025641024,0.509323116219668,0,-1,-1,legit-portal-service-2778.com
29,29,0,1,3,0,4,0,0,0.41025641025641024,0.509323116219668,0,-1,-1,legit-portal-service-4968.com
28,28,0,1,3,0,3,0,0,0.42105263157894735,0.5113756613756614,0,-1,-1,legit-portal-service-854.com
28,28,0,1,3,0,3,0,0,0.42105263157894735,0.5113756613756614,0,-1,-1,legit-portal-service-521.com
29,29,0,1,3,0,4,0,0,0.41025641025641024,0.509323116219668,0,-1,-1,legit-portal-service-3062.com
29,29,0,1,3,0,4,0,0,0.41025641025641024,0.509323116219668,0,-1,-1,legit-portal-service-4057.com
29,29,0,1,3,0,4,0,0,0.41025641025641024,0.509323116219668,0,-1,-1,legit-portal-service-4340.com
27,27,0,1,3,0,2,0,0,0.43243243243243246,0.5308641975308642,0,-1,-1,legit-portal-service-66.com
28,28,0,1,3,0,3,0,0,0.42105263157894735,0.5113756613756614,0,-1,-1,legit-portal-service-360.com
29,29,0,1,3,0,4,0,0,0.41025641025641024,0.509323116219668,0,-1,-1,legit-portal-service-2679.com
29,29,0,1,3,0,4,0,0,0.41025641025641024,0.509323116219668,0,-1,-1,legit-portal-service-4488.com
29,29,0,1,3,0,4,0,0,0.41025641025641024,0.509323116219668,0,-1,-1,legit-portal-service-1157.com
29,29,0,1,3,0,4,0,0,0.41025641025641024,0.509323116219668,0,-1,-1,legit-portal-service-4630.com
29,29,0,1,3,0,4,0,0,0.41025641025641024,0.509323116219668,0,-1,-1,legit-portal-service-2522.com
29,29,0,1,3,0,4,0,0,0.41025641025641024,0.509323116219668,0,-1,-1,legit-portal-service-4168.com
29,29,0,1,3,0,4,0,0,0.41025641025641024,0.509323116219668,0,-1,-1,legit-portal-service-3956.com
28,28,0,1,3,0,3,0,0,0.42105263157894735,0.5113756613756614,0,-1,-1,legit-portal-service-789.com
28,28,0,1,3,0,3,0,0,0.42105263157894735,0.5113756613756614,0,-1,-1,legit-portal-service-828.com
29,29,0,1,3,0,4,0,0,0.41025641025641024,0.509323116219668,0,-1,-1,legit-portal-service-3588.com
29,29,0,1,3,0,4,0,0,0.41025641025641024,0.509323116219668,0,-1,-1,legit-portal-service-2934.com
29,29,0,1,3,0,4,0,0,0.41025641025641024,0.509323116219668,0,-1,-1,legit-portal-service-4760.com
28,28,0,1,3,0,3,0,0,0.42105263157894735,0.5113756613756614,0,-1,-1,legit-portal-service-672.com
29,29,0,1,3,0,4,0,0,0.41025641025641024,0.509323116219668,0,-1,-1,legit-portal-service-4927.com
29,29,0,1,3,0,4,0,0,0.41025641025641024,0.509323116219668,0,-1,-1,legit-portal-service-1361.com
29,29,0,1,3,0,4,0,0,0.41025641025641024,0.509323116219668,0,-1,-1,legit-portal-service-4828.com
29,29,0,1,3,0,4,0,0,0.41025641025641024,0.509323116219668,0,-1,-1,legit-portal-service-3989.com
29,29,0,1,3,0,4,0,0,0.41025641025641024,0.509323116219668,0,-1,-1,legit-portal-service-2074.com
29,29,0,1,3,0,4,0,0,0.41025641025641024,0.509323116219668,0,-1,-1,legit-portal-service-2529.com
29,29,0,1,3,0,4,0,0,0.41025641025641024,0.509323116219668,0,-1,-1,legit-portal-service-3246.com
29,29,0,1,3,0,4,0,0,0.41025641025641024,0.509323116219668,0,-1,-1,legit-portal-service-4911.com
29,29,0,1,3,0,4,0,0,0.41025641025641024,0.509323116219668,0,-1,-1,legit-portal-service-2354.com
29,29,0,1,3,0,4,0,0,0.41025641025641024,0.509323116219668,0,-1,-1,legit-portal-service-2856.com
29,29,0,1,3,0,4,0,0,0.41025641025641024,0.509323116219668,0,-1,-1,legit-portal-service-1007.com
29,29,0,1,3,0,4,0,0,0.41025641025641024,0.509323116219668,0,-1,-1,legit-portal-service-2605.com
29,29,0,1,3,0,4,0,0,0.41025641025641024,0.509323116219668,0,-1,-1,legit-portal-service-3504.com
29,29,0,1,3,0,4,0,0,0.41025641025641024,0.509323116219668,0,-1,-1,legit-portal-service-2750.com
29,29,0,1,3,0,4,0,0,0.41025641025641024,0.509323116219668,0,-1,-1,legit-portal-service-4622.com
28,28,0,1,3,0,3,0,0,0.42105263157894735,0.5113756613756614,0,-1,-1,legit-portal-service-477.com
29,29,0,1,3,0,4,0,0,0.41025641025641024,0.509323116219668,0,-1,-1,legit-portal-service-1669.com
29,29,0,1,3,0,4,0,0,0.41025641025641024,0.509323116219668,0,-1,-1,legit-portal-service-2802.com
29,29,0,1,3,0,4,0,0,0.41025641025641024,0.509323116219668,0,-1,-1,legit-portal-service-4003.com
29,29,0,1,3,0,4,0,0,0.41025641025641024,0.509323116219668,0,-1,-1,legit-portal-service-4561.com
28,28,0,1,3,0,3,0,0,0.42105263157894735,0.5113756613756614,0,-1,-1,legit-portal-service-165.com
17,17,0,1,0,0,0,0,0,0.4666666666666667,0.7401617989853285,0,-1,-1,stackoverflow.com
29,29,0,1,3,0,4,0,0,0.41025641025641024,0.509323116219668,0,-1,-1,legit-portal-service-4032.com
28,28,0,1,3,0,3,0,0,0.42105263157894735,0.5113756613756614,0,-1,-1,legit-portal-service-892.com
29,29,0,1,3,0,4,0,0,0.41025641025641024,0.509323116219668,0,-1,-1,legit-portal-service-2844.com
29,29,0,1,3,0,4,0,0,0.41025641025641024,0.509323116219668,0,-1,-1,legit-portal-service-2283.com
29,29,0,1,3,0,4,0,0,0.41025641025641024,0.509323116219668,0,-1,-1,legit-portal-service-3267.com
29,29,0,1,3,0,4,0,0,0.41025641025641024,0.509323116219668,0,-1,-1,legit-portal-service-1214.com
29,29,0,1,3,0,4,0,0,0.41025641025641024,0.509323116219668,0,-1,-1,legit-portal-service-3429.com
29,29,0,1,3,0,4,0,0,0.41025641025641024,0.509323116219668,0,-1,-1,legit-portal-service-3917.com
29,29,0,1,3,0,4,0,0,0.41025641025641024,0.509323116219668,0,-1,-1,legit-portal-service-2678.com
29,29,0,1,3,0,4,0,0,0.41025641025641024,0.509323116219668,0,-1,-1,legit-portal-service-4627.com
29,29,0,1,3,0,4,0,0,0.41025641025641024,0.509323116219668,0,-1,-1,legit-portal-service-4414.com
28,28,0,1,3,0,3,0,0,0.42105263157894735,0.5113756613756614,0,-1,-1,legit-portal-service-597.com
29,29,0,1,3,0,4,0,0,0.41025641025641024,0.509323116219668,0,-1,-1,legit-portal-service-3438.com
29,29,0,1,3,0,4,0,0,0.41025641025641024,0.509323116219668,0,-1,-1,legit-portal-service-1842.com
29,29,0,1,3,0,4,0,0,0.41025641025641024,0.509323116219668,0,-1,-1,legit-portal-service-2054.com
28,28,0,1,3,0,3,0,0,0.42105263157894735,0.5113756613756614,0,-1,-1,legit-portal-service-213.com
29,29,0,1,3,0,4,0,0,0.41025641025641024,0.509323116219668,0,-1,-1,legit-portal-service-3191.com
29,29,0,1,3,0,4,0,0,0.41025641025641024,0.509323116219668,0,-1,-1,legit-portal-service-2900.com
29,29,0,1,3,0,4,0,0,0.41025641025641024,0.509323116219668,0,-1,-1,legit-portal-service-2129.com
29,29,0,1,3,0,4,0,0,0.41025641025641024,0.509323116219668,0,-1,-1,legit-portal-service-4943.com
28,28,0,1,3,0,3,0,0,0.42105263157894735,0.5113756613756614,0,-1,-1,legit-portal-service-774.com
28,28,0,1,3,0,3,0,0,0.42105263157894735,0.5113756613756614,0,-1,-1,legit-portal-service-621.com
9,9,0,1,0,0,0,0,0,0.3157894736842105,0.5444444444444444,0,-1,-1,arxiv.org
29,29,0,1,3,0,4,0,0,0.41025641025641024,0.509323116219668,0,-1,-1,legit-portal-service-2908.com
29,29,0,1,3,0,4,0,0,0.41025641025641024,0.509323116219668,0,-1,-1,legit-portal-service-2859.com
29,29,0,1,3,0,4,0,0,0.41025641025641024,0.509323116219668,0,-1,-1,legit-portal-service-2012.com
29,29,0,1,3,0,4,0,0,0.41025641025641024,0.509323116219668,0,-1,-1,legit-portal-service-1996.com
29,29,0,1,3,0,4,0,0,0.41025641025641024,0.509323116219668,0,-1,-1,legit-portal-service-1529.com
28,28,0,1,3,0,3,0,0,0.42105263157894735,0.5113756613756614,0,-1,-1,legit-portal-service-705.com
29,29,0,1,3,0,4,0,0,0.41025641025641024,0.509323116219668,0,-1,-1,legit-portal-service-3244.com
29,29,0,1,3,0,4,0,0,0.41025641025641024,0.509323116219668,0,-1,-1,legit-portal-service-2766.com
9,9,0,2,0,0,0,0,0,0.4444444444444444,0.5462962962962963,0,-1,-1,cam.ac.uk
29,29,0,1,3,0,4,0,0,0.41025641025641024,0.509323116219668,0,-1,-1,legit-portal-service-4288.com
29,29,0,1,3,0,4,0,0,0.41025641025641024,0.509323116219668,0,-1,-1,legit-portal-service-1426.com
29,29,0,1,3,0,4,0,0,0.41025641025641024,0.509323116219668,0,-1,-1,legit-portal-service-3847.com
29,29,0,1,3,0,4,0,0,0.41025641025641024,0.509323116219668,0,-1,-1,legit-portal-service-3953.com
27,27,0,1,3,0,2,0,0,0.43243243243243246,0.5308641975308642,0,-1,-1,legit-portal-service-53.com
29,29,0,1,3,0,4,0,0,0.41025641025641024,0.509323116219668,0,-1,-1,legit-portal-service-3402.com
29,29,0,1,3,0,4,0,0,0.41025641025641024,0.509323116219668,0,-1,-1,legit-portal-service-4043.com
29,29,0,1,3,0,4,0,0,0.41025641025641024,0.509323116219668,0,-1,-1,legit-portal-service-1038.com
28,28,0,1,3,0,3,0,0,0.42105263157894735,0.5113756613756614,0,-1,-1,legit-portal-service-302.com
29,29,0,1,3,0,4,0,0,0.41025641025641024,0.509323116219668,0,-1,-1,legit-portal-service-4533.com
29,29,0,1,3,0,4,0,0,0.41025641025641024,0.509323116219668,0,-1,-1,legit-portal-service-3005.com
28,28,0,1,3,0,3,0,0,0.42105263157894735,0.5113756613756614,0,-1,-1,legit-portal-service-384.com
28,28,0,1,3,0,3,0,0,0.42105263157894735,0.5113756613756614,0,-1,-1,legit-portal-service-547.com
29,29,0,1,3,0,4,0,0,0.41025641025641024,0.509323116219668,0,-1,-1,legit-portal-service-2194.com
29,29,0,1,3,0,4,0,0,0.41025641025641024,0.509323116219668,0,-1,-1,legit-portal-service-3213.com
29,29,0,1,3,0,4,0,0,0.41025641025641024,0.509323116219668,0,-1,-1,legit-portal-service-3960.com
29,29,0,1,3,0,4,0,0,0.41025641025641024,0.509323116219668,0,-1,-1,legit-portal-service-3541.com
29,29,0,1,3,0,4,0,0,0.41025641025641024,0.509323116219668,0,-1,-1,legit-portal-service-2414.com
29,29,0,1,3,0,4,0,0,0.41025641025641024,0.509323116219668,0,-1,-1,legit-portal-service-1379.com
29,29,0,1,3,0,4,0,0,0.41025641025641024,0.509323116219668,0,-1,-1,legit-portal-service-1787.com
29,29,0,1,3,0,4,0,0,0.41025641025641024,0.509323116219668,0,-1,-1,legit-portal-service-1647.com
29,29,0,1,3,0,4,0,0,0.41025641025641024,0.509323116219668,0,-1,-1,legit-portal-service-3619.com
28,28,0,1,3,0,3,0,0,0.42105263157894735,0.5113756613756614,0,-1,-1,legit-portal-service-528.com
29,29,0,1,3,0,4,0,0,0.41025641025641024,0.509323116219668,0,-1,-1,legit-portal-service-1465.com
29,29,0,1,3,0,4,0,0,0.41025641025641024,0.509323116219668,0,-1,-1,legit-portal-service-2550.com
29,29,0,1,3,0,4,0,0,0.41025641025641024,0.509323116219668,0,-1,-1,legit-portal-service-1178.com
29,29,0,1,3,0,4,0,0,0.41025641025641024,0.509323116219668,0,-1,-1,legit-portal-service-3018.com
29,29,0,1,3,0,4,0,0,0.41025641025641024,0.509323116219668,0,-1,-1,legit-portal-service-4735.com
29,29,0,1,3,0,4,0,0,0.41025641025641024,0.509323116219668,0,-1,-1,legit-portal-service-1145.com
28,28,0,1,3,0,3,0,0,0.42105263157894735,0.5113756613756614,0,-1,-1,legit-portal-service-392.com
29,29,0,1,3,0,4,0,0,0.41025641025641024,0.509323116219668,0,-1,-1,legit-portal-service-3409.com
29,29,0,1,3,0,4,0,0,0.41025641025641024,0.509323116219668,0,-1,-1,legit-portal-service-3195.com
29,29,0,1,3,0,4,0,0,0.41025641025641024,0.509323116219668,0,-1,-1,legit-portal-service-1589.com
29,29,0,1,3,0,4,0,0,0.41025641025641024,0.509323116219668,0,-1,-1,legit-portal-service-3959.com
29,29,0,1,3,0,4,0,0,0.41025641025641024,0.509323116219668,0,-1,-1,legit-portal-service-4110.com
29,29,0,1,3,0,4,0,0,0.41025641025641024,0.509323116219668,0,-1,-1,legit-portal-service-4022.com
29,29,0,1,3,0,4,0,0,0.41025641025641024,0.509323116219668,0,-1,-1,legit-portal-service-3595.com
28,28,0,1,3,0,3,0,0,0.42105263157894735,0.5113756613756614,0,-1,-1,legit-portal-service-163.com
29,29,0,1,3,0,4,0,0,0.41025641025641024,0.509323116219668,0,-1,-1,legit-portal-service-1668.com
29,29,0,1,3,0,4,0,0,0.41025641025641024,0.509323116219668,0,-1,-1,legit-portal-service-4916.com
29,29,0,1,3,0,4,0,0,0.41025641025641024,0.509323116219668,0,-1,-1,legit-portal-service-2564.com
29,29,0,1,3,0,4,0,0,0.41025641025641024,0.509323116219668,0,-1,-1,legit-portal-service-3945.com
29,29,0,1,3,0,4,0,0,0.41025641025641024,0.509323116219668,0,-1,-1,legit-portal-service-4528.com
29,29,0,1,3,0,4,0,0,0.41025641025641024,0.509323116219668,0,-1,-1,legit-portal-service-2576.com
29,29,0,1,3,0,4,0,0,0.41025641025641024,0.509323116219668,0,-1,-1,legit-portal-service-4960.com
29,29,0,1,3,0,4,0,0,0.41025641025641024,0.509323116219668,0,-1,-1,legit-portal-service-2729.com
29,29,0,1,3,0,4,0,0,0.41025641025641024,0.509323116219668,0,-1,-1,legit-portal-service-2971.com
29,29,0,1,3,0,4,0,0,0.41025641025641024,0.509323116219668,0,-1,-1,legit-portal-service-3873.com
29,29,0,1,3,0,4,0,0,0.41025641025641024,0.509323116219668,0,-1,-1,legit-portal-service-4565.com
29,29,0,1,3,0,4,0,0,0.41025641025641024,0.509323116219668,0,-1,-1,legit-portal-service-1683.com
28,28,0,1,3,0,3,0,0,0.42105263157894735,0.5113756613756614,0,-1,-1,legit-portal-service-749.com
29,29,0,1,3,0,4,0,0,0.41025641025641024,0.509323116219668,0,-1,-1,legit-portal-service-3367.com
28,28,0,1,3,0,3,0,0,0.42105263157894735,0.5113756613756614,0,-1,-1,legit-portal-service-670.com
29,29,0,1,3,0,4,0,0,0.41025641025641024,0.509323116219668,0,-1,-1,legit-portal-service-3084.com
29,29,0,1,3,0,4,0,0,0.41025641025641024,0.509323116219668,0,-1,-1,legit-portal-service-4190.com
29,29,0,1,3,0,4,0,0,0.41025641025641024,0.509323116219668,0,-1,-1,legit-portal-service-4001.com
29,29,0,1,3,0,4,0,0,0.41025641025641024,0.509323116219668,0,-1,-1,legit-portal-service-3185.com
29,29,0,1,3,0,4,0,0,0.41025641025641024,0.509323116219668,0,-1,-1,legit-portal-service-2876.com
29,29,0,1,3,0,4,0,0,0.41025641025641024,0.509323116219668,0,-1,-1,legit-portal-service-2992.com
29,29,0,1,3,0,4,0,0,0.41025641025641024,0.509323116219668,0,-1,-1,legit-portal-service-3440.com
29,29,0,1,3,0,4,0,0,0.41025641025641024,0.509323116219668,0,-1,-1,legit-portal-service-4839.com
29,29,0,1,3,0,4,0,0,0.41025641025641024,0.509323116219668,0,-1,-1,legit-portal-service-3329.com
29,29,0,1,3,0,4,0,0,0.41025641025641024,0.509323116219668,0,-1,-1,legit-portal-service-4977.com
29,29,0,1,3,0,4,0,0,0.41025641025641024,0.509323116219668,0,-1,-1,legit-portal-service-3910.com
29,29,0,1,3,0,4,0,0,0.41025641025641024,0.509323116219668,0,-1,-1,legit-portal-service-1751.com
29,29,0,1,3,0,4,0,0,0.41025641025641024,0.509323116219668,0,-1,-1,legit-portal-service-4296.com
29,29,0,1,3,0,4,0,0,0.41025641025641024,0.509323116219668,0,-1,-1,legit-portal-service-3946.com
29,29,0,1,3,0,4,0,0,0.41025641025641024,0.509323116219668,0,-1,-1,legit-portal-service-2941.com
29,29,0,1,3,0,4,0,0,0.41025641025641024,0.509323116219668,0,-1,-1,legit-portal-service-1376.com
28,28,0,1,3,0,3,0,0,0.42105263157894735,0.5113756613756614,0,-1,-1,legit-portal-service-247.com
28,28,0,1,3,0,3,0,0,0.42105263157894735,0.5113756613756614,0,-1,-1,legit-portal-service-369.com
29,29,0,1,3,0,4,0,0,0.41025641025641024,0.509323116219668,0,-1,-1,legit-portal-service-3861.com
29,29,0,1,3,0,4,0,0,0.41025641025641024,0.509323116219668,0,-1,-1,legit-portal-service-3576.com
29,29,0,1,3,0,4,0,0,0.41025641025641024,0.509323116219668,0,-1,-1,legit-portal-service-3428.com
29,29,0,1,3,0,4,0,0,0.41025641025641024,0.509323116219668,0,-1,-1,legit-portal-service-1133.com
29,29,0,1,3,0,4,0,0,0.41025641025641024,0.509323116219668,0,-1,-1,legit-portal-service-3868.com
28,28,0,1,3,0,3,0,0,0.42105263157894735,0.5113756613756614,0,-1,-1,legit-portal-service-704.com
29,29,0,1,3,0,4,0,0,0.41025641025641024,0.509323116219668,0,-1,-1,legit-portal-service-3987.com
29,29,0,1,3,0,4,0,0,0.41025641025641024,0.509323116219668,0,-1,-1,legit-portal-service-2989.com
29,29,0,1,3,0,4,0,0,0.41025641025641024,0.509323116219668,0,-1,-1,legit-portal-service-3342.com
29,29,0,1,3,0,4,0,0,0.41025641025641024,0.509323116219668,0,-1,-1,legit-portal-service-1141.com
29,29,0,1,3,0,4,0,0,0.41025641025641024,0.509323116219668,0,-1,-1,legit-portal-service-3385.com
29,29,0,1,3,0,4,0,0,0.41025641025641024,0.509323116219668,0,-1,-1,legit-portal-service-3726.com
29,29,0,1,3,0,4,0,0,0.41025641025641024,0.509323116219668,0,-1,-1,legit-portal-service-2724.com
29,29,0,1,3,0,4,0,0,0.41025641025641024,0.509323116219668,0,-1,-1,legit-portal-service-2909.com
29,29,0,1,3,0,4,0,0,0.41025641025641024,0.509323116219668,0,-1,-1,legit-portal-service-2669.com
29,29,0,1,3,0,4,0,0,0.41025641025641024,0.509323116219668,0,-1,-1,legit-portal-service-4313.com
28,28,0,1,3,0,3,0,0,0.42105263157894735,0.5113756613756614,0,-1,-1,legit-portal-service-498.com
29,29,0,1,3,0,4,0,0,0.41025641025641024,0.509323116219668,0,-1,-1,legit-portal-service-1387.com
29,29,0,1,3,0,4,0,0,0.41025641025641024,0.509323116219668,0,-1,-1,legit-portal-service-2109.com
29,29,0,1,3,0,4,0,0,0.41025641025641024,0.509323116219668,0,-1,-1,legit-portal-service-2982.com
29,29,0,1,3,0,4,0,0,0.41025641025641024,0.509323116219668,0,-1,-1,legit-portal-service-2540.com
29,29,0,1,3,0,4,0,0,0.41025641025641024,0.509323116219668,0,-1,-1,legit-portal-service-1125.com
29,29,0,1,3,0,4,0,0,0.41025641025641024,0.509323116219668,0,-1,-1,legit-portal-service-3451.com
29,29,0,1,3,0,4,0,0,0.41025641025641024,0.509323116219668,0,-1,-1,legit-portal-service-2731.com
28,28,0,1,3,0,3,0,0,0.42105263157894735,0.5113756613756614,0,-1,-1,legit-portal-service-954.com
29,29,0,1,3,0,4,0,0,0.41025641025641024,0.509323116219668,0,-1,-1,legit-portal-service-4410.com
29,29,0,1,3,0,4,0,0,0.41025641025641024,0.509323116219668,0,-1,-1,legit-portal-service-1564.com
29,29,0,1,3,0,4,0,0,0.41025641025641024,0.509323116219668,0,-1,-1,legit-portal-service-4068.com
29,29,0,1,3,0,4,0,0,0.41025641025641024,0.509323116219668,0,-1,-1,legit-portal-service-1181.com
29,29,0,1,3,0,4,0,0,0.41025641025641024,0.509323116219668,0,-1,-1,legit-portal-service-2219.com
29,29,0,1,3,0,4,0,0,0.41025641025641024,0.509323116219668,0,-1,-1,legit-portal-service-1835.com
29,29,0,1,3,0,4,0,0,0.41025641025641024,0.509323116219668,0,-1,-1,legit-portal-service-2483.com
28,28,0,1,3,0,3,0,0,0.42105263157894735,0.5113756613756614,0,-1,-1,legit-portal-service-335.com
29,29,0,1,3,0,4,0,0,0.41025641025641024,0.509323116219668,0,-1,-1,legit-portal-service-2913.com
28,28,0,1,3,0,3,0,0,0.42105263157894735,0.5113756613756614,0,-1,-1,legit-portal-service-781.com
28,28,0,1,3,0,3,0,0,0.42105263157894735,0.5113756613756614,0,-1,-1,legit-portal-service-447.com
29,29,0,1,3,0,4,0,0,0.41025641025641024,0.509323116219668,0,-1,-1,legit-portal-service-2265.com
29,29,0,1,3,0,4,0,0,0.41025641025641024,0.509323116219668,0,-1,-1,legit-portal-service-4816.com
29,29,0,1,3,0,4,0,0,0.41025641025641024,0.509323116219668,0,-1,-1,legit-portal-service-1761.com
29,29,0,1,3,0,4,0,0,0.41025641025641024,0.509323116219668,0,-1,-1,legit-portal-service-1056.com
29,29,0,1,3,0,4,0,0,0.41025641025641024,0.509323116219668,0,-1,-1,legit-portal-service-4217.com
27,27,0,1,3,0,2,0,0,0.43243243243243246,0.5308641975308642,0,-1,-1,legit-portal-service-49.com
29,29,0,1,3,0,4,0,0,0.41025641025641024,0.509323116219668,0,-1,-1,legit-portal-service-2701.com
29,29,0,1,3,0,4,0,0,0.41025641025641024,0.509323116219668,0,-1,-1,legit-portal-service-2218.com
28,28,0,1,3,0,3,0,0,0.42105263157894735,0.5113756613756614,0,-1,-1,legit-portal-service-714.com
29,29,0,1,3,0,4,0,0,0.41025641025641024,0.509323116219668,0,-1,-1,legit-portal-service-2953.com
29,29,0,1,3,0,4,0,0,0.41025641025641024,0.509323116219668,0,-1,-1,legit-portal-service-4228.com
28,28,0,1,3,0,3,0,0,0.42105263157894735,0.5113756613756614,0,-1,-1,legit-portal-service-840.com
28,28,0,1,3,0,3,0,0,0.42105263157894735,0.5113756613756614,0,-1,-1,legit-portal-service-627.com
29,29,0,1,3,0,4,0,0,0.41025641025641024,0.509323116219668,0,-1,-1,legit-portal-service-1976.com
29,29,0,1,3,0,4,0,0,0.41025641025641024,0.509323116219668,0,-1,-1,legit-portal-service-2442.com
29,29,0,1,3,0,4,0,0,0.41025641025641024,0.509323116219668,0,-1,-1,legit-portal-service-2623.com
29,29,0,1,3,0,4,0,0,0.41025641025641024,0.509323116219668,0,-1,-1,legit-portal-service-1557.com
29,29,0,1,3,0,4,0,0,0.41025641025641024,0.509323116219668,0,-1,-1,legit-portal-service-2577.com
29,29,0,1,3,0,4,0,0,0.41025641025641024,0.509323116219668,0,-1,-1,legit-portal-service-4896.com
29,29,0,1,3,0,4,0,0,0.41025641025641024,0.509323116219668,0,-1,-1,legit-portal-service-1129.com
29,29,0,1,3,0,4,0,0,0.41025641025641024,0.509323116219668,0,-1,-1,legit-portal-service-4309.com
29,29,0,1,3,0,4,0,0,0.41025641025641024,0.509323116219668,0,-1,-1,legit-portal-service-2425.com
28,28,0,1,3,0,3,0,0,0.42105263157894735,0.5113756613756614,0,-1,-1,legit-portal-service-161.com
29,29,0,1,3,0,4,0,0,0.41025641025641024,0.509323116219668,0,-1,-1,legit-portal-service-1930.com
29,29,0,1,3,0,4,0,0,0.41025641025641024,0.509323116219668,0,-1,-1,legit-portal-service-2518.com
29,29,0,1,3,0,4,0,0,0.41025641025641024,0.509323116219668,0,-1,-1,legit-portal-service-4647.com
29,29,0,1,3,0,4,0,0,0.41025641025641024,0.509323116219668,0,-1,-1,legit-portal-service-4584.com
29,29,0,1,3,0,4,0,0,0.41025641025641024,0.509323116219668,0,-1,-1,legit-portal-service-3135.com
29,29,0,1,3,0,4,0,0,0.41025641025641024,0.509323116219668,0,-1,-1,legit-portal-service-3045.com
28,28,0,1,3,0,3,0,0,0.42105263157894735,0.5113756613756614,0,-1,-1,legit-portal-service-739.com
28,28,0,1,3,0,3,0,0,0.42105263157894735,0.5113756613756614,0,-1,-1,legit-portal-service-239.com
29,29,0,1,3,0,4,0,0,0.41025641025641024,0.509323116219668,0,-1,-1,legit-portal-service-4585.com
28,28,0,1,3,0,3,0,0,0.42105263157894735,0.5113756613756614,0,-1,-1,legit-portal-service-691.com
29,29,0,1,3,0,4,0,0,0.41025641025641024,0.509323116219668,0,-1,-1,legit-portal-service-2948.com
29,29,0,1,3,0,4,0,0,0.41025641025641024,0.509323116219668,0,-1,-1,legit-portal-service-2176.com
29,29,0,1,3,0,4,0,0,0.41025641025641024,0.509323116219668,0,-1,-1,legit-portal-service-3876.com
29,29,0,1,3,0,4,0,0,0.41025641025641024,0.509323116219668,0,-1,-1,legit-portal-service-1504.com
28,28,0,1,3,0,3,0,0,0.42105263157894735,0.5113756613756614,0,-1,-1,legit-portal-service-148.com
29,29,0,1,3,0,4,0,0,0.41025641025641024,0.509323116219668,0,-1,-1,legit-portal-service-4591.com
29,29,0,1,3,0,4,0,0,0.41025641025641024,0.509323116219668,0,-1,-1,legit-portal-service-2264.com
29,29,0,1,3,0,4,0,0,0.41025641025641024,0.509323116219668,0,-1,-1,legit-portal-service-1877.com
29,29,0,1,3,0,4,0,0,0.41025641025641024,0.509323116219668,0,-1,-1,legit-portal-service-4167.com
28,28,0,1,3,0,3,0,0,0.42105263157894735,0.5113756613756614,0,-1,-1,legit-portal-service-810.com
29,29,0,1,3,0,4,0,0,0.41025641025641024,0.509323116219668,0,-1,-1,legit-portal-service-3436.com
29,29,0,1,3,0,4,0,0,0.41025641025641024,0.509323116219668,0,-1,-1,legit-portal-service-4527.com
28,28,0,1,3,0,3,0,0,0.42105263157894735,0.5113756613756614,0,-1,-1,legit-portal-service-142.com
29,29,0,1,3,0,4,0,0,0.41025641025641024,0.509323116219668,0,-1,-1,legit-portal-service-3055.com
29,29,0,1,3,0,4,0,0,0.41025641025641024,0.509323116219668,0,-1,-1,legit-portal-service-4456.com
29,29,0,1,3,0,4,0,0,0.41025641025641024,0.509323116219668,0,-1,-1,legit-portal-service-2167.com
29,29,0,1,3,0,4,0,0,0.41025641025641024,0.509323116219668,0,-1,-1,legit-portal-service-3736.com
28,28,0,1,3,0,3,0,0,0.42105263157894735,0.5113756613756614,0,-1,-1,legit-portal-service-965.com
28,28,0,1,3,0,3,0,0,0.42105263157894735,0.5113756613756614,0,-1,-1,legit-portal-service-726.com
29,29,0,1,3,0,4,0,0,0.41025641025641024,0.509323116219668,0,-1,-1,legit-portal-service-3968.com
29,29,0,1,3,0,4,0,0,0.41025641025641024,0.509323116219668,0,-1,-1,legit-portal-service-2338.com
29,29,0,1,3,0,4,0,0,0.41025641025641024,0.509323116219668,0,-1,-1,legit-portal-service-2855.com
29,29,0,1,3,0,4,0,0,0.41025641025641024,0.509323116219668,0,-1,-1,legit-portal-service-1389.com
29,29,0,1,3,0,4,0,0,0.41025641025641024,0.509323116219668,0,-1,-1,legit-portal-service-3988.com
29,29,0,1,3,0,4,0,0,0.41025641025641024,0.509323116219668,0,-1,-1,legit-portal-service-4658.com
29,29,0,1,3,0,4,0,0,0.41025641025641024,0.509323116219668,0,-1,-1,legit-portal-service-2991.com
29,29,0,1,3,0,4,0,0,0.41025641025641024,0.509323116219668,0,-1,-1,legit-portal-service-4301.com
28,28,0,1,3,0,3,0,0,0.42105263157894735,0.5113756613756614,0,-1,-1,legit-portal-service-862.com
29,29,0,1,3,0,4,0,0,0.41025641025641024,0.509323116219668,0,-1,-1,legit-portal-service-3912.com
29,29,0,1,3,0,4,0,0,0.41025641025641024,0.509323116219668,0,-1,-1,legit-portal-service-4368.com
28,28,0,1,3,0,3,0,0,0.42105263157894735,0.5113756613756614,0,-1,-1,legit-portal-service-633.com
28,28,0,1,3,0,3,0,0,0.42105263157894735,0.5113756613756614,0,-1,-1,legit-portal-service-326.com
28,28,0,1,3,0,3,0,0,0.42105263157894735,0.5113756613756614,0,-1,-1,legit-portal-service-652.com
29,29,0,1,3,0,4,0,0,0.41025641025641024,0.509323116219668,0,-1,-1,legit-portal-service-1026.com
29,29,0,1,3,0,4,0,0,0.41025641025641024,0.509323116219668,0,-1,-1,legit-portal-service-2535.com
29,29,0,1,3,0,4,0,0,0.41025641025641024,0.509323116219668,0,-1,-1,legit-portal-service-4398.com
29,29,0,1,3,0,4,0,0,0.41025641025641024,0.509323116219668,0,-1,-1,legit-portal-service-3939.com
29,29,0,1,3,0,4,0,0,0.41025641025641024,0.509323116219668,0,-1,-1,legit-portal-service-4538.com
29,29,0,1,3,0,4,0,0,0.41025641025641024,0.509323116219668,0,-1,-1,legit-portal-service-3346.com
29,29,0,1,3,0,4,0,0,0.41025641025641024,0.509323116219668,0,-1,-1,legit-portal-service-2935.com
28,28,0,1,3,0,3,0,0,0.42105263157894735,0.5113756613756614,0,-1,-1,legit-portal-service-611.com
29,29,0,1,3,0,4,0,0,0.41025641025641024,0.509323116219668,0,-1,-1,legit-portal-service-4157.com
28,28,0,1,3,0,3,0,0,0.42105263157894735,0.5113756613756614,0,-1,-1,legit-portal-service-835.com
29,29,0,1,3,0,4,0,0,0.41025641025641024,0.509323116219668,0,-1,-1,legit-portal-service-2305.com
29,29,0,1,3,0,4,0,0,0.41025641025641024,0.509323116219668,0,-1,-1,legit-portal-service-2273.com
29,29,0,1,3,0,4,0,0,0.41025641025641024,0.509323116219668,0,-1,-1,legit-portal-service-1229.com
29,29,0,1,3,0,4,0,0,0.41025641025641024,0.509323116219668,0,-1,-1,legit-portal-service-1895.com
29,29,0,1,3,0,4,0,0,0.41025641025641024,0.509323116219668,0,-1,-1,legit-portal-service-2505.com
29,29,0,1,3,0,4,0,0,0.41025641025641024,0.509323116219668,0,-1,-1,legit-portal-service-2596.com
28,28,0,1,3,0,3,0,0,0.42105263157894735,0.5113756613756614,0,-1,-1,legit-portal-service-377.com
29,29,0,1,3,0,4,0,0,0.41025641025641024,0.509323116219668,0,-1,-1,legit-portal-service-3599.com
29,29,0,1,3,0,4,0,0,0.41025641025641024,0.509323116219668,0,-1,-1,legit-portal-service-4467.com
28,28,0,1,3,0,3,0,0,0.42105263157894735,0.5113756613756614,0,-1,-1,legit-portal-service-245.com
29,29,0,1,3,0,4,0,0,0.41025641025641024,0.509323116219668,0,-1,-1,legit-portal-service-3459.com
29,29,0,1,3,0,4,0,0,0.41025641025641024,0.509323116219668,0,-1,-1,legit-portal-service-4427.com
29,29,0,1,3,0,4,0,0,0.41025641025641024,0.509323116219668,0,-1,-1,legit-portal-service-1664.com
29,29,0,1,3,0,4,0,0,0.41025641025641024,0.509323116219668,0,-1,-1,legit-portal-service-4345.com
29,29,0,1,3,0,4,0,0,0.41025641025641024,0.509323116219668,0,-1,-1,legit-portal-service-4915.com
27,27,0,1,3,0,2,0,0,0.43243243243243246,0.5308641975308642,0,-1,-1,legit-portal-service-16.com
29,29,0,1,3,0,4,0,0,0.41025641025641024,0.509323116219668,0,-1,-1,legit-portal-service-1536.com
29,29,0,1,3,0,4,0,0,0.41025641025641024,0.509323116219668,0,-1,-1,legit-portal-service-4268.com
29,29,0,1,3,0,4,0,0,0.41025641025641024,0.509323116219668,0,-1,-1,legit-portal-service-1377.com
29,29,0,1,3,0,4,0,0,0.41025641025641024,0.509323116219668,0,-1,-1,legit-portal-service-4230.com
28,28,0,1,3,0,3,0,0,0.42105263157894735,0.5113756613756614,0,-1,-1,legit-portal-service-495.com
29,29,0,1,3,0,4,0,0,0.41025641025641024,0.509323116219668,0,-1,-1,legit-portal-service-2839.com
29,29,0,1,3,0,4,0,0,0.41025641025641024,0.509323116219668,0,-1,-1,legit-portal-service-1240.com
29,29,0,1,3,0,4,0,0,0.41025641025641024,0.509323116219668,0,-1,-1,legit-portal-service-2002.com
29,29,0,1,3,0,4,0,0,0.41025641025641024,0.509323116219668,0,-1,-1,legit-portal-service-4544.com
29,29,0,1,3,0,4,0,0,0.41025641025641024,0.509323116219668,0,-1,-1,legit-portal-service-3625.com
29,29,0,1,3,0,4,0,0,0.41025641025641024,0.509323116219668,0,-1,-1,legit-portal-service-3335.com
29,29,0,1,3,0,4,0,0,0.41025641025641024,0.509323116219668,0,-1,-1,legit-portal-service-2381.com
28,28,0,1,3,0,3,0,0,0.42105263157894735,0.5113756613756614,0,-1,-1,legit-portal-service-947.com
29,29,0,1,3,0,4,0,0,0.41025641025641024,0.509323116219668,0,-1,-1,legit-portal-service-2083.com
29,29,0,1,3,0,4,0,0,0.41025641025641024,0.509323116219668,0,-1,-1,legit-portal-service-4388.com
27,27,0,1,3,0,2,0,0,0.43243243243243246,0.5308641975308642,0,-1,-1,legit-portal-service-77.com
29,29,0,1,3,0,4,0,0,0.41025641025641024,0.509323116219668,0,-1,-1,legit-portal-service-4245.com
29,29,0,1,3,0,4,0,0,0.41025641025641024,0.509323116219668,0,-1,-1,legit-portal-service-3039.com
28,28,0,1,3,0,3,0,0,0.42105263157894735,0.5113756613756614,0,-1,-1,legit-portal-service-190.com
29,29,0,1,3,0,4,0,0,0.41025641025641024,0.509323116219668,0,-1,-1,legit-portal-service-1803.com
29,29,0,1,3,0,4,0,0,0.41025641025641024,0.509323116219668,0,-1,-1,legit-portal-service-1292.com
29,29,0,1,3,0,4,0,0,0.41025641025641024,0.509323116219668,0,-1,-1,legit-portal-service-3614.com
29,29,0,1,3,0,4,0,0,0.41025641025641024,0.509323116219668,0,-1,-1,legit-portal-service-3098.com
28,28,0,1,3,0,3,0,0,0.42105263157894735,0.5113756613756614,0,-1,-1,legit-portal-service-890.com
29,29,0,1,3,0,4,0,0,0.41025641025641024,0.509323116219668,0,-1,-1,legit-portal-service-3534.com
29,29,0,1,3,0,4,0,0,0.41025641025641024,0.509323116219668,0,-1,-1,legit-portal-service-3834.com
29,29,0,1,3,0,4,0,0,0.41025641025641024,0.509323116219668,0,-1,-1,legit-portal-service-4146.com
29,29,0,1,3,0,4,0,0,0.41025641025641024,0.509323116219668,0,-1,-1,legit-portal-service-1530.com
29,29,0,1,3,0,4,0,0,0.41025641025641024,0.509323116219668,0,-1,-1,legit-portal-service-1289.com
29,29,0,1,3,0,4,0,0,0.41025641025641024,0.509323116219668,0,-1,-1,legit-portal-service-1274.com
28,28,0,1,3,0,3,0,0,0.42105263157894735,0.5113756613756614,0,-1,-1,legit-portal-service-745.com
29,29,0,1,3,0,4,0,0,0.41025641025641024,0.509323116219668,0,-1,-1,legit-portal-service-1462.com
29,29,0,1,3,0,4,0,0,0.41025641025641024,0.509323116219668,0,-1,-1,legit-portal-service-2493.com
29,29,0,1,3,0,4,0,0,0.41025641025641024,0.509323116219668,0,-1,-1,legit-portal-service-2183.com
29,29,0,1,3,0,4,0,0,0.41025641025641024,0.509323116219668,0,-1,-1,legit-portal-service-2713.com
29,29,0,1,3,0,4,0,0,0.41025641025641024,0.509323116219668,0,-1,-1,legit-portal-service-2834.com
29,29,0,1,3,0,4,0,0,0.41025641025641024,0.509323116219668,0,-1,-1,legit-portal-service-2811.com
28,28,0,1,3,0,3,0,0,0.42105263157894735,0.5113756613756614,0,-1,-1,legit-portal-service-280.com
29,29,0,1,3,0,4,0,0,0.41025641025641024,0.509323116219668,0,-1,-1,legit-portal-service-3639.com
29,29,0,1,3,0,4,0,0,0.41025641025641024,0.509323116219668,0,-1,-1,legit-portal-service-1088.com
28,28,0,1,3,0,3,0,0,0.42105263157894735,0.5113756613756614,0,-1,-1,legit-portal-service-570.com
29,29,0,1,3,0,4,0,0,0.41025641025641024,0.509323116219668,0,-1,-1,legit-portal-service-1940.com
29,29,0,1,3,0,4,0,0,0.41025641025641024,0.509323116219668,0,-1,-1,legit-portal-service-4550.com
29,29,0,1,3,0,4,0,0,0.41025641025641024,0.509323116219668,0,-1,-1,legit-portal-service-2728.com
29,29,0,1,3,0,4,0,0,0.41025641025641024,0.509323116219668,0,-1,-1,legit-portal-service-3573.com
29,29,0,1,3,0,4,0,0,0.41025641025641024,0.509323116219668,0,-1,-1,legit-portal-service-3553.com
28,28,0,1,3,0,3,0,0,0.42105263157894735,0.5113756613756614,0,-1,-1,legit-portal-service-707.com
29,29,0,1,3,0,4,0,0,0.41025641025641024,0.509323116219668,0,-1,-1,legit-portal-service-4447.com
29,29,0,1,3,0,4,0,0,0.41025641025641024,0.509323116219668,0,-1,-1,legit-portal-service-1805.com
28,28,0,1,3,0,3,0,0,0.42105263157894735,0.5113756613756614,0,-1,-1,legit-portal-service-744.com
29,29,0,1,3,0,4,0,0,0.41025641025641024,0.509323116219668,0,-1,-1,legit-portal-service-3416.com
29,29,0,1,3,0,4,0,0,0.41025641025641024,0.509323116219668,0,-1,-1,legit-portal-service-2692.com
29,29,0,1,3,0,4,0,0,0.41025641025641024,0.509323116219668,0,-1,-1,legit-portal-service-1109.com
29,29,0,1,3,0,4,0,0,0.41025641025641024,0.509323116219668,0,-1,-1,legit-portal-service-2985.com
29,29,0,1,3,0,4,0,0,0.41025641025641024,0.509323116219668,0,-1,-1,legit-portal-service-2547.com
29,29,0,1,3,0,4,0,0,0.41025641025641024,0.509323116219668,0,-1,-1,legit-portal-service-1326.com
29,29,0,1,3,0,4,0,0,0.41025641025641024,0.509323116219668,0,-1,-1,legit-portal-service-4282.com
28,28,0,1,3,0,3,0,0,0.42105263157894735,0.5113756613756614,0,-1,-1,legit-portal-service-684.com
29,29,0,1,3,0,4,0,0,0.41025641025641024,0.509323116219668,0,-1,-1,legit-portal-service-3888.com
29,29,0,1,3,0,4,0,0,0.41025641025641024,0.509323116219668,0,-1,-1,legit-portal-service-1606.com
29,29,0,1,3,0,4,0,0,0.41025641025641024,0.509323116219668,0,-1,-1,legit-portal-service-3312.com
29,29,0,1,3,0,4,0,0,0.41025641025641024,0.509323116219668,0,-1,-1,legit-portal-service-2543.com
29,29,0,1,3,0,4,0,0,0.41025641025641024,0.509323116219668,0,-1,-1,legit-portal-service-1203.com
29,29,0,1,3,0,4,0,0,0.41025641025641024,0.509323116219668,0,-1,-1,legit-portal-service-3776.com
29,29,0,1,3,0,4,0,0,0.41025641025641024,0.509323116219668,0,-1,-1,legit-portal-service-2771.com
29,29,0,1,3,0,4,0,0,0.41025641025641024,0.509323116219668,0,-1,-1,legit-portal-service-1337.com
29,29,0,1,3,0,4,0,0,0.41025641025641024,0.509323116219668,0,-1,-1,legit-portal-service-1314.com
29,29,0,1,3,0,4,0,0,0.41025641025641024,0.509323116219668,0,-1,-1,legit-portal-service-2139.com
28,28,0,1,3,0,3,0,0,0.42105263157894735,0.5113756613756614,0,-1,-1,legit-portal-service-754.com
29,29,0,1,3,0,4,0,0,0.41025641025641024,0.509323116219668,0,-1,-1,legit-portal-service-2511.com
29,29,0,1,3,0,4,0,0,0.41025641025641024,0.509323116219668,0,-1,-1,legit-portal-service-3186.com
29,29,0,1,3,0,4,0,0,0.41025641025641024,0.509323116219668,0,-1,-1,legit-portal-service-3980.com
29,29,0,1,3,0,4,0,0,0.41025641025641024,0.509323116219668,0,-1,-1,legit-portal-service-4405.com
29,29,0,1,3,0,4,0,0,0.41025641025641024,0.509323116219668,0,-1,-1,legit-portal-service-1009.com
28,28,0,1,3,0,3,0,0,0.42105263157894735,0.5113756613756614,0,-1,-1,legit-portal-service-847.com
28,28,0,1,3,0,3,0,0,0.42105263157894735,0.5113756613756614,0,-1,-1,legit-portal-service-185.com
29,29,0,1,3,0,4,0,0,0.41025641025641024,0.509323116219668,0,-1,-1,legit-portal-service-2415.com
29,29,0,1,3,0,4,0,0,0.41025641025641024,0.509323116219668,0,-1,-1,legit-portal-service-2008.com
29,29,0,1,3,0,4,0,0,0.41025641025641024,0.509323116219668,0,-1,-1,legit-portal-service-1699.com
28,28,0,1,3,0,3,0,0,0.42105263157894735,0.5113756613756614,0,-1,-1,legit-portal-service-482.com
29,29,0,1,3,0,4,0,0,0.41025641025641024,0.509323116219668,0,-1,-1,legit-portal-service-4928.com
28,28,0,1,3,0,3,0,0,0.42105263157894735,0.5113756613756614,0,-1,-1,legit-portal-service-323.com
29,29,0,1,3,0,4,0,0,0.41025641025641024,0.509323116219668,0,-1,-1,legit-portal-service-2770.com
29,29,0,1,3,0,4,0,0,0.41025641025641024,0.509323116219668,0,-1,-1,legit-portal-service-1703.com
29,29,0,1,3,0,4,0,0,0.41025641025641024,0.509323116219668,0,-1,-1,legit-portal-service-4475.com
27,27,0,1,3,0,2,0,0,0.43243243243243246,0.5308641975308642,0,-1,-1,legit-portal-service-19.com
29,29,0,1,3,0,4,0,0,0.41025641025641024,0.509323116219668,0,-1,-1,legit-portal-service-1040.com
29,29,0,1,3,0,4,0,0,0.41025641025641024,0.509323116219668,0,-1,-1,legit-portal-service-1892.com
29,29,0,1,3,0,4,0,0,0.41025641025641024,0.509323116219668,0,-1,-1,legit-portal-service-4155.com
28,28,0,1,3,0,3,0,0,0.42105263157894735,0.5113756613756614,0,-1,-1,legit-portal-service-128.com
29,29,0,1,3,0,4,0,0,0.41025641025641024,0.509323116219668,0,-1,-1,legit-portal-service-3724.com
28,28,0,1,3,0,3,0,0,0.42105263157894735,0.5113756613756614,0,-1,-1,legit-portal-service-403.com
29,29,0,1,3,0,4,0,0,0.41025641025641024,0.509323116219668,0,-1,-1,legit-portal-service-2711.com
29,29,0,1,3,0,4,0,0,0.41025641025641024,0.509323116219668,0,-1,-1,legit-portal-service-3365.com
29,29,0,1,3,0,4,0,0,0.41025641025641024,0.509323116219668,0,-1,-1,legit-portal-service-4691.com
29,29,0,1,3,0,4,0,0,0.41025641025641024,0.509323116219668,0,-1,-1,legit-portal-service-3136.com
28,28,0,1,3,0,3,0,0,0.42105263157894735,0.5113756613756614,0,-1,-1,legit-portal-service-199.com
29,29,0,1,3,0,4,0,0,0.41025641025641024,0.509323116219668,0,-1,-1,legit-portal-service-3232.com
28,28,0,1,3,0,3,0,0,0.42105263157894735,0.5113756613756614,0,-1,-1,legit-portal-service-838.com
29,29,0,1,3,0,4,0,0,0.41025641025641024,0.509323116219668,0,-1,-1,legit-portal-service-2779.com
29,29,0,1,3,0,4,0,0,0.41025641025641024,0.509323116219668,0,-1,-1,legit-portal-service-3053.com
29,29,0,1,3,0,4,0,0,0.41025641025641024,0.509323116219668,0,-1,-1,legit-portal-service-3109.com
28,28,0,1,3,0,3,0,0,0.42105263157894735,0.5113756613756614,0,-1,-1,legit-portal-service-844.com
28,28,0,1,3,0,3,0,0,0.42105263157894735,0.5113756613756614,0,-1,-1,legit-portal-service-717.com
29,29,0,1,3,0,4,0,0,0.41025641025641024,0.509323116219668,0,-1,-1,legit-portal-service-1526.com
29,29,0,1,3,0,4,0,0,0.41025641025641024,0.509323116219668,0,-1,-1,legit-portal-service-4620.com
29,29,0,1,3,0,4,0,0,0.41025641025641024,0.509323116219668,0,-1,-1,legit-portal-service-3263.com
29,29,0,1,3,0,4,0,0,0.41025641025641024,0.509323116219668,0,-1,-1,legit-portal-service-2634.com
29,29,0,1,3,0,4,0,0,0.41025641025641024,0.509323116219668,0,-1,-1,legit-portal-service-3637.com
29,29,0,1,3,0,4,0,0,0.41025641025641024,0.509323116219668,0,-1,-1,legit-portal-service-3515.com
29,29,0,1,3,0,4,0,0,0.41025641025641024,0.509323116219668,0,-1,-1,legit-portal-service-2879.com
29,29,0,1,3,0,4,0,0,0.41025641025641024,0.509323116219668,0,-1,-1,legit-portal-service-2310.com
29,29,0,1,3,0,4,0,0,0.41025641025641024,0.509323116219668,0,-1,-1,legit-portal-service-2553.com
28,28,0,1,3,0,3,0,0,0.42105263157894735,0.5113756613756614,0,-1,-1,legit-portal-service-508.com
29,29,0,1,3,0,4,0,0,0.41025641025641024,0.509323116219668,0,-1,-1,legit-portal-service-2774.com
27,27,0,1,3,0,2,0,0,0.43243243243243246,0.5308641975308642,0,-1,-1,legit-portal-service-72.com
29,29,0,1,3,0,4,0,0,0.41025641025641024,0.509323116219668,0,-1,-1,legit-portal-service-2688.com
29,29,0,1,3,0,4,0,0,0.41025641025641024,0.509323116219668,0,-1,-1,legit-portal-service-4337.com
29,29,0,1,3,0,4,0,0,0.41025641025641024,0.509323116219668,0,-1,-1,legit-portal-service-1187.com
29,29,0,1,3,0,4,0,0,0.41025641025641024,0.509323116219668,0,-1,-1,legit-portal-service-3026.com
29,29,0,1,3,0,4,0,0,0.41025641025641024,0.509323116219668,0,-1,-1,legit-portal-service-3665.com
28,28,0,1,3,0,3,0,0,0.42105263157894735,0.5113756613756614,0,-1,-1,legit-portal-service-546.com
29,29,0,1,3,0,4,0,0,0.41025641025641024,0.509323116219668,0,-1,-1,legit-portal-service-3582.com
28,28,0,1,3,0,3,0,0,0.42105263157894735,0.5113756613756614,0,-1,-1,legit-portal-service-469.com
29,29,0,1,3,0,4,0,0,0.41025641025641024,0.509323116219668,0,-1,-1,legit-portal-service-1153.com
29,29,0,1,3,0,4,0,0,0.41025641025641024,0.509323116219668,0,-1,-1,legit-portal-service-2858.com
28,28,0,1,3,0,3,0,0,0.42105263157894735,0.5113756613756614,0,-1,-1,legit-portal-service-887.com
29,29,0,1,3,0,4,0,0,0.41025641025641024,0.509323116219668,0,-1,-1,legit-portal-service-1639.com
29,29,0,1,3,0,4,0,0,0.41025641025641024,0.509323116219668,0,-1,-1,legit-portal-service-4853.com
28,28,0,1,3,0,3,0,0,0.42105263157894735,0.5113756613756614,0,-1,-1,legit-portal-service-634.com
28,28,0,1,3,0,3,0,0,0.42105263157894735,0.5113756613756614,0,-1,-1,legit-portal-service-733.com
29,29,0,1,3,0,4,0,0,0.41025641025641024,0.509323116219668,0,-1,-1,legit-portal-service-4389.com
29,29,0,1,3,0,4,0,0,0.41025641025641024,0.509323116219668,0,-1,-1,legit-portal-service-4411.com
28,28,0,1,3,0,3,0,0,0.42105263157894735,0.5113756613756614,0,-1,-1,legit-portal-service-413.com
28,28,0,1,3,0,3,0,0,0.42105263157894735,0.5113756613756614,0,-1,-1,legit-portal-service-571.com
29,29,0,1,3,0,4,0,0,0.41025641025641024,0.509323116219668,0,-1,-1,legit-portal-service-4284.com
29,29,0,1,3,0,4,0,0,0.41025641025641024,0.509323116219668,0,-1,-1,legit-portal-service-4140.com
28,28,0,1,3,0,3,0,0,0.42105263157894735,0.5113756613756614,0,-1,-1,legit-portal-service-791.com
28,28,0,1,3,0,3,0,0,0.42105263157894735,0.5113756613756614,0,-1,-1,legit-portal-service-449.com
29,29,0,1,3,0,4,0,0,0.41025641025641024,0.509323116219668,0,-1,-1,legit-portal-service-2810.com
29,29,0,1,3,0,4,0,0,0.41025641025641024,0.509323116219668,0,-1,-1,legit-portal-service-4640.com
29,29,0,1,3,0,4,0,0,0.41025641025641024,0.509323116219668,0,-1,-1,legit-portal-service-3336.com
29,29,0,1,3,0,4,0,0,0.41025641025641024,0.509323116219668,0,-1,-1,legit-portal-service-2573.com
29,29,0,1,3,0,4,0,0,0.41025641025641024,0.509323116219668,0,-1,-1,legit-portal-service-3496.com
29,29,0,1,3,0,4,0,0,0.41025641025641024,0.509323116219668,0,-1,-1,legit-portal-service-3095.com
29,29,0,1,3,0,4,0,0,0.41025641025641024,0.509323116219668,0,-1,-1,legit-portal-service-4961.com
29,29,0,1,3,0,4,0,0,0.41025641025641024,0.509323116219668,0,-1,-1,legit-portal-service-1631.com
29,29,0,1,3,0,4,0,0,0.41025641025641024,0.509323116219668,0,-1,-1,legit-portal-service-4957.com
28,28,0,1,3,0,3,0,0,0.42105263157894735,0.5113756613756614,0,-1,-1,legit-portal-service-143.com
29,29,0,1,3,0,4,0,0,0.41025641025641024,0.509323116219668,0,-1,-1,legit-portal-service-1397.com
29,29,0,1,3,0,4,0,0,0.41025641025641024,0.509323116219668,0,-1,-1,legit-portal-service-2485.com
29,29,0,1,3,0,4,0,0,0.41025641025641024,0.509323116219668,0,-1,-1,legit-portal-service-4294.com
29,29,0,1,3,0,4,0,0,0.41025641025641024,0.509323116219668,0,-1,-1,legit-portal-service-3650.com
29,29,0,1,3,0,4,0,0,0.41025641025641024,0.509323116219668,0,-1,-1,legit-portal-service-2013.com
29,29,0,1,3,0,4,0,0,0.41025641025641024,0.509323116219668,0,-1,-1,legit-portal-service-1052.com
28,28,0,1,3,0,3,0,0,0.42105263157894735,0.5113756613756614,0,-1,-1,legit-portal-service-973.com
29,29,0,1,3,0,4,0,0,0.41025641025641024,0.509323116219668,0,-1,-1,legit-portal-service-3905.com
28,28,0,1,3,0,3,0,0,0.42105263157894735,0.5113756613756614,0,-1,-1,legit-portal-service-780.com
29,29,0,1,3,0,4,0,0,0.41025641025641024,0.509323116219668,0,-1,-1,legit-portal-service-2761.com
29,29,0,1,3,0,4,0,0,0.41025641025641024,0.509323116219668,0,-1,-1,legit-portal-service-3533.com
29,29,0,1,3,0,4,0,0,0.41025641025641024,0.509323116219668,0,-1,-1,legit-portal-service-4213.com
29,29,0,1,3,0,4,0,0,0.41025641025641024,0.509323116219668,0,-1,-1,legit-portal-service-3450.com
28,28,0,1,3,0,3,0,0,0.42105263157894735,0.5113756613756614,0,-1,-1,legit-portal-service-728.com
29,29,0,1,3,0,4,0,0,0.41025641025641024,0.509323116219668,0,-1,-1,legit-portal-service-1754.com
29,29,0,1,3,0,4,0,0,0.41025641025641024,0.509323116219668,0,-1,-1,legit-portal-service-1556.com
29,29,0,1,3,0,4,0,0,0.41025641025641024,0.509323116219668,0,-1,-1,legit-portal-service-1254.com
29,29,0,1,3,0,4,0,0,0.41025641025641024,0.509323116219668,0,-1,-1,legit-portal-service-4768.com
29,29,0,1,3,0,4,0,0,0.41025641025641024,0.509323116219668,0,-1,-1,legit-portal-service-4681.com
29,29,0,1,3,0,4,0,0,0.41025641025641024,0.509323116219668,0,-1,-1,legit-portal-service-3622.com
29,29,0,1,3,0,4,0,0,0.41025641025641024,0.509323116219668,0,-1,-1,legit-portal-service-3854.com
29,29,0,1,3,0,4,0,0,0.41025641025641024,0.509323116219668,0,-1,-1,legit-portal-service-2601.com
29,29,0,1,3,0,4,0,0,0.41025641025641024,0.509323116219668,0,-1,-1,legit-portal-service-4379.com
29,29,0,1,3,0,4,0,0,0.41025641025641024,0.509323116219668,0,-1,-1,legit-portal-service-1031.com
29,29,0,1,3,0,4,0,0,0.41025641025641024,0.509323116219668,0,-1,-1,legit-portal-service-3909.com
29,29,0,1,3,0,4,0,0,0.41025641025641024,0.509323116219668,0,-1,-1,legit-portal-service-2658.com
29,29,0,1,3,0,4,0,0,0.41025641025641024,0.509323116219668,0,-1,-1,legit-portal-service-1947.com
29,29,0,1,3,0,4,0,0,0.41025641025641024,0.509323116219668,0,-1,-1,legit-portal-service-2014.com
29,29,0,1,3,0,4,0,0,0.41025641025641024,0.509323116219668,0,-1,-1,legit-portal-service-4778.com
29,29,0,1,3,0,4,0,0,0.41025641025641024,0.509323116219668,0,-1,-1,legit-portal-service-4865.com
28,28,0,1,3,0,3,0,0,0.42105263157894735,0.5113756613756614,0,-1,-1,legit-portal-service-671.com
29,29,0,1,3,0,4,0,0,0.41025641025641024,0.509323116219668,0,-1,-1,legit-portal-service-1598.com
29,29,0,1,3,0,4,0,0,0.41025641025641024,0.509323116219668,0,-1,-1,legit-portal-service-4795.com
29,29,0,1,3,0,4,0,0,0.41025641025641024,0.509323116219668,0,-1,-1,legit-portal-service-3423.com
29,29,0,1,3,0,4,0,0,0.41025641025641024,0.509323116219668,0,-1,-1,legit-portal-service-4493.com
29,29,0,1,3,0,4,0,0,0.41025641025641024,0.509323116219668,0,-1,-1,legit-portal-service-1572.com
29,29,0,1,3,0,4,0,0,0.41025641025641024,0.509323116219668,0,-1,-1,legit-portal-service-4803.com
29,29,0,1,3,0,4,0,0,0.41025641025641024,0.509323116219668,0,-1,-1,legit-portal-service-3374.com
29,29,0,1,3,0,4,0,0,0.41025641025641024,0.509323116219668,0,-1,-1,legit-portal-service-1310.com
29,29,0,1,3,0,4,0,0,0.41025641025641024,0.509323116219668,0,-1,-1,legit-portal-service-2959.com
29,29,0,1,3,0,4,0,0,0.41025641025641024,0.509323116219668,0,-1,-1,legit-portal-service-1897.com
29,29,0,1,3,0,4,0,0,0.41025641025641024,0.509323116219668,0,-1,-1,legit-portal-service-4827.com
28,28,0,1,3,0,3,0,0,0.42105263157894735,0.5113756613756614,0,-1,-1,legit-portal-service-598.com
28,28,0,1,3,0,3,0,0,0.42105263157894735,0.5113756613756614,0,-1,-1,legit-portal-service-903.com
29,29,0,1,3,0,4,0,0,0.41025641025641024,0.509323116219668,0,-1,-1,legit-portal-service-3410.com
29,29,0,1,3,0,4,0,0,0.41025641025641024,0.509323116219668,0,-1,-1,legit-portal-service-4027.com
29,29,0,1,3,0,4,0,0,0.41025641025641024,0.509323116219668,0,-1,-1,legit-portal-service-1849.com
29,29,0,1,3,0,4,0,0,0.41025641025641024,0.509323116219668,0,-1,-1,legit-portal-service-3008.com
29,29,0,1,3,0,4,0,0,0.41025641025641024,0.509323116219668,0,-1,-1,legit-portal-service-1774.com
29,29,0,1,3,0,4,0,0,0.41025641025641024,0.509323116219668,0,-1,-1,legit-portal-service-2424.com
29,29,0,1,3,0,4,0,0,0.41025641025641024,0.509323116219668,0,-1,-1,legit-portal-service-2233.com
29,29,0,1,3,0,4,0,0,0.41025641025641024,0.509323116219668,0,-1,-1,legit-portal-service-1078.com
29,29,0,1,3,0,4,0,0,0.41025641025641024,0.509323116219668,0,-1,-1,legit-portal-service-4603.com
27,27,0,1,3,0,2,0,0,0.43243243243243246,0.5308641975308642,0,-1,-1,legit-portal-service-82.com
29,29,0,1,3,0,4,0,0,0.41025641025641024,0.509323116219668,0,-1,-1,legit-portal-service-2704.com
29,29,0,1,3,0,4,0,0,0.41025641025641024,0.509323116219668,0,-1,-1,legit-portal-service-1912.com
29,29,0,1,3,0,4,0,0,0.41025641025641024,0.509323116219668,0,-1,-1,legit-portal-service-4310.com
29,29,0,1,3,0,4,0,0,0.41025641025641024,0.509323116219668,0,-1,-1,legit-portal-service-4420.com
29,29,0,1,3,0,4,0,0,0.41025641025641024,0.509323116219668,0,-1,-1,legit-portal-service-4789.com
29,29,0,1,3,0,4,0,0,0.41025641025641024,0.509323116219668,0,-1,-1,legit-portal-service-2385.com
29,29,0,1,3,0,4,0,0,0.41025641025641024,0.509323116219668,0,-1,-1,legit-portal-service-4996.com
28,28,0,1,3,0,3,0,0,0.42105263157894735,0.5113756613756614,0,-1,-1,legit-portal-service-167.com
29,29,0,1,3,0,4,0,0,0.41025641025641024,0.509323116219668,0,-1,-1,legit-portal-service-3632.com
29,29,0,1,3,0,4,0,0,0.41025641025641024,0.509323116219668,0,-1,-1,legit-portal-service-3761.com
29,29,0,1,3,0,4,0,0,0.41025641025641024,0.509323116219668,0,-1,-1,legit-portal-service-3732.com
29,29,0,1,3,0,4,0,0,0.41025641025641024,0.509323116219668,0,-1,-1,legit-portal-service-1112.com
29,29,0,1,3,0,4,0,0,0.41025641025641024,0.509323116219668,0,-1,-1,legit-portal-service-3483.com
29,29,0,1,3,0,4,0,0,0.41025641025641024,0.509323116219668,0,-1,-1,legit-portal-service-1576.com
29,29,0,1,3,0,4,0,0,0.41025641025641024,0.509323116219668,0,-1,-1,legit-portal-service-1635.com
28,28,0,1,3,0,3,0,0,0.42105263157894735,0.5113756613756614,0,-1,-1,legit-portal-service-486.com
27,27,0,1,3,0,2,0,0,0.43243243243243246,0.5308641975308642,0,-1,-1,legit-portal-service-94.com
29,29,0,1,3,0,4,0,0,0.41025641025641024,0.509323116219668,0,-1,-1,legit-portal-service-3694.com
29,29,0,1,3,0,4,0,0,0.41025641025641024,0.509323116219668,0,-1,-1,legit-portal-service-1053.com
28,28,0,1,3,0,3,0,0,0.42105263157894735,0.5113756613756614,0,-1,-1,legit-portal-service-304.com
29,29,0,1,3,0,4,0,0,0.41025641025641024,0.509323116219668,0,-1,-1,legit-portal-service-1271.com
29,29,0,1,3,0,4,0,0,0.41025641025641024,0.509323116219668,0,-1,-1,legit-portal-service-3104.com
29,29,0,1,3,0,4,0,0,0.41025641025641024,0.509323116219668,0,-1,-1,legit-portal-service-2580.com
29,29,0,1,3,0,4,0,0,0.41025641025641024,0.509323116219668,0,-1,-1,legit-portal-service-2764.com
27,27,0,1,3,0,2,0,0,0.43243243243243246,0.5308641975308642,0,-1,-1,legit-portal-service-33.com
29,29,0,1,3,0,4,0,0,0.41025641025641024,0.509323116219668,0,-1,-1,legit-portal-service-4753.com
29,29,0,1,3,0,4,0,0,0.41025641025641024,0.509323116219668,0,-1,-1,legit-portal-service-3093.com
29,29,0,1,3,0,4,0,0,0.41025641025641024,0.509323116219668,0,-1,-1,legit-portal-service-3294.com
29,29,0,1,3,0,4,0,0,0.41025641025641024,0.509323116219668,0,-1,-1,legit-portal-service-4111.com
29,29,0,1,3,0,4,0,0,0.41025641025641024,0.509323116219668,0,-1,-1,legit-portal-service-2881.com
28,28,0,1,3,0,3,0,0,0.42105263157894735,0.5113756613756614,0,-1,-1,legit-portal-service-151.com
29,29,0,1,3,0,4,0,0,0.41025641025641024,0.509323116219668,0,-1,-1,legit-portal-service-4540.com
29,29,0,1,3,0,4,0,0,0.41025641025641024,0.509323116219668,0,-1,-1,legit-portal-service-4149.com
29,29,0,1,3,0,4,0,0,0.41025641025641024,0.509323116219668,0,-1,-1,legit-portal-service-2499.com
29,29,0,1,3,0,4,0,0,0.41025641025641024,0.509323116219668,0,-1,-1,legit-portal-service-1961.com
29,29,0,1,3,0,4,0,0,0.41025641025641024,0.509323116219668,0,-1,-1,legit-portal-service-3564.com
29,29,0,1,3,0,4,0,0,0.41025641025641024,0.509323116219668,0,-1,-1,legit-portal-service-1855.com
29,29,0,1,3,0,4,0,0,0.41025641025641024,0.509323116219668,0,-1,-1,legit-portal-service-2458.com
29,29,0,1,3,0,4,0,0,0.41025641025641024,0.509323116219668,0,-1,-1,legit-portal-service-3344.com
29,29,0,1,3,0,4,0,0,0.41025641025641024,0.509323116219668,0,-1,-1,legit-portal-service-1024.com
29,29,0,1,3,0,4,0,0,0.41025641025641024,0.509323116219668,0,-1,-1,legit-portal-service-4530.com
29,29,0,1,3,0,4,0,0,0.41025641025641024,0.509323116219668,0,-1,-1,legit-portal-service-1138.com
29,29,0,1,3,0,4,0,0,0.41025641025641024,0.509323116219668,0,-1,-1,legit-portal-service-2622.com
29,29,0,1,3,0,4,0,0,0.41025641025641024,0.509323116219668,0,-1,-1,legit-portal-service-2035.com
29,29,0,1,3,0,4,0,0,0.41025641025641024,0.509323116219668,0,-1,-1,legit-portal-service-2040.com
29,29,0,1,3,0,4,0,0,0.41025641025641024,0.509323116219668,0,-1,-1,legit-portal-service-2805.com
28,28,0,1,3,0,3,0,0,0.42105263157894735,0.5113756613756614,0,-1,-1,legit-portal-service-386.com
29,29,0,1,3,0,4,0,0,0.41025641025641024,0.509323116219668,0,-1,-1,legit-portal-service-2975.com
29,29,0,1,3,0,4,0,0,0.41025641025641024,0.509323116219668,0,-1,-1,legit-portal-service-1982.com
29,29,0,1,3,0,4,0,0,0.41025641025641024,0.509323116219668,0,-1,-1,legit-portal-service-3192.com
29,29,0,1,3,0,4,0,0,0.41025641025641024,0.509323116219668,0,-1,-1,legit-portal-service-4307.com
29,29,0,1,3,0,4,0,0,0.41025641025641024,0.509323116219668,0,-1,-1,legit-portal-service-2403.com
29,29,0,1,3,0,4,0,0,0.41025641025641024,0.509323116219668,0,-1,-1,legit-portal-service-3715.com
29,29,0,1,3,0,4,0,0,0.41025641025641024,0.509323116219668,0,-1,-1,legit-portal-service-2650.com
29,29,0,1,3,0,4,0,0,0.41025641025641024,0.509323116219668,0,-1,-1,legit-portal-service-4129.com
29,29,0,1,3,0,4,0,0,0.41025641025641024,0.509323116219668,0,-1,-1,legit-portal-service-4434.com
29,29,0,1,3,0,4,0,0,0.41025641025641024,0.509323116219668,0,-1,-1,legit-portal-service-4358.com
29,29,0,1,3,0,4,0,0,0.41025641025641024,0.509323116219668,0,-1,-1,legit-portal-service-3815.com
29,29,0,1,3,0,4,0,0,0.41025641025641024,0.509323116219668,0,-1,-1,legit-portal-service-2044.com
29,29,0,1,3,0,4,0,0,0.41025641025641024,0.509323116219668,0,-1,-1,legit-portal-service-1779.com
29,29,0,1,3,0,4,0,0,0.41025641025641024,0.509323116219668,0,-1,-1,legit-portal-service-2689.com
29,29,0,1,3,0,4,0,0,0.41025641025641024,0.509323116219668,0,-1,-1,legit-portal-service-2147.com
29,29,0,1,3,0,4,0,0,0.41025641025641024,0.509323116219668,0,-1,-1,legit-portal-service-4491.com
13,13,0,1,0,0,0,0,0,1.0,1.0,0,-1,-1,microsoft.com
28,28,0,1,3,0,3,0,0,0.42105263157894735,0.5113756613756614,0,-1,-1,legit-portal-service-753.com
29,29,0,1,3,0,4,0,0,0.41025641025641024,0.509323116219668,0,-1,-1,legit-portal-service-4303.com
29,29,0,1,3,0,4,0,0,0.41025641025641024,0.509323116219668,0,-1,-1,legit-portal-service-1061.com
29,29,0,1,3,0,4,0,0,0.41025641025641024,0.509323116219668,0,-1,-1,legit-portal-service-4901.com
28,28,0,1,3,0,3,0,0,0.42105263157894735,0.5113756613756614,0,-1,-1,legit-portal-service-437.com
29,29,0,1,3,0,4,0,0,0.41025641025641024,0.509323116219668,0,-1,-1,legit-portal-service-4007.com
28,28,0,1,3,0,3,0,0,0.42105263157894735,0.5113756613756614,0,-1,-1,legit-portal-service-411.com
29,29,0,1,3,0,4,0,0,0.41025641025641024,0.509323116219668,0,-1,-1,legit-portal-service-1777.com
29,29,0,1,3,0,4,0,0,0.41025641025641024,0.509323116219668,0,-1,-1,legit-portal-service-3742.com
29,29,0,1,3,0,4,0,0,0.41025641025641024,0.509323116219668,0,-1,-1,legit-portal-service-1028.com
29,29,0,1,3,0,4,0,0,0.41025641025641024,0.509323116219668,0,-1,-1,legit-portal-service-4040.com
29,29,0,1,3,0,4,0,0,0.41025641025641024,0.509323116219668,0,-1,-1,legit-portal-service-1767.com
29,29,0,1,3,0,4,0,0,0.41025641025641024,0.509323116219668,0,-1,-1,legit-portal-service-3708.com
28,28,0,1,3,0,3,0,0,0.42105263157894735,0.5113756613756614,0,-1,-1,legit-portal-service-763.com
29,29,0,1,3,0,4,0,0,0.41025641025641024,0.509323116219668,0,-1,-1,legit-portal-service-1482.com
29,29,0,1,3,0,4,0,0,0.41025641025641024,0.509323116219668,0,-1,-1,legit-portal-service-2974.com
29,29,0,1,3,0,4,0,0,0.41025641025641024,0.509323116219668,0,-1,-1,legit-portal-service-4423.com
29,29,0,1,3,0,4,0,0,0.41025641025641024,0.509323116219668,0,-1,-1,legit-portal-service-3935.com
28,28,0,1,3,0,3,0,0,0.42105263157894735,0.5113756613756614,0,-1,-1,legit-portal-service-997.com
28,28,0,1,3,0,3,0,0,0.42105263157894735,0.5113756613756614,0,-1,-1,legit-portal-service-110.com
29,29,0,1,3,0,4,0,0,0.41025641025641024,0.509323116219668,0,-1,-1,legit-portal-service-2261.com
29,29,0,1,3,0,4,0,0,0.41025641025641024,0.509323116219668,0,-1,-1,legit-portal-service-2428.com
29,29,0,1,3,0,4,0,0,0.41025641025641024,0.509323116219668,0,-1,-1,legit-portal-service-4019.com
29,29,0,1,3,0,4,0,0,0.41025641025641024,0.509323116219668,0,-1,-1,legit-portal-service-1455.com
29,29,0,1,3,0,4,0,0,0.41025641025641024,0.509323116219668,0,-1,-1,legit-portal-service-3983.com
29,29,0,1,3,0,4,0,0,0.41025641025641024,0.509323116219668,0,-1,-1,legit-portal-service-4848.com
28,28,0,1,3,0,3,0,0,0.42105263157894735,0.5113756613756614,0,-1,-1,legit-portal-service-582.com
29,29,0,1,3,0,4,0,0,0.41025641025641024,0.509323116219668,0,-1,-1,legit-portal-service-3801.com
28,28,0,1,3,0,3,0,0,0.42105263157894735,0.5113756613756614,0,-1,-1,legit-portal-service-995.com
29,29,0,1,3,0,4,0,0,0.41025641025641024,0.509323116219668,0,-1,-1,legit-portal-service-2471.com
29,29,0,1,3,0,4,0,0,0.41025641025641024,0.509323116219668,0,-1,-1,legit-portal-service-4304.com
29,29,0,1,3,0,4,0,0,0.41025641025641024,0.509323116219668,0,-1,-1,legit-portal-service-1023.com
29,29,0,1,3,0,4,0,0,0.41025641025641024,0.509323116219668,0,-1,-1,legit-portal-service-2124.com
29,29,0,1,3,0,4,0,0,0.41025641025641024,0.509323116219668,0,-1,-1,legit-portal-service-3002.com
29,29,0,1,3,0,4,0,0,0.41025641025641024,0.509323116219668,0,-1,-1,legit-portal-service-4572.com
29,29,0,1,3,0,4,0,0,0.41025641025641024,0.509323116219668,0,-1,-1,legit-portal-service-1971.com
29,29,0,1,3,0,4,0,0,0.41025641025641024,0.509323116219668,0,-1,-1,legit-portal-service-4380.com
29,29,0,1,3,0,4,0,0,0.41025641025641024,0.509323116219668,0,-1,-1,legit-portal-service-3683.com
29,29,0,1,3,0,4,0,0,0.41025641025641024,0.509323116219668,0,-1,-1,legit-portal-service-3569.com
29,29,0,1,3,0,4,0,0,0.41025641025641024,0.509323116219668,0,-1,-1,legit-portal-service-3676.com
29,29,0,1,3,0,4,0,0,0.41025641025641024,0.509323116219668,0,-1,-1,legit-portal-service-3261.com
27,27,0,1,3,0,2,0,0,0.43243243243243246,0.5308641975308642,0,-1,-1,legit-portal-service-76.com
29,29,0,1,3,0,4,0,0,0.41025641025641024,0.509323116219668,0,-1,-1,legit-portal-service-1764.com
29,29,0,1,3,0,4,0,0,0.41025641025641024,0.509323116219668,0,-1,-1,legit-portal-service-4221.com
29,29,0,1,3,0,4,0,0,0.41025641025641024,0.509323116219668,0,-1,-1,legit-portal-service-1279.com
29,29,0,1,3,0,4,0,0,0.41025641025641024,0.509323116219668,0,-1,-1,legit-portal-service-4163.com
29,29,0,1,3,0,4,0,0,0.41025641025641024,0.509323116219668,0,-1,-1,legit-portal-service-1171.com
27,27,0,1,3,0,2,0,0,0.43243243243243246,0.5308641975308642,0,-1,-1,legit-portal-service-14.com
29,29,0,1,3,0,4,0,0,0.41025641025641024,0.509323116219668,0,-1,-1,legit-portal-service-2413.com
29,29,0,1,3,0,4,0,0,0.41025641025641024,0.509323116219668,0,-1,-1,legit-portal-service-1820.com
29,29,0,1,3,0,4,0,0,0.41025641025641024,0.509323116219668,0,-1,-1,legit-portal-service-3973.com
29,29,0,1,3,0,4,0,0,0.41025641025641024,0.509323116219668,0,-1,-1,legit-portal-service-2365.com
29,29,0,1,3,0,4,0,0,0.41025641025641024,0.509323116219668,0,-1,-1,legit-portal-service-4999.com
29,29,0,1,3,0,4,0,0,0.41025641025641024,0.509323116219668,0,-1,-1,legit-portal-service-2314.com
29,29,0,1,3,0,4,0,0,0.41025641025641024,0.509323116219668,0,-1,-1,legit-portal-service-3505.com
29,29,0,1,3,0,4,0,0,0.41025641025641024,0.509323116219668,0,-1,-1,legit-portal-service-2947.com
29,29,0,1,3,0,4,0,0,0.41025641025641024,0.509323116219668,0,-1,-1,legit-portal-service-2230.com
29,29,0,1,3,0,4,0,0,0.41025641025641024,0.509323116219668,0,-1,-1,legit-portal-service-1100.com
28,28,0,1,3,0,3,0,0,0.42105263157894735,0.5113756613756614,0,-1,-1,legit-portal-service-668.com
29,29,0,1,3,0,4,0,0,0.41025641025641024,0.509323116219668,0,-1,-1,legit-portal-service-1913.com
29,29,0,1,3,0,4,0,0,0.41025641025641024,0.509323116219668,0,-1,-1,legit-portal-service-2719.com
29,29,0,1,3,0,4,0,0,0.41025641025641024,0.509323116219668,0,-1,-1,legit-portal-service-3881.com
29,29,0,1,3,0,4,0,0,0.41025641025641024,0.509323116219668,0,-1,-1,legit-portal-service-3711.com
29,29,0,1,3,0,4,0,0,0.41025641025641024,0.509323116219668,0,-1,-1,legit-portal-service-3903.com
29,29,0,1,3,0,4,0,0,0.41025641025641024,0.509323116219668,0,-1,-1,legit-portal-service-4239.com
29,29,0,1,3,0,4,0,0,0.41025641025641024,0.509323116219668,0,-1,-1,legit-portal-service-2138.com
29,29,0,1,3,0,4,0,0,0.41025641025641024,0.509323116219668,0,-1,-1,legit-portal-service-1044.com
29,29,0,1,3,0,4,0,0,0.41025641025641024,0.509323116219668,0,-1,-1,legit-portal-service-2041.com
29,29,0,1,3,0,4,0,0,0.41025641025641024,0.509323116219668,0,-1,-1,legit-portal-service-4955.com
28,28,0,1,3,0,3,0,0,0.42105263157894735,0.5113756613756614,0,-1,-1,legit-portal-service-130.com
29,29,0,1,3,0,4,0,0,0.41025641025641024,0.509323116219668,0,-1,-1,legit-portal-service-1675.com
29,29,0,1,3,0,4,0,0,0.41025641025641024,0.509323116219668,0,-1,-1,legit-portal-service-4465.com
29,29,0,1,3,0,4,0,0,0.41025641025641024,0.509323116219668,0,-1,-1,legit-portal-service-1461.com
29,29,0,1,3,0,4,0,0,0.41025641025641024,0.509323116219668,0,-1,-1,legit-portal-service-2032.com
29,29,0,1,3,0,4,0,0,0.41025641025641024,0.509323116219668,0,-1,-1,legit-portal-service-4642.com
29,29,0,1,3,0,4,0,0,0.41025641025641024,0.509323116219668,0,-1,-1,legit-portal-service-1582.com
29,29,0,1,3,0,4,0,0,0.41025641025641024,0.509323116219668,0,-1,-1,legit-portal-service-4112.com
29,29,0,1,3,0,4,0,0,0.41025641025641024,0.509323116219668,0,-1,-1,legit-portal-service-4375.com
29,29,0,1,3,0,4,0,0,0.41025641025641024,0.509323116219668,0,-1,-1,legit-portal-service-3578.com
28,28,0,1,3,0,3,0,0,0.42105263157894735,0.5113756613756614,0,-1,-1,legit-portal-service-418.com
29,29,0,1,3,0,4,0,0,0.41025641025641024,0.509323116219668,0,-1,-1,legit-portal-service-1695.com
28,28,0,1,3,0,3,0,0,0.42105263157894735,0.5113756613756614,0,-1,-1,legit-portal-service-606.com
29,29,0,1,3,0,4,0,0,0.41025641025641024,0.509323116219668,0,-1,-1,legit-portal-service-2865.com
29,29,0,1,3,0,4,0,0,0.41025641025641024,0.509323116219668,0,-1,-1,legit-portal-service-1825.com
28,28,0,1,3,0,3,0,0,0.42105263157894735,0.5113756613756614,0,-1,-1,legit-portal-service-320.com
28,28,0,1,3,0,3,0,0,0.42105263157894735,0.5113756613756614,0,-1,-1,legit-portal-service-710.com
29,29,0,1,3,0,4,0,0,0.41025641025641024,0.509323116219668,0,-1,-1,legit-portal-service-3422.com
29,29,0,1,3,0,4,0,0,0.41025641025641024,0.509323116219668,0,-1,-1,legit-portal-service-1586.com
28,28,0,1,3,0,3,0,0,0.42105263157894735,0.5113756613756614,0,-1,-1,legit-portal-service-455.com
29,29,0,1,3,0,4,0,0,0.41025641025641024,0.509323116219668,0,-1,-1,legit-portal-service-1883.com
29,29,0,1,3,0,4,0,0,0.41025641025641024,0.509323116219668,0,-1,-1,legit-portal-service-2003.com
29,29,0,1,3,0,4,0,0,0.41025641025641024,0.509323116219668,0,-1,-1,legit-portal-service-2063.com
29,29,0,1,3,0,4,0,0,0.41025641025641024,0.509323116219668,0,-1,-1,legit-portal-service-3298.com
28,28,0,1,3,0,3,0,0,0.42105263157894735,0.5113756613756614,0,-1,-1,legit-portal-service-385.com
29,29,0,1,3,0,4,0,0,0.41025641025641024,0.509323116219668,0,-1,-1,legit-portal-service-2700.com
28,28,0,1,3,0,3,0,0,0.42105263157894735,0.5113756613756614,0,-1,-1,legit-portal-service-145.com
29,29,0,1,3,0,4,0,0,0.41025641025641024,0.509323116219668,0,-1,-1,legit-portal-service-2050.com
29,29,0,1,3,0,4,0,0,0.41025641025641024,0.509323116219668,0,-1,-1,legit-portal-service-3073.com
29,29,0,1,3,0,4,0,0,0.41025641025641024,0.509323116219668,0,-1,-1,legit-portal-service-1746.com
29,29,0,1,3,0,4,0,0,0.41025641025641024,0.509323116219668,0,-1,-1,legit-portal-service-2928.com
29,29,0,1,3,0,4,0,0,0.41025641025641024,0.509323116219668,0,-1,-1,legit-portal-service-3102.com
29,29,0,1,3,0,4,0,0,0.41025641025641024,0.509323116219668,0,-1,-1,legit-portal-service-1004.com
29,29,0,1,3,0,4,0,0,0.41025641025641024,0.509323116219668,0,-1,-1,legit-portal-service-2792.com
29,29,0,1,3,0,4,0,0,0.41025641025641024,0.509323116219668,0,-1,-1,legit-portal-service-4114.com
29,29,0,1,3,0,4,0,0,0.41025641025641024,0.509323116219668,0,-1,-1,legit-portal-service-1445.com
29,29,0,1,3,0,4,0,0,0.41025641025641024,0.509323116219668,0,-1,-1,legit-portal-service-4755.com
29,29,0,1,3,0,4,0,0,0.41025641025641024,0.509323116219668,0,-1,-1,legit-portal-service-2595.com
29,29,0,1,3,0,4,0,0,0.41025641025641024,0.509323116219668,0,-1,-1,legit-portal-service-3673.com
29,29,0,1,3,0,4,0,0,0.41025641025641024,0.509323116219668,0,-1,-1,legit-portal-service-4509.com
29,29,0,1,3,0,4,0,0,0.41025641025641024,0.509323116219668,0,-1,-1,legit-portal-service-3934.com
28,28,0,1,3,0,3,0,0,0.42105263157894735,0.5113756613756614,0,-1,-1,legit-portal-service-406.com
29,29,0,1,3,0,4,0,0,0.41025641025641024,0.509323116219668,0,-1,-1,legit-portal-service-2746.com
7,7,0,1,0,0,0,0,0,0.3529411764705882,0.5761904761904763,0,-1,-1,zoom.us
29,29,0,1,3,0,4,0,0,0.41025641025641024,0.509323116219668,0,-1,-1,legit-portal-service-1555.com
28,28,0,1,3,0,3,0,0,0.42105263157894735,0.5113756613756614,0,-1,-1,legit-portal-service-639.com
29,29,0,1,3,0,4,0,0,0.41025641025641024,0.509323116219668,0,-1,-1,legit-portal-service-2822.com
28,28,0,1,3,0,3,0,0,0.42105263157894735,0.5113756613756614,0,-1,-1,legit-portal-service-372.com
29,29,0,1,3,0,4,0,0,0.41025641025641024,0.509323116219668,0,-1,-1,legit-portal-service-4095.com
29,29,0,1,3,0,4,0,0,0.41025641025641024,0.509323116219668,0,-1,-1,legit-portal-service-4970.com
29,29,0,1,3,0,4,0,0,0.41025641025641024,0.509323116219668,0,-1,-1,legit-portal-service-3174.com
29,29,0,1,3,0,4,0,0,0.41025641025641024,0.509323116219668,0,-1,-1,legit-portal-service-2558.com
29,29,0,1,3,0,4,0,0,0.41025641025641024,0.509323116219668,0,-1,-1,legit-portal-service-4878.com
29,29,0,1,3,0,4,0,0,0.41025641025641024,0.509323116219668,0,-1,-1,legit-portal-service-3238.com
29,29,0,1,3,0,4,0,0,0.41025641025641024,0.509323116219668,0,-1,-1,legit-portal-service-3465.com
29,29,0,1,3,0,4,0,0,0.41025641025641024,0.509323116219668,0,-1,-1,legit-portal-service-4350.com
29,29,0,1,3,0,4,0,0,0.41025641025641024,0.509323116219668,0,-1,-1,legit-portal-service-4917.com
29,29,0,1,3,0,4,0,0,0.41025641025641024,0.509323116219668,0,-1,-1,legit-portal-service-1420.com
29,29,0,1,3,0,4,0,0,0.41025641025641024,0.509323116219668,0,-1,-1,legit-portal-service-1769.com
29,29,0,1,3,0,4,0,0,0.41025641025641024,0.509323116219668,0,-1,-1,legit-portal-service-3587.com
7,7,0,1,0,0,0,0,0,0.3529411764705882,0.6047619047619048,0,-1,-1,loc.gov
29,29,0,1,3,0,4,0,0,0.41025641025641024,0.509323116219668,0,-1,-1,legit-portal-service-2932.com
28,28,0,1,3,0,3,0,0,0.42105263157894735,0.5113756613756614,0,-1,-1,legit-portal-service-290.com
29,29,0,1,3,0,4,0,0,0.41025641025641024,0.509323116219668,0,-1,-1,legit-portal-service-1610.com
29,29,0,1,3,0,4,0,0,0.41025641025641024,0.509323116219668,0,-1,-1,legit-portal-service-4732.com
29,29,0,1,3,0,4,0,0,0.41025641025641024,0.509323116219668,0,-1,-1,legit-portal-service-4018.com
29,29,0,1,3,0,4,0,0,0.41025641025641024,0.509323116219668,0,-1,-1,legit-portal-service-1447.com
29,29,0,1,3,0,4,0,0,0.41025641025641024,0.509323116219668,0,-1,-1,legit-portal-service-3689.com
29,29,0,1,3,0,4,0,0,0.41025641025641024,0.509323116219668,0,-1,-1,legit-portal-service-2407.com
29,29,0,1,3,0,4,0,0,0.41025641025641024,0.509323116219668,0,-1,-1,legit-portal-service-2598.com
29,29,0,1,3,0,4,0,0,0.41025641025641024,0.509323116219668,0,-1,-1,legit-portal-service-3950.com
29,29,0,1,3,0,4,0,0,0.41025641025641024,0.509323116219668,0,-1,-1,legit-portal-service-3326.com
27,27,0,1,3,0,2,0,0,0.43243243243243246,0.5308641975308642,0,-1,-1,legit-portal-service-84.com
29,29,0,1,3,0,4,0,0,0.41025641025641024,0.509323116219668,0,-1,-1,legit-portal-service-4623.com
29,29,0,1,3,0,4,0,0,0.41025641025641024,0.509323116219668,0,-1,-1,legit-portal-service-3892.com
29,29,0,1,3,0,4,0,0,0.41025641025641024,0.509323116219668,0,-1,-1,legit-portal-service-1438.com
29,29,0,1,3,0,4,0,0,0.41025641025641024,0.509323116219668,0,-1,-1,legit-portal-service-3914.com
29,29,0,1,3,0,4,0,0,0.41025641025641024,0.509323116219668,0,-1,-1,legit-portal-service-2510.com
28,28,0,1,3,0,3,0,0,0.42105263157894735,0.5113756613756614,0,-1,-1,legit-portal-service-569.com
29,29,0,1,3,0,4,0,0,0.41025641025641024,0.509323116219668,0,-1,-1,legit-portal-service-4051.com
29,29,0,1,3,0,4,0,0,0.41025641025641024,0.509323116219668,0,-1,-1,legit-portal-service-4662.com
7,7,0,1,0,0,0,0,0,0.30000000000000004,0.5026455026455027,0,-1,-1,nih.gov
29,29,0,1,3,0,4,0,0,0.41025641025641024,0.509323116219668,0,-1,-1,legit-portal-service-2107.com
28,28,0,1,3,0,3,0,0,0.42105263157894735,0.5113756613756614,0,-1,-1,legit-portal-service-485.com
29,29,0,1,3,0,4,0,0,0.41025641025641024,0.509323116219668,0,-1,-1,legit-portal-service-1495.com
29,29,0,1,3,0,4,0,0,0.41025641025641024,0.509323116219668,0,-1,-1,legit-portal-service-2649.com
28,28,0,1,3,0,3,0,0,0.42105263157894735,0.5113756613756614,0,-1,-1,legit-portal-service-533.com
29,29,0,1,3,0,4,0,0,0.41025641025641024,0.509323116219668,0,-1,-1,legit-portal-service-4818.com
29,29,0,1,3,0,4,0,0,0.41025641025641024,0.509323116219668,0,-1,-1,legit-portal-service-1491.com
29,29,0,1,3,0,4,0,0,0.41025641025641024,0.509323116219668,0,-1,-1,legit-portal-service-2565.com
29,29,0,1,3,0,4,0,0,0.41025641025641024,0.509323116219668,0,-1,-1,legit-portal-service-3119.com
29,29,0,1,3,0,4,0,0,0.41025641025641024,0.509323116219668,0,-1,-1,legit-portal-service-3962.com
29,29,0,1,3,0,4,0,0,0.41025641025641024,0.509323116219668,0,-1,-1,legit-portal-service-1476.com
29,29,0,1,3,0,4,0,0,0.41025641025641024,0.509323116219668,0,-1,-1,legit-portal-service-2195.com
29,29,0,1,3,0,4,0,0,0.41025641025641024,0.509323116219668,0,-1,-1,legit-portal-service-1219.com
29,29,0,1,3,0,4,0,0,0.41025641025641024,0.509323116219668,0,-1,-1,legit-portal-service-3282.com
29,29,0,1,3,0,4,0,0,0.41025641025641024,0.509323116219668,0,-1,-1,legit-portal-service-1448.com
29,29,0,1,3,0,4,0,0,0.41025641025641024,0.509323116219668,0,-1,-1,legit-portal-service-3895.com
29,29,0,1,3,0,4,0,0,0.41025641025641024,0.509323116219668,0,-1,-1,legit-portal-service-2615.com
29,29,0,1,3,0,4,0,0,0.41025641025641024,0.509323116219668,0,-1,-1,legit-portal-service-1808.com
29,29,0,1,3,0,4,0,0,0.41025641025641024,0.509323116219668,0,-1,-1,legit-portal-service-3369.com
28,28,0,1,3,0,3,0,0,0.42105263157894735,0.5113756613756614,0,-1,-1,legit-portal-service-122.com
29,29,0,1,3,0,4,0,0,0.41025641025641024,0.509323116219668,0,-1,-1,legit-portal-service-2463.com
28,28,0,1,3,0,3,0,0,0.42105263157894735,0.5113756613756614,0,-1,-1,legit-portal-service-771.com
29,29,0,1,3,0,4,0,0,0.41025641025641024,0.509323116219668,0,-1,-1,legit-portal-service-4610.com
28,28,0,1,3,0,3,0,0,0.42105263157894735,0.5113756613756614,0,-1,-1,legit-portal-service-721.com
27,27,0,1,3,0,2,0,0,0.43243243243243246,0.5308641975308642,0,-1,-1,legit-portal-service-90.com
28,28,0,1,3,0,3,0,0,0.42105263157894735,0.5113756613756614,0,-1,-1,legit-portal-service-833.com
29,29,0,1,3,0,4,0,0,0.41025641025641024,0.509323116219668,0,-1,-1,legit-portal-service-1712.com
29,29,0,1,3,0,4,0,0,0.41025641025641024,0.509323116219668,0,-1,-1,legit-portal-service-4535.com
29,29,0,1,3,0,4,0,0,0.41025641025641024,0.509323116219668,0,-1,-1,legit-portal-service-2754.com
28,28,0,1,3,0,3,0,0,0.42105263157894735,0.5113756613756614,0,-1,-1,legit-portal-service-496.com
29,29,0,1,3,0,4,0,0,0.41025641025641024,0.509323116219668,0,-1,-1,legit-portal-service-4461.com
29,29,0,1,3,0,4,0,0,0.41025641025641024,0.509323116219668,0,-1,-1,legit-portal-service-2034.com
29,29,0,1,3,0,4,0,0,0.41025641025641024,0.509323116219668,0,-1,-1,legit-portal-service-4534.com
29,29,0,1,3,0,4,0,0,0.41025641025641024,0.509323116219668,0,-1,-1,legit-portal-service-4171.com
29,29,0,1,3,0,4,0,0,0.41025641025641024,0.509323116219668,0,-1,-1,legit-portal-service-4545.com
28,28,0,1,3,0,3,0,0,0.42105263157894735,0.5113756613756614,0,-1,-1,legit-portal-service-488.com
29,29,0,1,3,0,4,0,0,0.41025641025641024,0.509323116219668,0,-1,-1,legit-portal-service-2582.com
29,29,0,1,3,0,4,0,0,0.41025641025641024,0.509323116219668,0,-1,-1,legit-portal-service-1236.com
29,29,0,1,3,0,4,0,0,0.41025641025641024,0.509323116219668,0,-1,-1,legit-portal-service-1276.com
29,29,0,1,3,0,4,0,0,0.41025641025641024,0.509323116219668,0,-1,-1,legit-portal-service-4000.com
29,29,0,1,3,0,4,0,0,0.41025641025641024,0.509323116219668,0,-1,-1,legit-portal-service-2970.com
28,28,0,1,3,0,3,0,0,0.42105263157894735,0.5113756613756614,0,-1,-1,legit-portal-service-625.com
29,29,0,1,3,0,4,0,0,0.41025641025641024,0.509323116219668,0,-1,-1,legit-portal-service-1039.com
29,29,0,1,3,0,4,0,0,0.41025641025641024,0.509323116219668,0,-1,-1,legit-portal-service-3908.com
29,29,0,1,3,0,4,0,0,0.41025641025641024,0.509323116219668,0,-1,-1,legit-portal-service-1016.com
29,29,0,1,3,0,4,0,0,0.41025641025641024,0.509323116219668,0,-1,-1,legit-portal-service-1022.com
29,29,0,1,3,0,4,0,0,0.41025641025641024,0.509323116219668,0,-1,-1,legit-portal-service-2884.com
29,29,0,1,3,0,4,0,0,0.41025641025641024,0.509323116219668,0,-1,-1,legit-portal-service-2804.com
28,28,0,1,3,0,3,0,0,0.42105263157894735,0.5113756613756614,0,-1,-1,legit-portal-service-219.com
29,29,0,1,3,0,4,0,0,0.41025641025641024,0.509323116219668,0,-1,-1,legit-portal-service-2151.com
28,28,0,1,3,0,3,0,0,0.42105263157894735,0.5113756613756614,0,-1,-1,legit-portal-service-725.com
28,28,0,1,3,0,3,0,0,0.42105263157894735,0.5113756613756614,0,-1,-1,legit-portal-service-568.com
29,29,0,1,3,0,4,0,0,0.41025641025641024,0.509323116219668,0,-1,-1,legit-portal-service-1908.com
11,11,0,1,0,0,0,0,0,0.5833333333333333,0.724941724941725,0,-1,-1,dropbox.com
29,29,0,1,3,0,4,0,0,0.41025641025641024,0.509323116219668,0,-1,-1,legit-portal-service-3167.com
29,29,0,1,3,0,4,0,0,0.41025641025641024,0.509323116219668,0,-1,-1,legit-portal-service-4661.com
29,29,0,1,3,0,4,0,0,0.41025641025641024,0.509323116219668,0,-1,-1,legit-portal-service-3253.com
29,29,0,1,3,0,4,0,0,0.41025641025641024,0.509323116219668,0,-1,-1,legit-portal-service-1565.com
29,29,0,1,3,0,4,0,0,0.41025641025641024,0.509323116219668,0,-1,-1,legit-portal-service-4327.com
29,29,0,1,3,0,4,0,0,0.41025641025641024,0.509323116219668,0,-1,-1,legit-portal-service-2384.com
26,26,0,1,3,0,1,0,0,0.4444444444444444,0.5327635327635328,0,-1,-1,legit-portal-service-1.com
29,29,0,1,3,0,4,0,0,0.41025641025641024,0.509323116219668,0,-1,-1,legit-portal-service-1807.com
29,29,0,1,3,0,4,0,0,0.41025641025641024,0.509323116219668,0,-1,-1,legit-portal-service-1090.com
29,29,0,1,3,0,4,0,0,0.41025641025641024,0.509323116219668,0,-1,-1,legit-portal-service-1288.com
29,29,0,1,3,0,4,0,0,0.41025641025641024,0.509323116219668,0,-1,-1,legit-portal-service-4877.com
29,29,0,1,3,0,4,0,0,0.41025641025641024,0.509323116219668,0,-1,-1,legit-portal-service-1861.com
11,11,0,1,0,0,0,0,0,0.5,0.6515151515151515,0,-1,-1,nytimes.com
29,29,0,1,3,0,4,0,0,0.41025641025641024,0.509323116219668,0,-1,-1,legit-portal-service-4408.com
29,29,0,1,3,0,4,0,0,0.41025641025641024,0.509323116219668,0,-1,-1,legit-portal-service-3753.com
28,28,0,1,3,0,3,0,0,0.42105263157894735,0.5113756613756614,0,-1,-1,legit-portal-service-993.com
29,29,0,1,3,0,4,0,0,0.41025641025641024,0.509323116219668,0,-1,-1,legit-portal-service-1679.com
29,29,0,1,3,0,4,0,0,0.41025641025641024,0.509323116219668,0,-1,-1,legit-portal-service-4872.com
29,29,0,1,3,0,4,0,0,0.41025641025641024,0.509323116219668,0,-1,-1,legit-portal-service-3170.com
29,29,0,1,3,0,4,0,0,0.41025641025641024,0.509323116219668,0,-1,-1,legit-portal-service-1297.com
29,29,0,1,3,0,4,0,0,0.41025641025641024,0.509323116219668,0,-1,-1,legit-portal-service-2036.com
29,29,0,1,3,0,4,0,0,0.41025641025641024,0.509323116219668,0,-1,-1,legit-portal-service-3406.com
28,28,0,1,3,0,3,0,0,0.42105263157894735,0.5113756613756614,0,-1,-1,legit-portal-service-846.com
29,29,0,1,3,0,4,0,0,0.41025641025641024,0.509323116219668,0,-1,-1,legit-portal-service-1848.com
29,29,0,1,3,0,4,0,0,0.41025641025641024,0.509323116219668,0,-1,-1,legit-portal-service-2801.com
29,29,0,1,3,0,4,0,0,0.41025641025641024,0.509323116219668,0,-1,-1,legit-portal-service-4419.com
29,29,0,1,3,0,4,0,0,0.41025641025641024,0.509323116219668,0,-1,-1,legit-portal-service-3500.com
29,29,0,1,3,0,4,0,0,0.41025641025641024,0.509323116219668,0,-1,-1,legit-portal-service-2549.com
29,29,0,1,3,0,4,0,0,0.41025641025641024,0.509323116219668,0,-1,-1,legit-portal-service-1249.com
29,29,0,1,3,0,4,0,0,0.41025641025641024,0.509323116219668,0,-1,-1,legit-portal-service-2489.com
29,29,0,1,3,0,4,0,0,0.41025641025641024,0.509323116219668,0,-1,-1,legit-portal-service-4833.com
29,29,0,1,3,0,4,0,0,0.41025641025641024,0.509323116219668,0,-1,-1,legit-portal-service-2253.com
29,29,0,1,3,0,4,0,0,0.41025641025641024,0.509323116219668,0,-1,-1,legit-portal-service-4746.com
29,29,0,1,3,0,4,0,0,0.41025641025641024,0.509323116219668,0,-1,-1,legit-portal-service-2453.com
29,29,0,1,3,0,4,0,0,0.41025641025641024,0.509323116219668,0,-1,-1,legit-portal-service-3698.com
29,29,0,1,3,0,4,0,0,0.41025641025641024,0.509323116219668,0,-1,-1,legit-portal-service-4458.com
29,29,0,1,3,0,4,0,0,0.41025641025641024,0.509323116219668,0,-1,-1,legit-portal-service-2130.com
29,29,0,1,3,0,4,0,0,0.41025641025641024,0.509323116219668,0,-1,-1,legit-portal-service-1189.com
28,28,0,1,3,0,3,0,0,0.42105263157894735,0.5113756613756614,0,-1,-1,legit-portal-service-762.com
29,29,0,1,3,0,4,0,0,0.41025641025641024,0.509323116219668,0,-1,-1,legit-portal-service-2378.com
29,29,0,1,3,0,4,0,0,0.41025641025641024,0.509323116219668,0,-1,-1,legit-portal-service-1742.com
28,28,0,1,3,0,3,0,0,0.42105263157894735,0.5113756613756614,0,-1,-1,legit-portal-service-537.com
29,29,0,1,3,0,4,0,0,0.41025641025641024,0.509323116219668,0,-1,-1,legit-portal-service-3163.com
29,29,0,1,3,0,4,0,0,0.41025641025641024,0.509323116219668,0,-1,-1,legit-portal-service-2345.com
29,29,0,1,3,0,4,0,0,0.41025641025641024,0.509323116219668,0,-1,-1,legit-portal-service-2695.com
28,28,0,1,3,0,3,0,0,0.42105263157894735,0.5113756613756614,0,-1,-1,legit-portal-service-464.com
29,29,0,1,3,0,4,0,0,0.41025641025641024,0.509323116219668,0,-1,-1,legit-portal-service-1429.com
29,29,0,1,3,0,4,0,0,0.41025641025641024,0.509323116219668,0,-1,-1,legit-portal-service-2503.com
29,29,0,1,3,0,4,0,0,0.41025641025641024,0.509323116219668,0,-1,-1,legit-portal-service-4158.com
29,29,0,1,3,0,4,0,0,0.41025641025641024,0.509323116219668,0,-1,-1,legit-portal-service-1388.com
29,29,0,1,3,0,4,0,0,0.41025641025641024,0.509323116219668,0,-1,-1,legit-portal-service-4352.com
29,29,0,1,3,0,4,0,0,0.41025641025641024,0.509323116219668,0,-1,-1,legit-portal-service-3487.com
28,28,0,1,3,0,3,0,0,0.42105263157894735,0.5113756613756614,0,-1,-1,legit-portal-service-876.com
29,29,0,1,3,0,4,0,0,0.41025641025641024,0.509323116219668,0,-1,-1,legit-portal-service-2079.com
28,28,0,1,3,0,3,0,0,0.42105263157894735,0.5113756613756614,0,-1,-1,legit-portal-service-117.com
29,29,0,1,3,0,4,0,0,0.41025641025641024,0.509323116219668,0,-1,-1,legit-portal-service-1003.com
28,28,0,1,3,0,3,0,0,0.42105263157894735,0.5113756613756614,0,-1,-1,legit-portal-service-363.com
29,29,0,1,3,0,4,0,0,0.41025641025641024,0.509323116219668,0,-1,-1,legit-portal-service-4166.com
29,29,0,1,3,0,4,0,0,0.41025641025641024,0.509323116219668,0,-1,-1,legit-portal-service-1852.com
29,29,0,1,3,0,4,0,0,0.41025641025641024,0.509323116219668,0,-1,-1,legit-portal-service-4421.com
29,29,0,1,3,0,4,0,0,0.41025641025641024,0.509323116219668,0,-1,-1,legit-portal-service-1227.com
29,29,0,1,3,0,4,0,0,0.41025641025641024,0.509323116219668,0,-1,-1,legit-portal-service-3729.com
29,29,0,1,3,0,4,0,0,0.41025641025641024,0.509323116219668,0,-1,-1,legit-portal-service-1847.com
27,27,0,1,3,0,2,0,0,0.43243243243243246,0.5308641975308642,0,-1,-1,legit-portal-service-40.com
29,29,0,1,3,0,4,0,0,0.41025641025641024,0.509323116219668,0,-1,-1,legit-portal-service-1104.com
29,29,0,1,3,0,4,0,0,0.41025641025641024,0.509323116219668,0,-1,-1,legit-portal-service-2824.com
28,28,0,1,3,0,3,0,0,0.42105263157894735,0.5113756613756614,0,-1,-1,legit-portal-service-590.com
29,29,0,1,3,0,4,0,0,0.41025641025641024,0.509323116219668,0,-1,-1,legit-portal-service-4986.com
29,29,0,1,3,0,4,0,0,0.41025641025641024,0.509323116219668,0,-1,-1,legit-portal-service-3187.com
29,29,0,1,3,0,4,0,0,0.41025641025641024,0.509323116219668,0,-1,-1,legit-portal-service-3820.com
29,29,0,1,3,0,4,0,0,0.41025641025641024,0.509323116219668,0,-1,-1,legit-portal-service-1010.com
29,29,0,1,3,0,4,0,0,0.41025641025641024,0.509323116219668,0,-1,-1,legit-portal-service-3372.com
29,29,0,1,3,0,4,0,0,0.41025641025641024,0.509323116219668,0,-1,-1,legit-portal-service-3772.com
29,29,0,1,3,0,4,0,0,0.41025641025641024,0.509323116219668,0,-1,-1,legit-portal-service-3744.com
29,29,0,1,3,0,4,0,0,0.41025641025641024,0.509323116219668,0,-1,-1,legit-portal-service-1692.com
28,28,0,1,3,0,3,0,0,0.42105263157894735,0.5113756613756614,0,-1,-1,legit-portal-service-511.com
28,28,0,1,3,0,3,0,0,0.42105263157894735,0.5113756613756614,0,-1,-1,legit-portal-service-867.com
28,28,0,1,3,0,3,0,0,0.42105263157894735,0.5113756613756614,0,-1,-1,legit-portal-service-706.com
29,29,0,1,3,0,4,0,0,0.41025641025641024,0.509323116219668,0,-1,-1,legit-portal-service-4846.com
29,29,0,1,3,0,4,0,0,0.41025641025641024,0.509323116219668,0,-1,-1,legit-portal-service-4275.com
29,29,0,1,3,0,4,0,0,0.41025641025641024,0.509323116219668,0,-1,-1,legit-portal-service-4126.com
29,29,0,1,3,0,4,0,0,0.41025641025641024,0.509323116219668,0,-1,-1,legit-portal-service-4813.com
29,29,0,1,3,0,4,0,0,0.41025641025641024,0.509323116219668,0,-1,-1,legit-portal-service-1395.com
29,29,0,1,3,0,4,0,0,0.41025641025641024,0.509323116219668,0,-1,-1,legit-portal-service-2288.com
28,28,0,1,3,0,3,0,0,0.42105263157894735,0.5113756613756614,0,-1,-1,legit-portal-service-318.com
29,29,0,1,3,0,4,0,0,0.41025641025641024,0.509323116219668,0,-1,-1,legit-portal-service-2072.com
29,29,0,1,3,0,4,0,0,0.41025641025641024,0.509323116219668,0,-1,-1,legit-portal-service-2111.com
29,29,0,1,3,0,4,0,0,0.41025641025641024,0.509323116219668,0,-1,-1,legit-portal-service-2443.com
29,29,0,1,3,0,4,0,0,0.41025641025641024,0.509323116219668,0,-1,-1,legit-portal-service-2996.com
29,29,0,1,3,0,4,0,0,0.41025641025641024,0.509323116219668,0,-1,-1,legit-portal-service-2164.com
29,29,0,1,3,0,4,0,0,0.41025641025641024,0.509323116219668,0,-1,-1,legit-portal-service-3044.com
28,28,0,1,3,0,3,0,0,0.42105263157894735,0.5113756613756614,0,-1,-1,legit-portal-service-619.com
29,29,0,1,3,0,4,0,0,0.41025641025641024,0.509323116219668,0,-1,-1,legit-portal-service-2962.com
29,29,0,1,3,0,4,0,0,0.41025641025641024,0.509323116219668,0,-1,-1,legit-portal-service-1625.com
29,29,0,1,3,0,4,0,0,0.41025641025641024,0.509323116219668,0,-1,-1,legit-portal-service-1321.com
29,29,0,1,3,0,4,0,0,0.41025641025641024,0.509323116219668,0,-1,-1,legit-portal-service-1663.com
28,28,0,1,3,0,3,0,0,0.42105263157894735,0.5113756613756614,0,-1,-1,legit-portal-service-755.com
29,29,0,1,3,0,4,0,0,0.41025641025641024,0.509323116219668,0,-1,-1,legit-portal-service-3723.com
29,29,0,1,3,0,4,0,0,0.41025641025641024,0.509323116219668,0,-1,-1,legit-portal-service-1373.com
29,29,0,1,3,0,4,0,0,0.41025641025641024,0.509323116219668,0,-1,-1,legit-portal-service-4951.com
29,29,0,1,3,0,4,0,0,0.41025641025641024,0.509323116219668,0,-1,-1,legit-portal-service-2949.com
29,29,0,1,3,0,4,0,0,0.41025641025641024,0.509323116219668,0,-1,-1,legit-portal-service-3403.com
29,29,0,1,3,0,4,0,0,0.41025641025641024,0.509323116219668,0,-1,-1,legit-portal-service-3086.com
29,29,0,1,3,0,4,0,0,0.41025641025641024,0.509323116219668,0,-1,-1,legit-portal-service-2097.com
29,29,0,1,3,0,4,0,0,0.41025641025641024,0.509323116219668,0,-1,-1,legit-portal-service-4283.com
29,29,0,1,3,0,4,0,0,0.41025641025641024,0.509323116219668,0,-1,-1,legit-portal-service-4532.com
29,29,0,1,3,0,4,0,0,0.41025641025641024,0.509323116219668,0,-1,-1,legit-portal-service-1176.com
29,29,0,1,3,0,4,0,0,0.41025641025641024,0.509323116219668,0,-1,-1,legit-portal-service-4086.com
29,29,0,1,3,0,4,0,0,0.41025641025641024,0.509323116219668,0,-1,-1,legit-portal-service-3839.com
29,29,0,1,3,0,4,0,0,0.41025641025641024,0.509323116219668,0,-1,-1,legit-portal-service-3140.com
28,28,0,1,3,0,3,0,0,0.42105263157894735,0.5113756613756614,0,-1,-1,legit-portal-service-961.com
28,28,0,1,3,0,3,0,0,0.42105263157894735,0.5113756613756614,0,-1,-1,legit-portal-service-681.com
28,28,0,1,3,0,3,0,0,0.42105263157894735,0.5113756613756614,0,-1,-1,legit-portal-service-655.com
29,29,0,1,3,0,4,0,0,0.41025641025641024,0.509323116219668,0,-1,-1,legit-portal-service-1953.com
28,28,0,1,3,0,3,0,0,0.42105263157894735,0.5113756613756614,0,-1,-1,legit-portal-service-646.com
29,29,0,1,3,0,4,0,0,0.41025641025641024,0.509323116219668,0,-1,-1,legit-portal-service-4045.com
29,29,0,1,3,0,4,0,0,0.41025641025641024,0.509323116219668,0,-1,-1,legit-portal-service-4589.com
29,29,0,1,3,0,4,0,0,0.41025641025641024,0.509323116219668,0,-1,-1,legit-portal-service-4641.com
29,29,0,1,3,0,4,0,0,0.41025641025641024,0.509323116219668,0,-1,-1,legit-portal-service-2156.com
29,29,0,1,3,0,4,0,0,0.41025641025641024,0.509323116219668,0,-1,-1,legit-portal-service-2753.com
29,29,0,1,3,0,4,0,0,0.41025641025641024,0.509323116219668,0,-1,-1,legit-portal-service-2223.com
29,29,0,1,3,0,4,0,0,0.41025641025641024,0.509323116219668,0,-1,-1,legit-portal-service-1833.com
29,29,0,1,3,0,4,0,0,0.41025641025641024,0.509323116219668,0,-1,-1,legit-portal-service-1697.com
29,29,0,1,3,0,4,0,0,0.41025641025641024,0.509323116219668,0,-1,-1,legit-portal-service-1143.com
28,28,0,1,3,0,3,0,0,0.42105263157894735,0.5113756613756614,0,-1,-1,legit-portal-service-410.com
29,29,0,1,3,0,4,0,0,0.41025641025641024,0.509323116219668,0,-1,-1,legit-portal-service-1325.com
29,29,0,1,3,0,4,0,0,0.41025641025641024,0.509323116219668,0,-1,-1,legit-portal-service-3900.com
29,29,0,1,3,0,4,0,0,0.41025641025641024,0.509323116219668,0,-1,-1,legit-portal-service-4772.com
29,29,0,1,3,0,4,0,0,0.41025641025641024,0.509323116219668,0,-1,-1,legit-portal-service-1888.com
29,29,0,1,3,0,4,0,0,0.41025641025641024,0.509323116219668,0,-1,-1,legit-portal-service-4618.com
29,29,0,1,3,0,4,0,0,0.41025641025641024,0.509323116219668,0,-1,-1,legit-portal-service-3688.com
28,28,0,1,3,0,3,0,0,0.42105263157894735,0.5113756613756614,0,-1,-1,legit-portal-service-589.com
29,29,0,1,3,0,4,0,0,0.41025641025641024,0.509323116219668,0,-1,-1,legit-portal-service-4338.com
29,29,0,1,3,0,4,0,0,0.41025641025641024,0.509323116219668,0,-1,-1,legit-portal-service-4526.com
29,29,0,1,3,0,4,0,0,0.41025641025641024,0.509323116219668,0,-1,-1,legit-portal-service-3616.com
29,29,0,1,3,0,4,0,0,0.41025641025641024,0.509323116219668,0,-1,-1,legit-portal-service-3236.com
27,27,0,1,3,0,2,0,0,0.43243243243243246,0.5308641975308642,0,-1,-1,legit-portal-service-92.com
29,29,0,1,3,0,4,0,0,0.41025641025641024,0.509323116219668,0,-1,-1,legit-portal-service-2460.com
28,28,0,1,3,0,3,0,0,0.42105263157894735,0.5113756613756614,0,-1,-1,legit-portal-service-182.com
29,29,0,1,3,0,4,0,0,0.41025641025641024,0.509323116219668,0,-1,-1,legit-portal-service-3160.com
29,29,0,1,3,0,4,0,0,0.41025641025641024,0.509323116219668,0,-1,-1,legit-portal-service-2887.com
29,29,0,1,3,0,4,0,0,0.41025641025641024,0.509323116219668,0,-1,-1,legit-portal-service-2885.com
29,29,0,1,3,0,4,0,0,0.41025641025641024,0.509323116219668,0,-1,-1,legit-portal-service-4054.com
29,29,0,1,3,0,4,0,0,0.41025641025641024,0.509323116219668,0,-1,-1,legit-portal-service-1991.com
28,28,0,1,3,0,3,0,0,0.42105263157894735,0.5113756613756614,0,-1,-1,legit-portal-service-362.com
29,29,0,1,3,0,4,0,0,0.41025641025641024,0.509323116219668,0,-1,-1,legit-portal-service-3659.com
28,28,0,1,3,0,3,0,0,0.42105263157894735,0.5113756613756614,0,-1,-1,legit-portal-service-567.com
28,28,0,1,3,0,3,0,0,0.42105263157894735,0.5113756613756614,0,-1,-1,legit-portal-service-371.com
29,29,0,1,3,0,4,0,0,0.41025641025641024,0.509323116219668,0,-1,-1,legit-portal-service-1200.com
29,29,0,1,3,0,4,0,0,0.41025641025641024,0.509323116219668,0,-1,-1,legit-portal-service-3476.com
28,28,0,1,3,0,3,0,0,0.42105263157894735,0.5113756613756614,0,-1,-1,legit-portal-service-576.com
29,29,0,1,3,0,4,0,0,0.41025641025641024,0.509323116219668,0,-1,-1,legit-portal-service-3230.com
29,29,0,1,3,0,4,0,0,0.41025641025641024,0.509323116219668,0,-1,-1,legit-portal-service-1473.com
29,29,0,1,3,0,4,0,0,0.41025641025641024,0.509323116219668,0,-1,-1,legit-portal-service-2739.com
28,28,0,1,3,0,3,0,0,0.42105263157894735,0.5113756613756614,0,-1,-1,legit-portal-service-398.com
29,29,0,1,3,0,4,0,0,0.41025641025641024,0.509323116219668,0,-1,-1,legit-portal-service-3751.com
29,29,0,1,3,0,4,0,0,0.41025641025641024,0.509323116219668,0,-1,-1,legit-portal-service-1313.com
29,29,0,1,3,0,4,0,0,0.41025641025641024,0.509323116219668,0,-1,-1,legit-portal-service-4791.com
29,29,0,1,3,0,4,0,0,0.41025641025641024,0.509323116219668,0,-1,-1,legit-portal-service-2459.com
29,29,0,1,3,0,4,0,0,0.41025641025641024,0.509323116219668,0,-1,-1,legit-portal-service-1672.com
28,28,0,1,3,0,3,0,0,0.42105263157894735,0.5113756613756614,0,-1,-1,legit-portal-service-306.com
28,28,0,1,3,0,3,0,0,0.42105263157894735,0.5113756613756614,0,-1,-1,legit-portal-service-901.com
29,29,0,1,3,0,4,0,0,0.41025641025641024,0.509323116219668,0,-1,-1,legit-portal-service-1513.com
27,27,0,1,3,0,2,0,0,0.43243243243243246,0.5308641975308642,0,-1,-1,legit-portal-service-35.com
29,29,0,1,3,0,4,0,0,0.41025641025641024,0.509323116219668,0,-1,-1,legit-portal-service-4443.com
28,28,0,1,3,0,3,0,0,0.42105263157894735,0.5113756613756614,0,-1,-1,legit-portal-service-381.com
29,29,0,1,3,0,4,0,0,0.41025641025641024,0.509323116219668,0,-1,-1,legit-portal-service-4713.com
29,29,0,1,3,0,4,0,0,0.41025641025641024,0.509323116219668,0,-1,-1,legit-portal-service-2067.com
29,29,0,1,3,0,4,0,0,0.41025641025641024,0.509323116219668,0,-1,-1,legit-portal-service-3814.com
28,28,0,1,3,0,3,0,0,0.42105263157894735,0.5113756613756614,0,-1,-1,legit-portal-service-246.com
29,29,0,1,3,0,4,0,0,0.41025641025641024,0.509323116219668,0,-1,-1,legit-portal-service-3865.com
29,29,0,1,3,0,4,0,0,0.41025641025641024,0.509323116219668,0,-1,-1,legit-portal-service-1282.com
29,29,0,1,3,0,4,0,0,0.41025641025641024,0.509323116219668,0,-1,-1,legit-portal-service-4225.com
29,29,0,1,3,0,4,0,0,0.41025641025641024,0.509323116219668,0,-1,-1,legit-portal-service-2282.com
28,28,0,1,3,0,3,0,0,0.42105263157894735,0.5113756613756614,0,-1,-1,legit-portal-service-253.com
29,29,0,1,3,0,4,0,0,0.41025641025641024,0.509323116219668,0,-1,-1,legit-portal-service-4557.com
29,29,0,1,3,0,4,0,0,0.41025641025641024,0.509323116219668,0,-1,-1,legit-portal-service-3121.com
29,29,0,1,3,0,4,0,0,0.41025641025641024,0.509323116219668,0,-1,-1,legit-portal-service-3151.com
29,29,0,1,3,0,4,0,0,0.41025641025641024,0.509323116219668,0,-1,-1,legit-portal-service-4400.com
28,28,0,1,3,0,3,0,0,0.42105263157894735,0.5113756613756614,0,-1,-1,legit-portal-service-850.com
29,29,0,1,3,0,4,0,0,0.41025641025641024,0.509323116219668,0,-1,-1,legit-portal-service-3116.com
29,29,0,1,3,0,4,0,0,0.41025641025641024,0.509323116219668,0,-1,-1,legit-portal-service-1545.com
28,28,0,1,3,0,3,0,0,0.42105263157894735,0.5113756613756614,0,-1,-1,legit-portal-service-720.com
29,29,0,1,3,0,4,0,0,0.41025641025641024,0.509323116219668,0,-1,-1,legit-portal-service-2064.com
29,29,0,1,3,0,4,0,0,0.41025641025641024,0.509323116219668,0,-1,-1,legit-portal-service-1823.com
29,29,0,1,3,0,4,0,0,0.41025641025641024,0.509323116219668,0,-1,-1,legit-portal-service-4586.com
29,29,0,1,3,0,4,0,0,0.41025641025641024,0.509323116219668,0,-1,-1,legit-portal-service-1951.com
29,29,0,1,3,0,4,0,0,0.41025641025641024,0.509323116219668,0,-1,-1,legit-portal-service-1844.com
29,29,0,1,3,0,4,0,0,0.41025641025641024,0.509323116219668,0,-1,-1,legit-portal-service-2351.com
28,28,0,1,3,0,3,0,0,0.42105263157894735,0.5113756613756614,0,-1,-1,legit-portal-service-788.com
29,29,0,1,3,0,4,0,0,0.41025641025641024,0.509323116219668,0,-1,-1,legit-portal-service-1870.com
29,29,0,1,3,0,4,0,0,0.41025641025641024,0.509323116219668,0,-1,-1,legit-portal-service-3381.com
29,29,0,1,3,0,4,0,0,0.41025641025641024,0.509323116219668,0,-1,-1,legit-portal-service-3285.com
29,29,0,1,3,0,4,0,0,0.41025641025641024,0.509323116219668,0,-1,-1,legit-portal-service-2248.com
29,29,0,1,3,0,4,0,0,0.41025641025641024,0.509323116219668,0,-1,-1,legit-portal-service-3382.com
29,29,0,1,3,0,4,0,0,0.41025641025641024,0.509323116219668,0,-1,-1,legit-portal-service-2795.com
29,29,0,1,3,0,4,0,0,0.41025641025641024,0.509323116219668,0,-1,-1,legit-portal-service-2812.com
29,29,0,1,3,0,4,0,0,0.41025641025641024,0.509323116219668,0,-1,-1,legit-portal-service-4075.com
29,29,0,1,3,0,4,0,0,0.41025641025641024,0.509323116219668,0,-1,-1,legit-portal-service-1520.com
28,28,0,1,3,0,3,0,0,0.42105263157894735,0.5113756613756614,0,-1,-1,legit-portal-service-157.com
29,29,0,1,3,0,4,0,0,0.41025641025641024,0.509323116219668,0,-1,-1,legit-portal-service-4416.com
29,29,0,1,3,0,4,0,0,0.41025641025641024,0.509323116219668,0,-1,-1,legit-portal-service-4998.com
29,29,0,1,3,0,4,0,0,0.41025641025641024,0.509323116219668,0,-1,-1,legit-portal-service-2386.com
29,29,0,1,3,0,4,0,0,0.41025641025641024,0.509323116219668,0,-1,-1,legit-portal-service-2327.com
28,28,0,1,3,0,3,0,0,0.42105263157894735,0.5113756613756614,0,-1,-1,legit-portal-service-651.com
28,28,0,1,3,0,3,0,0,0.42105263157894735,0.5113756613756614,0,-1,-1,legit-portal-service-266.com
29,29,0,1,3,0,4,0,0,0.41025641025641024,0.509323116219668,0,-1,-1,legit-portal-service-2440.com
29,29,0,1,3,0,4,0,0,0.41025641025641024,0.509323116219668,0,-1,-1,legit-portal-service-2478.com
29,29,0,1,3,0,4,0,0,0.41025641025641024,0.509323116219668,0,-1,-1,legit-portal-service-4885.com
28,28,0,1,3,0,3,0,0,0.42105263157894735,0.5113756613756614,0,-1,-1,legit-portal-service-737.com
29,29,0,1,3,0,4,0,0,0.41025641025641024,0.509323116219668,0,-1,-1,legit-portal-service-1500.com
28,28,0,1,3,0,3,0,0,0.42105263157894735,0.5113756613756614,0,-1,-1,legit-portal-service-497.com
28,28,0,1,3,0,3,0,0,0.42105263157894735,0.5113756613756614,0,-1,-1,legit-portal-service-468.com
29,29,0,1,3,0,4,0,0,0.41025641025641024,0.509323116219668,0,-1,-1,legit-portal-service-1304.com
29,29,0,1,3,0,4,0,0,0.41025641025641024,0.509323116219668,0,-1,-1,legit-portal-service-3128.com
29,29,0,1,3,0,4,0,0,0.41025641025641024,0.509323116219668,0,-1,-1,legit-portal-service-2308.com
29,29,0,1,3,0,4,0,0,0.41025641025641024,0.509323116219668,0,-1,-1,legit-portal-service-4687.com
29,29,0,1,3,0,4,0,0,0.41025641025641024,0.509323116219668,0,-1,-1,legit-portal-service-1676.com
29,29,0,1,3,0,4,0,0,0.41025641025641024,0.509323116219668,0,-1,-1,legit-portal-service-4395.com
29,29,0,1,3,0,4,0,0,0.41025641025641024,0.509323116219668,0,-1,-1,legit-portal-service-2826.com
28,28,0,1,3,0,3,0,0,0.42105263157894735,0.5113756613756614,0,-1,-1,legit-portal-service-927.com
29,29,0,1,3,0,4,0,0,0.41025641025641024,0.509323116219668,0,-1,-1,legit-portal-service-2330.com
29,29,0,1,3,0,4,0,0,0.41025641025641024,0.509323116219668,0,-1,-1,legit-portal-service-3778.com
29,29,0,1,3,0,4,0,0,0.41025641025641024,0.509323116219668,0,-1,-1,legit-portal-service-2278.com
29,29,0,1,3,0,4,0,0,0.41025641025641024,0.509323116219668,0,-1,-1,legit-portal-service-1817.com
29,29,0,1,3,0,4,0,0,0.41025641025641024,0.509323116219668,0,-1,-1,legit-portal-service-3479.com
29,29,0,1,3,0,4,0,0,0.41025641025641024,0.509323116219668,0,-1,-1,legit-portal-service-3996.com
29,29,0,1,3,0,4,0,0,0.41025641025641024,0.509323116219668,0,-1,-1,legit-portal-service-2236.com
29,29,0,1,3,0,4,0,0,0.41025641025641024,0.509323116219668,0,-1,-1,legit-portal-service-2560.com
29,29,0,1,3,0,4,0,0,0.41025641025641024,0.509323116219668,0,-1,-1,legit-portal-service-2843.com
28,28,0,1,3,0,3,0,0,0.42105263157894735,0.5113756613756614,0,-1,-1,legit-portal-service-946.com
29,29,0,1,3,0,4,0,0,0.41025641025641024,0.509323116219668,0,-1,-1,legit-portal-service-4329.com
29,29,0,1,3,0,4,0,0,0.41025641025641024,0.509323116219668,0,-1,-1,legit-portal-service-3519.com
29,29,0,1,3,0,4,0,0,0.41025641025641024,0.509323116219668,0,-1,-1,legit-portal-service-1783.com
29,29,0,1,3,0,4,0,0,0.41025641025641024,0.509323116219668,0,-1,-1,legit-portal-service-4052.com
29,29,0,1,3,0,4,0,0,0.41025641025641024,0.509323116219668,0,-1,-1,legit-portal-service-2519.com
28,28,0,1,3,0,3,0,0,0.42105263157894735,0.5113756613756614,0,-1,-1,legit-portal-service-716.com
29,29,0,1,3,0,4,0,0,0.41025641025641024,0.509323116219668,0,-1,-1,legit-portal-service-1550.com
29,29,0,1,3,0,4,0,0,0.41025641025641024,0.509323116219668,0,-1,-1,legit-portal-service-4953.com
28,28,0,1,3,0,3,0,0,0.42105263157894735,0.5113756613756614,0,-1,-1,legit-portal-service-479.com
29,29,0,1,3,0,4,0,0,0.41025641025641024,0.509323116219668,0,-1,-1,legit-portal-service-2524.com
29,29,0,1,3,0,4,0,0,0.41025641025641024,0.509323116219668,0,-1,-1,legit-portal-service-3152.com
29,29,0,1,3,0,4,0,0,0.41025641025641024,0.509323116219668,0,-1,-1,legit-portal-service-2957.com
29,29,0,1,3,0,4,0,0,0.41025641025641024,0.509323116219668,0,-1,-1,legit-portal-service-4644.com
29,29,0,1,3,0,4,0,0,0.41025641025641024,0.509323116219668,0,-1,-1,legit-portal-service-3845.com
29,29,0,1,3,0,4,0,0,0.41025641025641024,0.509323116219668,0,-1,-1,legit-portal-service-1483.com
29,29,0,1,3,0,4,0,0,0.41025641025641024,0.509323116219668,0,-1,-1,legit-portal-service-1566.com
29,29,0,1,3,0,4,0,0,0.41025641025641024,0.509323116219668,0,-1,-1,legit-portal-service-1726.com
28,28,0,1,3,0,3,0,0,0.42105263157894735,0.5113756613756614,0,-1,-1,legit-portal-service-510.com
28,28,0,1,3,0,3,0,0,0.42105263157894735,0.5113756613756614,0,-1,-1,legit-portal-service-818.com
29,29,0,1,3,0,4,0,0,0.41025641025641024,0.509323116219668,0,-1,-1,legit-portal-service-4843.com
29,29,0,1,3,0,4,0,0,0.41025641025641024,0.509323116219668,0,-1,-1,legit-portal-service-4503.com
29,29,0,1,3,0,4,0,0,0.41025641025641024,0.509323116219668,0,-1,-1,legit-portal-service-2303.com
29,29,0,1,3,0,4,0,0,0.41025641025641024,0.509323116219668,0,-1,-1,legit-portal-service-1116.com
29,29,0,1,3,0,4,0,0,0.41025641025641024,0.509323116219668,0,-1,-1,legit-portal-service-4800.com
27,27,0,1,3,0,2,0,0,0.43243243243243246,0.5308641975308642,0,-1,-1,legit-portal-service-64.com
29,29,0,1,3,0,4,0,0,0.41025641025641024,0.509323116219668,0,-1,-1,legit-portal-service-1450.com
29,29,0,1,3,0,4,0,0,0.41025641025641024,0.509323116219668,0,-1,-1,legit-portal-service-2933.com
29,29,0,1,3,0,4,0,0,0.41025641025641024,0.509323116219668,0,-1,-1,legit-portal-service-2546.com
29,29,0,1,3,0,4,0,0,0.41025641025641024,0.509323116219668,0,-1,-1,legit-portal-service-3882.com
29,29,0,1,3,0,4,0,0,0.41025641025641024,0.509323116219668,0,-1,-1,legit-portal-service-2905.com
29,29,0,1,3,0,4,0,0,0.41025641025641024,0.509323116219668,0,-1,-1,legit-portal-service-2655.com
28,28,0,1,3,0,3,0,0,0.42105263157894735,0.5113756613756614,0,-1,-1,legit-portal-service-601.com
29,29,0,1,3,0,4,0,0,0.41025641025641024,0.509323116219668,0,-1,-1,legit-portal-service-1485.com
29,29,0,1,3,0,4,0,0,0.41025641025641024,0.509323116219668,0,-1,-1,legit-portal-service-3421.com
29,29,0,1,3,0,4,0,0,0.41025641025641024,0.509323116219668,0,-1,-1,legit-portal-service-1243.com
29,29,0,1,3,0,4,0,0,0.41025641025641024,0.509323116219668,0,-1,-1,legit-portal-service-3911.com
29,29,0,1,3,0,4,0,0,0.41025641025641024,0.509323116219668,0,-1,-1,legit-portal-service-3239.com
28,28,0,1,3,0,3,0,0,0.42105263157894735,0.5113756613756614,0,-1,-1,legit-portal-service-433.com
28,28,0,1,3,0,3,0,0,0.42105263157894735,0.5113756613756614,0,-1,-1,legit-portal-service-248.com
27,27,0,1,3,0,2,0,0,0.43243243243243246,0.5308641975308642,0,-1,-1,legit-portal-service-41.com
29,29,0,1,3,0,4,0,0,0.41025641025641024,0.509323116219668,0,-1,-1,legit-portal-service-4751.com
29,29,0,1,3,0,4,0,0,0.41025641025641024,0.509323116219668,0,-1,-1,legit-portal-service-2705.com
29,29,0,1,3,0,4,0,0,0.41025641025641024,0.509323116219668,0,-1,-1,legit-portal-service-3061.com
29,29,0,1,3,0,4,0,0,0.41025641025641024,0.509323116219668,0,-1,-1,legit-portal-service-2651.com
29,29,0,1,3,0,4,0,0,0.41025641025641024,0.509323116219668,0,-1,-1,legit-portal-service-3758.com
29,29,0,1,3,0,4,0,0,0.41025641025641024,0.509323116219668,0,-1,-1,legit-portal-service-1600.com
29,29,0,1,3,0,4,0,0,0.41025641025641024,0.509323116219668,0,-1,-1,legit-portal-service-3211.com
29,29,0,1,3,0,4,0,0,0.41025641025641024,0.509323116219668,0,-1,-1,legit-portal-service-1580.com
29,29,0,1,3,0,4,0,0,0.41025641025641024,0.509323116219668,0,-1,-1,legit-portal-service-2929.com
29,29,0,1,3,0,4,0,0,0.41025641025641024,0.509323116219668,0,-1,-1,legit-portal-service-1990.com
29,29,0,1,3,0,4,0,0,0.41025641025641024,0.509323116219668,0,-1,-1,legit-portal-service-4571.com
29,29,0,1,3,0,4,0,0,0.41025641025641024,0.509323116219668,0,-1,-1,legit-portal-service-3219.com
29,29,0,1,3,0,4,0,0,0.41025641025641024,0.509323116219668,0,-1,-1,legit-portal-service-3240.com
29,29,0,1,3,0,4,0,0,0.41025641025641024,0.509323116219668,0,-1,-1,legit-portal-service-2835.com
29,29,0,1,3,0,4,0,0,0.41025641025641024,0.509323116219668,0,-1,-1,legit-portal-service-3339.com
29,29,0,1,3,0,4,0,0,0.41025641025641024,0.509323116219668,0,-1,-1,legit-portal-service-3887.com
29,29,0,1,3,0,4,0,0,0.41025641025641024,0.509323116219668,0,-1,-1,legit-portal-service-1579.com
29,29,0,1,3,0,4,0,0,0.41025641025641024,0.509323116219668,0,-1,-1,legit-portal-service-4558.com
29,29,0,1,3,0,4,0,0,0.41025641025641024,0.509323116219668,0,-1,-1,legit-portal-service-3864.com
29,29,0,1,3,0,4,0,0,0.41025641025641024,0.509323116219668,0,-1,-1,legit-portal-service-4546.com
29,29,0,1,3,0,4,0,0,0.41025641025641024,0.509323116219668,0,-1,-1,legit-portal-service-1966.com
28,28,0,1,3,0,3,0,0,0.42105263157894735,0.5113756613756614,0,-1,-1,legit-portal-service-373.com
29,29,0,1,3,0,4,0,0,0.41025641025641024,0.509323116219668,0,-1,-1,legit-portal-service-2024.com
29,29,0,1,3,0,4,0,0,0.41025641025641024,0.509323116219668,0,-1,-1,legit-portal-service-3707.com
29,29,0,1,3,0,4,0,0,0.41025641025641024,0.509323116219668,0,-1,-1,legit-portal-service-1188.com
29,29,0,1,3,0,4,0,0,0.41025641025641024,0.509323116219668,0,-1,-1,legit-portal-service-4851.com
29,29,0,1,3,0,4,0,0,0.41025641025641024,0.509323116219668,0,-1,-1,legit-portal-service-2220.com
28,28,0,1,3,0,3,0,0,0.42105263157894735,0.5113756613756614,0,-1,-1,legit-portal-service-663.com
29,29,0,1,3,0,4,0,0,0.41025641025641024,0.509323116219668,0,-1,-1,legit-portal-service-3262.com
29,29,0,1,3,0,4,0,0,0.41025641025641024,0.509323116219668,0,-1,-1,legit-portal-service-1393.com
28,28,0,1,3,0,3,0,0,0.42105263157894735,0.5113756613756614,0,-1,-1,legit-portal-service-186.com
29,29,0,1,3,0,4,0,0,0.41025641025641024,0.509323116219668,0,-1,-1,legit-portal-service-4693.com
29,29,0,1,3,0,4,0,0,0.41025641025641024,0.509323116219668,0,-1,-1,legit-portal-service-4748.com
29,29,0,1,3,0,4,0,0,0.41025641025641024,0.509323116219668,0,-1,-1,legit-portal-service-1413.com
29,29,0,1,3,0,4,0,0,0.41025641025641024,0.509323116219668,0,-1,-1,legit-portal-service-4402.com
29,29,0,1,3,0,4,0,0,0.41025641025641024,0.509323116219668,0,-1,-1,legit-portal-service-3899.com
29,29,0,1,3,0,4,0,0,0.41025641025641024,0.509323116219668,0,-1,-1,legit-portal-service-2759.com
29,29,0,1,3,0,4,0,0,0.41025641025641024,0.509323116219668,0,-1,-1,legit-portal-service-1886.com
29,29,0,1,3,0,4,0,0,0.41025641025641024,0.509323116219668,0,-1,-1,legit-portal-service-4189.com
29,29,0,1,3,0,4,0,0,0.41025641025641024,0.509323116219668,0,-1,-1,legit-portal-service-3508.com
29,29,0,1,3,0,4,0,0,0.41025641025641024,0.509323116219668,0,-1,-1,legit-portal-service-3059.com
29,29,0,1,3,0,4,0,0,0.41025641025641024,0.509323116219668,0,-1,-1,legit-portal-service-2890.com
29,29,0,1,3,0,4,0,0,0.41025641025641024,0.509323116219668,0,-1,-1,legit-portal-service-3132.com
29,29,0,1,3,0,4,0,0,0.41025641025641024,0.509323116219668,0,-1,-1,legit-portal-service-2481.com
29,29,0,1,3,0,4,0,0,0.41025641025641024,0.509323116219668,0,-1,-1,legit-portal-service-4325.com
29,29,0,1,3,0,4,0,0,0.41025641025641024,0.509323116219668,0,-1,-1,legit-portal-service-3602.com
29,29,0,1,3,0,4,0,0,0.41025641025641024,0.509323116219668,0,-1,-1,legit-portal-service-1790.com
28,28,0,1,3,0,3,0,0,0.42105263157894735,0.5113756613756614,0,-1,-1,legit-portal-service-124.com
28,28,0,1,3,0,3,0,0,0.42105263157894735,0.5113756613756614,0,-1,-1,legit-portal-service-593.com
29,29,0,1,3,0,4,0,0,0.41025641025641024,0.509323116219668,0,-1,-1,legit-portal-service-2748.com
28,28,0,1,3,0,3,0,0,0.42105263157894735,0.5113756613756614,0,-1,-1,legit-portal-service-241.com
29,29,0,1,3,0,4,0,0,0.41025641025641024,0.509323116219668,0,-1,-1,legit-portal-service-3901.com
29,29,0,1,3,0,4,0,0,0.41025641025641024,0.509323116219668,0,-1,-1,legit-portal-service-4776.com
7,7,0,1,0,0,0,0,0,0.5,0.6571428571428571,0,-1,-1,cnn.com
29,29,0,1,3,0,4,0,0,0.41025641025641024,0.509323116219668,0,-1,-1,legit-portal-service-1489.com
29,29,0,1,3,0,4,0,0,0.41025641025641024,0.509323116219668,0,-1,-1,legit-portal-service-3033.com
29,29,0,1,3,0,4,0,0,0.41025641025641024,0.509323116219668,0,-1,-1,legit-portal-service-3058.com
29,29,0,1,3,0,4,0,0,0.41025641025641024,0.509323116219668,0,-1,-1,legit-portal-service-4135.com
29,29,0,1,3,0,4,0,0,0.41025641025641024,0.509323116219668,0,-1,-1,legit-portal-service-1648.com
29,29,0,1,3,0,4,0,0,0.41025641025641024,0.509323116219668,0,-1,-1,legit-portal-service-3830.com
29,29,0,1,3,0,4,0,0,0.41025641025641024,0.509323116219668,0,-1,-1,legit-portal-service-4883.com
29,29,0,1,3,0,4,0,0,0.41025641025641024,0.509323116219668,0,-1,-1,legit-portal-service-3491.com
29,29,0,1,3,0,4,0,0,0.41025641025641024,0.509323116219668,0,-1,-1,legit-portal-service-2118.com
28,28,0,1,3,0,3,0,0,0.42105263157894735,0.5113756613756614,0,-1,-1,legit-portal-service-723.com
29,29,0,1,3,0,4,0,0,0.41025641025641024,0.509323116219668,0,-1,-1,legit-portal-service-2703.com
28,28,0,1,3,0,3,0,0,0.42105263157894735,0.5113756613756614,0,-1,-1,legit-portal-service-884.com
29,29,0,1,3,0,4,0,0,0.41025641025641024,0.509323116219668,0,-1,-1,legit-portal-service-4796.com
29,29,0,1,3,0,4,0,0,0.41025641025641024,0.509323116219668,0,-1,-1,legit-portal-service-1934.com
29,29,0,1,3,0,4,0,0,0.41025641025641024,0.509323116219668,0,-1,-1,legit-portal-service-1748.com
29,29,0,1,3,0,4,0,0,0.41025641025641024,0.509323116219668,0,-1,-1,legit-portal-service-3309.com
29,29,0,1,3,0,4,0,0,0.41025641025641024,0.509323116219668,0,-1,-1,legit-portal-service-4396.com
29,29,0,1,3,0,4,0,0,0.41025641025641024,0.509323116219668,0,-1,-1,legit-portal-service-4103.com
29,29,0,1,3,0,4,0,0,0.41025641025641024,0.509323116219668,0,-1,-1,legit-portal-service-4806.com
29,29,0,1,3,0,4,0,0,0.41025641025641024,0.509323116219668,0,-1,-1,legit-portal-service-4892.com
28,28,0,1,3,0,3,0,0,0.42105263157894735,0.5113756613756614,0,-1,-1,legit-portal-service-937.com
29,29,0,1,3,0,4,0,0,0.41025641025641024,0.509323116219668,0,-1,-1,legit-portal-service-2716.com
29,29,0,1,3,0,4,0,0,0.41025641025641024,0.509323116219668,0,-1,-1,legit-portal-service-1283.com
29,29,0,1,3,0,4,0,0,0.41025641025641024,0.509323116219668,0,-1,-1,legit-portal-service-4455.com
29,29,0,1,3,0,4,0,0,0.41025641025641024,0.509323116219668,0,-1,-1,legit-portal-service-3690.com
29,29,0,1,3,0,4,0,0,0.41025641025641024,0.509323116219668,0,-1,-1,legit-portal-service-4278.com
29,29,0,1,3,0,4,0,0,0.41025641025641024,0.509323116219668,0,-1,-1,legit-portal-service-3364.com
28,28,0,1,3,0,3,0,0,0.42105263157894735,0.5113756613756614,0,-1,-1,legit-portal-service-400.com
29,29,0,1,3,0,4,0,0,0.41025641025641024,0.509323116219668,0,-1,-1,legit-portal-service-3678.com
29,29,0,1,3,0,4,0,0,0.41025641025641024,0.509323116219668,0,-1,-1,legit-portal-service-1702.com
27,27,0,1,3,0,2,0,0,0.43243243243243246,0.5308641975308642,0,-1,-1,legit-portal-service-43.com
29,29,0,1,3,0,4,0,0,0.41025641025641024,0.509323116219668,0,-1,-1,legit-portal-service-3979.com
29,29,0,1,3,0,4,0,0,0.41025641025641024,0.509323116219668,0,-1,-1,legit-portal-service-3318.com
29,29,0,1,3,0,4,0,0,0.41025641025641024,0.509323116219668,0,-1,-1,legit-portal-service-2392.com
28,28,0,1,3,0,3,0,0,0.42105263157894735,0.5113756613756614,0,-1,-1,legit-portal-service-594.com
29,29,0,1,3,0,4,0,0,0.41025641025641024,0.509323116219668,0,-1,-1,legit-portal-service-1636.com
29,29,0,1,3,0,4,0,0,0.41025641025641024,0.509323116219668,0,-1,-1,legit-portal-service-4073.com
29,29,0,1,3,0,4,0,0,0.41025641025641024,0.509323116219668,0,-1,-1,legit-portal-service-1169.com
29,29,0,1,3,0,4,0,0,0.41025641025641024,0.509323116219668,0,-1,-1,legit-portal-service-4333.com
29,29,0,1,3,0,4,0,0,0.41025641025641024,0.509323116219668,0,-1,-1,legit-portal-service-3763.com
29,29,0,1,3,0,4,0,0,0.41025641025641024,0.509323116219668,0,-1,-1,legit-portal-service-4181.com
29,29,0,1,3,0,4,0,0,0.41025641025641024,0.509323116219668,0,-1,-1,legit-portal-service-3193.com
29,29,0,1,3,0,4,0,0,0.41025641025641024,0.509323116219668,0,-1,-1,legit-portal-service-1739.com
29,29,0,1,3,0,4,0,0,0.41025641025641024,0.509323116219668,0,-1,-1,legit-portal-service-3947.com
29,29,0,1,3,0,4,0,0,0.41025641025641024,0.509323116219668,0,-1,-1,legit-portal-service-3706.com
29,29,0,1,3,0,4,0,0,0.41025641025641024,0.509323116219668,0,-1,-1,legit-portal-service-4200.com
29,29,0,1,3,0,4,0,0,0.41025641025641024,0.509323116219668,0,-1,-1,legit-portal-service-2757.com
29,29,0,1,3,0,4,0,0,0.41025641025641024,0.509323116219668,0,-1,-1,legit-portal-service-4728.com
29,29,0,1,3,0,4,0,0,0.41025641025641024,0.509323116219668,0,-1,-1,legit-portal-service-1080.com
29,29,0,1,3,0,4,0,0,0.41025641025641024,0.509323116219668,0,-1,-1,legit-portal-service-1623.com
29,29,0,1,3,0,4,0,0,0.41025641025641024,0.509323116219668,0,-1,-1,legit-portal-service-3948.com
29,29,0,1,3,0,4,0,0,0.41025641025641024,0.509323116219668,0,-1,-1,legit-portal-service-2274.com
28,28,0,1,3,0,3,0,0,0.42105263157894735,0.5113756613756614,0,-1,-1,legit-portal-service-834.com
29,29,0,1,3,0,4,0,0,0.41025641025641024,0.509323116219668,0,-1,-1,legit-portal-service-3781.com
29,29,0,1,3,0,4,0,0,0.41025641025641024,0.509323116219668,0,-1,-1,legit-portal-service-1618.com
29,29,0,1,3,0,4,0,0,0.41025641025641024,0.509323116219668,0,-1,-1,legit-portal-service-2309.com
29,29,0,1,3,0,4,0,0,0.41025641025641024,0.509323116219668,0,-1,-1,legit-portal-service-4142.com
29,29,0,1,3,0,4,0,0,0.41025641025641024,0.509323116219668,0,-1,-1,legit-portal-service-1789.com
29,29,0,1,3,0,4,0,0,0.41025641025641024,0.509323116219668,0,-1,-1,legit-portal-service-4037.com
29,29,0,1,3,0,4,0,0,0.41025641025641024,0.509323116219668,0,-1,-1,legit-portal-service-4231.com
29,29,0,1,3,0,4,0,0,0.41025641025641024,0.509323116219668,0,-1,-1,legit-portal-service-1013.com
28,28,0,1,3,0,3,0,0,0.42105263157894735,0.5113756613756614,0,-1,-1,legit-portal-service-730.com
28,28,0,1,3,0,3,0,0,0.42105263157894735,0.5113756613756614,0,-1,-1,legit-portal-service-630.com
28,28,0,1,3,0,3,0,0,0.42105263157894735,0.5113756613756614,0,-1,-1,legit-portal-service-752.com
29,29,0,1,3,0,4,0,0,0.41025641025641024,0.509323116219668,0,-1,-1,legit-portal-service-1422.com
29,29,0,1,3,0,4,0,0,0.41025641025641024,0.509323116219668,0,-1,-1,legit-portal-service-2639.com
29,29,0,1,3,0,4,0,0,0.41025641025641024,0.509323116219668,0,-1,-1,legit-portal-service-2614.com
27,27,0,1,3,0,2,0,0,0.43243243243243246,0.5308641975308642,0,-1,-1,legit-portal-service-69.com
29,29,0,1,3,0,4,0,0,0.41025641025641024,0.509323116219668,0,-1,-1,legit-portal-service-2652.com
29,29,0,1,3,0,4,0,0,0.41025641025641024,0.509323116219668,0,-1,-1,legit-portal-service-1965.com
29,29,0,1,3,0,4,0,0,0.41025641025641024,0.509323116219668,0,-1,-1,legit-portal-service-1752.com
29,29,0,1,3,0,4,0,0,0.41025641025641024,0.509323116219668,0,-1,-1,legit-portal-service-1914.com
28,28,0,1,3,0,3,0,0,0.42105263157894735,0.5113756613756614,0,-1,-1,legit-portal-service-983.com
29,29,0,1,3,0,4,0,0,0.41025641025641024,0.509323116219668,0,-1,-1,legit-portal-service-1608.com
29,29,0,1,3,0,4,0,0,0.41025641025641024,0.509323116219668,0,-1,-1,legit-portal-service-1391.com
29,29,0,1,3,0,4,0,0,0.41025641025641024,0.509323116219668,0,-1,-1,legit-portal-service-4077.com
29,29,0,1,3,0,4,0,0,0.41025641025641024,0.509323116219668,0,-1,-1,legit-portal-service-1257.com
29,29,0,1,3,0,4,0,0,0.41025641025641024,0.509323116219668,0,-1,-1,legit-portal-service-2727.com
29,29,0,1,3,0,4,0,0,0.41025641025641024,0.509323116219668,0,-1,-1,legit-portal-service-4652.com
28,28,0,1,3,0,3,0,0,0.42105263157894735,0.5113756613756614,0,-1,-1,legit-portal-service-275.com
28,28,0,1,3,0,3,0,0,0.42105263157894735,0.5113756613756614,0,-1,-1,legit-portal-service-695.com
29,29,0,1,3,0,4,0,0,0.41025641025641024,0.509323116219668,0,-1,-1,legit-portal-service-2377.com
29,29,0,1,3,0,4,0,0,0.41025641025641024,0.509323116219668,0,-1,-1,legit-portal-service-4292.com
29,29,0,1,3,0,4,0,0,0.41025641025641024,0.509323116219668,0,-1,-1,legit-portal-service-4050.com
29,29,0,1,3,0,4,0,0,0.41025641025641024,0.509323116219668,0,-1,-1,legit-portal-service-3076.com
28,28,0,1,3,0,3,0,0,0.42105263157894735,0.5113756613756614,0,-1,-1,legit-portal-service-978.com
29,29,0,1,3,0,4,0,0,0.41025641025641024,0.509323116219668,0,-1,-1,legit-portal-service-2102.com
28,28,0,1,3,0,3,0,0,0.42105263157894735,0.5113756613756614,0,-1,-1,legit-portal-service-205.com
29,29,0,1,3,0,4,0,0,0.41025641025641024,0.509323116219668,0,-1,-1,legit-portal-service-1212.com
29,29,0,1,3,0,4,0,0,0.41025641025641024,0.509323116219668,0,-1,-1,legit-portal-service-4346.com
29,29,0,1,3,0,4,0,0,0.41025641025641024,0.509323116219668,0,-1,-1,legit-portal-service-2237.com
29,29,0,1,3,0,4,0,0,0.41025641025641024,0.509323116219668,0,-1,-1,legit-portal-service-4918.com
29,29,0,1,3,0,4,0,0,0.41025641025641024,0.509323116219668,0,-1,-1,legit-portal-service-4680.com
29,29,0,1,3,0,4,0,0,0.41025641025641024,0.509323116219668,0,-1,-1,legit-portal-service-1794.com
28,28,0,1,3,0,3,0,0,0.42105263157894735,0.5113756613756614,0,-1,-1,legit-portal-service-620.com
29,29,0,1,3,0,4,0,0,0.41025641025641024,0.509323116219668,0,-1,-1,legit-portal-service-2530.com
29,29,0,1,3,0,4,0,0,0.41025641025641024,0.509323116219668,0,-1,-1,legit-portal-service-3716.com
29,29,0,1,3,0,4,0,0,0.41025641025641024,0.509323116219668,0,-1,-1,legit-portal-service-1964.com
29,29,0,1,3,0,4,0,0,0.41025641025641024,0.509323116219668,0,-1,-1,legit-portal-service-3091.com
28,28,0,1,3,0,3,0,0,0.42105263157894735,0.5113756613756614,0,-1,-1,legit-portal-service-585.com
29,29,0,1,3,0,4,0,0,0.41025641025641024,0.509323116219668,0,-1,-1,legit-portal-service-3997.com
28,28,0,1,3,0,3,0,0,0.42105263157894735,0.5113756613756614,0,-1,-1,legit-portal-service-432.com
29,29,0,1,3,0,4,0,0,0.41025641025641024,0.509323116219668,0,-1,-1,legit-portal-service-2121.com
29,29,0,1,3,0,4,0,0,0.41025641025641024,0.509323116219668,0,-1,-1,legit-portal-service-4030.com
29,29,0,1,3,0,4,0,0,0.41025641025641024,0.509323116219668,0,-1,-1,legit-portal-service-4989.com
29,29,0,1,3,0,4,0,0,0.41025641025641024,0.509323116219668,0,-1,-1,legit-portal-service-4359.com
29,29,0,1,3,0,4,0,0,0.41025641025641024,0.509323116219668,0,-1,-1,legit-portal-service-4053.com
29,29,0,1,3,0,4,0,0,0.41025641025641024,0.509323116219668,0,-1,-1,legit-portal-service-4026.com
29,29,0,1,3,0,4,0,0,0.41025641025641024,0.509323116219668,0,-1,-1,legit-portal-service-2780.com
29,29,0,1,3,0,4,0,0,0.41025641025641024,0.509323116219668,0,-1,-1,legit-portal-service-1217.com
29,29,0,1,3,0,4,0,0,0.41025641025641024,0.509323116219668,0,-1,-1,legit-portal-service-1425.com
29,29,0,1,3,0,4,0,0,0.41025641025641024,0.509323116219668,0,-1,-1,legit-portal-service-4156.com
29,29,0,1,3,0,4,0,0,0.41025641025641024,0.509323116219668,0,-1,-1,legit-portal-service-1946.com
29,29,0,1,3,0,4,0,0,0.41025641025641024,0.509323116219668,0,-1,-1,legit-portal-service-2942.com
29,29,0,1,3,0,4,0,0,0.41025641025641024,0.509323116219668,0,-1,-1,legit-portal-service-4551.com
28,28,0,1,3,0,3,0,0,0.42105263157894735,0.5113756613756614,0,-1,-1,legit-portal-service-653.com
29,29,0,1,3,0,4,0,0,0.41025641025641024,0.509323116219668,0,-1,-1,legit-portal-service-4362.com
29,29,0,1,3,0,4,0,0,0.41025641025641024,0.509323116219668,0,-1,-1,legit-portal-service-1137.com
27,27,0,1,3,0,2,0,0,0.43243243243243246,0.5308641975308642,0,-1,-1,legit-portal-service-28.com
28,28,0,1,3,0,3,0,0,0.42105263157894735,0.5113756613756614,0,-1,-1,legit-portal-service-792.com
29,29,0,1,3,0,4,0,0,0.41025641025641024,0.509323116219668,0,-1,-1,legit-portal-service-1014.com
29,29,0,1,3,0,4,0,0,0.41025641025641024,0.509323116219668,0,-1,-1,legit-portal-service-1682.com
29,29,0,1,3,0,4,0,0,0.41025641025641024,0.509323116219668,0,-1,-1,legit-portal-service-4387.com
29,29,0,1,3,0,4,0,0,0.41025641025641024,0.509323116219668,0,-1,-1,legit-portal-service-2206.com
28,28,0,1,3,0,3,0,0,0.42105263157894735,0.5113756613756614,0,-1,-1,legit-portal-service-878.com
28,28,0,1,3,0,3,0,0,0.42105263157894735,0.5113756613756614,0,-1,-1,legit-portal-service-123.com
29,29,0,1,3,0,4,0,0,0.41025641025641024,0.509323116219668,0,-1,-1,legit-portal-service-3718.com
29,29,0,1,3,0,4,0,0,0.41025641025641024,0.509323116219668,0,-1,-1,legit-portal-service-4942.com
29,29,0,1,3,0,4,0,0,0.41025641025641024,0.509323116219668,0,-1,-1,legit-portal-service-2325.com
29,29,0,1,3,0,4,0,0,0.41025641025641024,0.509323116219668,0,-1,-1,legit-portal-service-2042.com
29,29,0,1,3,0,4,0,0,0.41025641025641024,0.509323116219668,0,-1,-1,legit-portal-service-3439.com
28,28,0,1,3,0,3,0,0,0.42105263157894735,0.5113756613756614,0,-1,-1,legit-portal-service-875.com
29,29,0,1,3,0,4,0,0,0.41025641025641024,0.509323116219668,0,-1,-1,legit-portal-service-3231.com
29,29,0,1,3,0,4,0,0,0.41025641025641024,0.509323116219668,0,-1,-1,legit-portal-service-3341.com
28,28,0,1,3,0,3,0,0,0.42105263157894735,0.5113756613756614,0,-1,-1,legit-portal-service-751.com
29,29,0,1,3,0,4,0,0,0.41025641025641024,0.509323116219668,0,-1,-1,legit-portal-service-1362.com
29,29,0,1,3,0,4,0,0,0.41025641025641024,0.509323116219668,0,-1,-1,legit-portal-service-2687.com
29,29,0,1,3,0,4,0,0,0.41025641025641024,0.509323116219668,0,-1,-1,legit-portal-service-4029.com
29,29,0,1,3,0,4,0,0,0.41025641025641024,0.509323116219668,0,-1,-1,legit-portal-service-2515.com
29,29,0,1,3,0,4,0,0,0.41025641025641024,0.509323116219668,0,-1,-1,legit-portal-service-1206.com
29,29,0,1,3,0,4,0,0,0.41025641025641024,0.509323116219668,0,-1,-1,legit-portal-service-1595.com
29,29,0,1,3,0,4,0,0,0.41025641025641024,0.509323116219668,0,-1,-1,legit-portal-service-2829.com
27,27,0,1,3,0,2,0,0,0.43243243243243246,0.5308641975308642,0,-1,-1,legit-portal-service-32.com
29,29,0,1,3,0,4,0,0,0.41025641025641024,0.509323116219668,0,-1,-1,legit-portal-service-4088.com
29,29,0,1,3,0,4,0,0,0.41025641025641024,0.509323116219668,0,-1,-1,legit-portal-service-1548.com
29,29,0,1,3,0,4,0,0,0.41025641025641024,0.509323116219668,0,-1,-1,legit-portal-service-3746.com
28,28,0,1,3,0,3,0,0,0.42105263157894735,0.5113756613756614,0,-1,-1,legit-portal-service-293.com
29,29,0,1,3,0,4,0,0,0.41025641025641024,0.509323116219668,0,-1,-1,legit-portal-service-3158.com
29,29,0,1,3,0,4,0,0,0.41025641025641024,0.509323116219668,0,-1,-1,legit-portal-service-2832.com
29,29,0,1,3,0,4,0,0,0.41025641025641024,0.509323116219668,0,-1,-1,legit-portal-service-1405.com
29,29,0,1,3,0,4,0,0,0.41025641025641024,0.509323116219668,0,-1,-1,legit-portal-service-3925.com
29,29,0,1,3,0,4,0,0,0.41025641025641024,0.509323116219668,0,-1,-1,legit-portal-service-2084.com
29,29,0,1,3,0,4,0,0,0.41025641025641024,0.509323116219668,0,-1,-1,legit-portal-service-1856.com
27,27,0,1,3,0,2,0,0,0.43243243243243246,0.5308641975308642,0,-1,-1,legit-portal-service-22.com
29,29,0,1,3,0,4,0,0,0.41025641025641024,0.509323116219668,0,-1,-1,legit-portal-service-2229.com
29,29,0,1,3,0,4,0,0,0.41025641025641024,0.509323116219668,0,-1,-1,legit-portal-service-4319.com
29,29,0,1,3,0,4,0,0,0.41025641025641024,0.509323116219668,0,-1,-1,legit-portal-service-1531.com
29,29,0,1,3,0,4,0,0,0.41025641025641024,0.509323116219668,0,-1,-1,legit-portal-service-3473.com
29,29,0,1,3,0,4,0,0,0.41025641025641024,0.509323116219668,0,-1,-1,legit-portal-service-2584.com
28,28,0,1,3,0,3,0,0,0.42105263157894735,0.5113756613756614,0,-1,-1,legit-portal-service-438.com
29,29,0,1,3,0,4,0,0,0.41025641025641024,0.509323116219668,0,-1,-1,legit-portal-service-2660.com
29,29,0,1,3,0,4,0,0,0.41025641025641024,0.509323116219668,0,-1,-1,legit-portal-service-1066.com
29,29,0,1,3,0,4,0,0,0.41025641025641024,0.509323116219668,0,-1,-1,legit-portal-service-4588.com
29,29,0,1,3,0,4,0,0,0.41025641025641024,0.509323116219668,0,-1,-1,legit-portal-service-1134.com
29,29,0,1,3,0,4,0,0,0.41025641025641024,0.509323116219668,0,-1,-1,legit-portal-service-1768.com
28,28,0,1,3,0,3,0,0,0.42105263157894735,0.5113756613756614,0,-1,-1,legit-portal-service-244.com
13,13,0,1,0,0,0,0,0,0.5384615384615384,0.6602564102564102,0,-1,-1,instagram.com
29,29,0,1,3,0,4,0,0,0.41025641025641024,0.509323116219668,0,-1,-1,legit-portal-service-4612.com
29,29,0,1,3,0,4,0,0,0.41025641025641024,0.509323116219668,0,-1,-1,legit-portal-service-4098.com
29,29,0,1,3,0,4,0,0,0.41025641025641024,0.509323116219668,0,-1,-1,legit-portal-service-3012.com
29,29,0,1,3,0,4,0,0,0.41025641025641024,0.509323116219668,0,-1,-1,legit-portal-service-2106.com
29,29,0,1,3,0,4,0,0,0.41025641025641024,0.509323116219668,0,-1,-1,legit-portal-service-4972.com
28,28,0,1,3,0,3,0,0,0.42105263157894735,0.5113756613756614,0,-1,-1,legit-portal-service-722.com
28,28,0,1,3,0,3,0,0,0.42105263157894735,0.5113756613756614,0,-1,-1,legit-portal-service-258.com
27,27,0,1,3,0,2,0,0,0.43243243243243246,0.5308641975308642,0,-1,-1,legit-portal-service-36.com
29,29,0,1,3,0,4,0,0,0.41025641025641024,0.509323116219668,0,-1,-1,legit-portal-service-2506.com
28,28,0,1,3,0,3,0,0,0.42105263157894735,0.5113756613756614,0,-1,-1,legit-portal-service-760.com
26,26,0,1,3,0,1,0,0,0.4444444444444444,0.5327635327635328,0,-1,-1,legit-portal-service-8.com
29,29,0,1,3,0,4,0,0,0.41025641025641024,0.509323116219668,0,-1,-1,legit-portal-service-1707.com
29,29,0,1,3,0,4,0,0,0.41025641025641024,0.509323116219668,0,-1,-1,legit-portal-service-4477.com
29,29,0,1,3,0,4,0,0,0.41025641025641024,0.509323116219668,0,-1,-1,legit-portal-service-1771.com
29,29,0,1,3,0,4,0,0,0.41025641025641024,0.509323116219668,0,-1,-1,legit-portal-service-2798.com
28,28,0,1,3,0,3,0,0,0.42105263157894735,0.5113756613756614,0,-1,-1,legit-portal-service-227.com
29,29,0,1,3,0,4,0,0,0.41025641025641024,0.509323116219668,0,-1,-1,legit-portal-service-3866.com
29,29,0,1,3,0,4,0,0,0.41025641025641024,0.509323116219668,0,-1,-1,legit-portal-service-1890.com
29,29,0,1,3,0,4,0,0,0.41025641025641024,0.509323116219668,0,-1,-1,legit-portal-service-2542.com
28,28,0,1,3,0,3,0,0,0.42105263157894735,0.5113756613756614,0,-1,-1,legit-portal-service-309.com
29,29,0,1,3,0,4,0,0,0.41025641025641024,0.509323116219668,0,-1,-1,legit-portal-service-3460.com
29,29,0,1,3,0,4,0,0,0.41025641025641024,0.509323116219668,0,-1,-1,legit-portal-service-1802.com
29,29,0,1,3,0,4,0,0,0.41025641025641024,0.509323116219668,0,-1,-1,legit-portal-service-3133.com
29,29,0,1,3,0,4,0,0,0.41025641025641024,0.509323116219668,0,-1,-1,legit-portal-service-4529.com
29,29,0,1,3,0,4,0,0,0.41025641025641024,0.509323116219668,0,-1,-1,legit-portal-service-2730.com
29,29,0,1,3,0,4,0,0,0.41025641025641024,0.509323116219668,0,-1,-1,legit-portal-service-2637.com
29,29,0,1,3,0,4,0,0,0.41025641025641024,0.509323116219668,0,-1,-1,legit-portal-service-2968.com
29,29,0,1,3,0,4,0,0,0.41025641025641024,0.509323116219668,0,-1,-1,legit-portal-service-2736.com
29,29,0,1,3,0,4,0,0,0.41025641025641024,0.509323116219668,0,-1,-1,legit-portal-service-4312.com
29,29,0,1,3,0,4,0,0,0.41025641025641024,0.509323116219668,0,-1,-1,legit-portal-service-1937.com
29,29,0,1,3,0,4,0,0,0.41025641025641024,0.509323116219668,0,-1,-1,legit-portal-service-2793.com
29,29,0,1,3,0,4,0,0,0.41025641025641024,0.509323116219668,0,-1,-1,legit-portal-service-3023.com
29,29,0,1,3,0,4,0,0,0.41025641025641024,0.509323116219668,0,-1,-1,legit-portal-service-4893.com
28,28,0,1,3,0,3,0,0,0.42105263157894735,0.5113756613756614,0,-1,-1,legit-portal-service-481.com
28,28,0,1,3,0,3,0,0,0.42105263157894735,0.5113756613756614,0,-1,-1,legit-portal-service-226.com
29,29,0,1,3,0,4,0,0,0.41025641025641024,0.509323116219668,0,-1,-1,legit-portal-service-4285.com
29,29,0,1,3,0,4,0,0,0.41025641025641024,0.509323116219668,0,-1,-1,legit-portal-service-4102.com
29,29,0,1,3,0,4,0,0,0.41025641025641024,0.509323116219668,0,-1,-1,legit-portal-service-3828.com
29,29,0,1,3,0,4,0,0,0.41025641025641024,0.509323116219668,0,-1,-1,legit-portal-service-4108.com
29,29,0,1,3,0,4,0,0,0.41025641025641024,0.509323116219668,0,-1,-1,legit-portal-service-3816.com
29,29,0,1,3,0,4,0,0,0.41025641025641024,0.509323116219668,0,-1,-1,legit-portal-service-2420.com
29,29,0,1,3,0,4,0,0,0.41025641025641024,0.509323116219668,0,-1,-1,legit-portal-service-4079.com
29,29,0,1,3,0,4,0,0,0.41025641025641024,0.509323116219668,0,-1,-1,legit-portal-service-1524.com
29,29,0,1,3,0,4,0,0,0.41025641025641024,0.509323116219668,0,-1,-1,legit-portal-service-4459.com
29,29,0,1,3,0,4,0,0,0.41025641025641024,0.509323116219668,0,-1,-1,legit-portal-service-4590.com
29,29,0,1,3,0,4,0,0,0.41025641025641024,0.509323116219668,0,-1,-1,legit-portal-service-1253.com
28,28,0,1,3,0,3,0,0,0.42105263157894735,0.5113756613756614,0,-1,-1,legit-portal-service-829.com
29,29,0,1,3,0,4,0,0,0.41025641025641024,0.509323116219668,0,-1,-1,legit-portal-service-3833.com
29,29,0,1,3,0,4,0,0,0.41025641025641024,0.509323116219668,0,-1,-1,legit-portal-service-1208.com
29,29,0,1,3,0,4,0,0,0.41025641025641024,0.509323116219668,0,-1,-1,legit-portal-service-1788.com
29,29,0,1,3,0,4,0,0,0.41025641025641024,0.509323116219668,0,-1,-1,legit-portal-service-3859.com
29,29,0,1,3,0,4,0,0,0.41025641025641024,0.509323116219668,0,-1,-1,legit-portal-service-3906.com
27,27,0,1,3,0,2,0,0,0.43243243243243246,0.5308641975308642,0,-1,-1,legit-portal-service-29.com
29,29,0,1,3,0,4,0,0,0.41025641025641024,0.509323116219668,0,-1,-1,legit-portal-service-4782.com
29,29,0,1,3,0,4,0,0,0.41025641025641024,0.509323116219668,0,-1,-1,legit-portal-service-2340.com
28,28,0,1,3,0,3,0,0,0.42105263157894735,0.5113756613756614,0,-1,-1,legit-portal-service-299.com
29,29,0,1,3,0,4,0,0,0.41025641025641024,0.509323116219668,0,-1,-1,legit-portal-service-4648.com
29,29,0,1,3,0,4,0,0,0.41025641025641024,0.509323116219668,0,-1,-1,legit-portal-service-3506.com
29,29,0,1,3,0,4,0,0,0.41025641025641024,0.509323116219668,0,-1,-1,legit-portal-service-2672.com
11,11,0,1,0,0,0,0,0,0.30000000000000004,0.5242424242424243,0,-1,-1,harvard.edu
29,29,0,1,3,0,4,0,0,0.41025641025641024,0.509323116219668,0,-1,-1,legit-portal-service-1903.com
28,28,0,1,3,0,3,0,0,0.42105263157894735,0.5113756613756614,0,-1,-1,legit-portal-service-919.com
29,29,0,1,3,0,4,0,0,0.41025641025641024,0.509323116219668,0,-1,-1,legit-portal-service-2113.com
29,29,0,1,3,0,4,0,0,0.41025641025641024,0.509323116219668,0,-1,-1,legit-portal-service-2686.com
29,29,0,1,3,0,4,0,0,0.41025641025641024,0.509323116219668,0,-1,-1,legit-portal-service-1370.com
29,29,0,1,3,0,4,0,0,0.41025641025641024,0.509323116219668,0,-1,-1,legit-portal-service-1622.com
29,29,0,1,3,0,4,0,0,0.41025641025641024,0.509323116219668,0,-1,-1,legit-portal-service-3654.com
29,29,0,1,3,0,4,0,0,0.41025641025641024,0.509323116219668,0,-1,-1,legit-portal-service-4829.com
29,29,0,1,3,0,4,0,0,0.41025641025641024,0.509323116219668,0,-1,-1,legit-portal-service-1766.com
28,28,0,1,3,0,3,0,0,0.42105263157894735,0.5113756613756614,0,-1,-1,legit-portal-service-181.com
29,29,0,1,3,0,4,0,0,0.41025641025641024,0.509323116219668,0,-1,-1,legit-portal-service-1540.com
29,29,0,1,3,0,4,0,0,0.41025641025641024,0.509323116219668,0,-1,-1,legit-portal-service-4822.com
28,28,0,1,3,0,3,0,0,0.42105263157894735,0.5113756613756614,0,-1,-1,legit-portal-service-641.com
29,29,0,1,3,0,4,0,0,0.41025641025641024,0.509323116219668,0,-1,-1,legit-portal-service-2944.com
28,28,0,1,3,0,3,0,0,0.42105263157894735,0.5113756613756614,0,-1,-1,legit-portal-service-602.com
29,29,0,1,3,0,4,0,0,0.41025641025641024,0.509323116219668,0,-1,-1,legit-portal-service-1731.com
29,29,0,1,3,0,4,0,0,0.41025641025641024,0.509323116219668,0,-1,-1,legit-portal-service-1165.com
29,29,0,1,3,0,4,0,0,0.41025641025641024,0.509323116219668,0,-1,-1,legit-portal-service-2641.com
28,28,0,1,3,0,3,0,0,0.42105263157894735,0.5113756613756614,0,-1,-1,legit-portal-service-977.com
29,29,0,1,3,0,4,0,0,0.41025641025641024,0.509323116219668,0,-1,-1,legit-portal-service-1812.com
29,29,0,1,3,0,4,0,0,0.41025641025641024,0.509323116219668,0,-1,-1,legit-portal-service-4009.com
29,29,0,1,3,0,4,0,0,0.41025641025641024,0.509323116219668,0,-1,-1,legit-portal-service-2589.com
29,29,0,1,3,0,4,0,0,0.41025641025641024,0.509323116219668,0,-1,-1,legit-portal-service-3886.com
29,29,0,1,3,0,4,0,0,0.41025641025641024,0.509323116219668,0,-1,-1,legit-portal-service-4173.com
29,29,0,1,3,0,4,0,0,0.41025641025641024,0.509323116219668,0,-1,-1,legit-portal-service-1828.com
29,29,0,1,3,0,4,0,0,0.41025641025641024,0.509323116219668,0,-1,-1,legit-portal-service-1604.com
29,29,0,1,3,0,4,0,0,0.41025641025641024,0.509323116219668,0,-1,-1,legit-portal-service-1924.com
29,29,0,1,3,0,4,0,0,0.41025641025641024,0.509323116219668,0,-1,-1,legit-portal-service-1375.com
29,29,0,1,3,0,4,0,0,0.41025641025641024,0.509323116219668,0,-1,-1,legit-portal-service-2635.com
29,29,0,1,3,0,4,0,0,0.41025641025641024,0.509323116219668,0,-1,-1,legit-portal-service-1552.com
29,29,0,1,3,0,4,0,0,0.41025641025641024,0.509323116219668,0,-1,-1,legit-portal-service-2180.com
28,28,0,1,3,0,3,0,0,0.42105263157894735,0.5113756613756614,0,-1,-1,legit-portal-service-595.com
29,29,0,1,3,0,4,0,0,0.41025641025641024,0.509323116219668,0,-1,-1,legit-portal-service-3396.com
29,29,0,1,3,0,4,0,0,0.41025641025641024,0.509323116219668,0,-1,-1,legit-portal-service-4318.com
29,29,0,1,3,0,4,0,0,0.41025641025641024,0.509323116219668,0,-1,-1,legit-portal-service-4320.com
29,29,0,1,3,0,4,0,0,0.41025641025641024,0.509323116219668,0,-1,-1,legit-portal-service-4023.com
29,29,0,1,3,0,4,0,0,0.41025641025641024,0.509323116219668,0,-1,-1,legit-portal-service-2010.com
29,29,0,1,3,0,4,0,0,0.41025641025641024,0.509323116219668,0,-1,-1,legit-portal-service-2661.com
29,29,0,1,3,0,4,0,0,0.41025641025641024,0.509323116219668,0,-1,-1,legit-portal-service-4165.com
29,29,0,1,3,0,4,0,0,0.41025641025641024,0.509323116219668,0,-1,-1,legit-portal-service-2893.com
29,29,0,1,3,0,4,0,0,0.41025641025641024,0.509323116219668,0,-1,-1,legit-portal-service-2599.com
29,29,0,1,3,0,4,0,0,0.41025641025641024,0.509323116219668,0,-1,-1,legit-portal-service-4180.com
29,29,0,1,3,0,4,0,0,0.41025641025641024,0.509323116219668,0,-1,-1,legit-portal-service-3538.com
29,29,0,1,3,0,4,0,0,0.41025641025641024,0.509323116219668,0,-1,-1,legit-portal-service-1396.com
29,29,0,1,3,0,4,0,0,0.41025641025641024,0.509323116219668,0,-1,-1,legit-portal-service-4081.com
29,29,0,1,3,0,4,0,0,0.41025641025641024,0.509323116219668,0,-1,-1,legit-portal-service-1624.com
29,29,0,1,3,0,4,0,0,0.41025641025641024,0.509323116219668,0,-1,-1,legit-portal-service-2979.com
29,29,0,1,3,0,4,0,0,0.41025641025641024,0.509323116219668,0,-1,-1,legit-portal-service-1449.com
29,29,0,1,3,0,4,0,0,0.41025641025641024,0.509323116219668,0,-1,-1,legit-portal-service-1837.com
29,29,0,1,3,0,4,0,0,0.41025641025641024,0.509323116219668,0,-1,-1,legit-portal-service-4902.com
29,29,0,1,3,0,4,0,0,0.41025641025641024,0.509323116219668,0,-1,-1,legit-portal-service-3201.com
29,29,0,1,3,0,4,0,0,0.41025641025641024,0.509323116219668,0,-1,-1,legit-portal-service-1034.com
29,29,0,1,3,0,4,0,0,0.41025641025641024,0.509323116219668,0,-1,-1,legit-portal-service-3165.com
29,29,0,1,3,0,4,0,0,0.41025641025641024,0.509323116219668,0,-1,-1,legit-portal-service-2606.com
28,28,0,1,3,0,3,0,0,0.42105263157894735,0.5113756613756614,0,-1,-1,legit-portal-service-501.com
28,28,0,1,3,0,3,0,0,0.42105263157894735,0.5113756613756614,0,-1,-1,legit-portal-service-631.com
29,29,0,1,3,0,4,0,0,0.41025641025641024,0.509323116219668,0,-1,-1,legit-portal-service-1571.com
29,29,0,1,3,0,4,0,0,0.41025641025641024,0.509323116219668,0,-1,-1,legit-portal-service-4412.com
29,29,0,1,3,0,4,0,0,0.41025641025641024,0.509323116219668,0,-1,-1,legit-portal-service-2585.com
28,28,0,1,3,0,3,0,0,0.42105263157894735,0.5113756613756614,0,-1,-1,legit-portal-service-135.com
29,29,0,1,3,0,4,0,0,0.41025641025641024,0.509323116219668,0,-1,-1,legit-portal-service-2082.com
29,29,0,1,3,0,4,0,0,0.41025641025641024,0.509323116219668,0,-1,-1,legit-portal-service-2894.com
29,29,0,1,3,0,4,0,0,0.41025641025641024,0.509323116219668,0,-1,-1,legit-portal-service-2866.com
29,29,0,1,3,0,4,0,0,0.41025641025641024,0.509323116219668,0,-1,-1,legit-portal-service-4712.com
29,29,0,1,3,0,4,0,0,0.41025641025641024,0.509323116219668,0,-1,-1,legit-portal-service-1159.com
29,29,0,1,3,0,4,0,0,0.41025641025641024,0.509323116219668,0,-1,-1,legit-portal-service-4008.com
28,28,0,1,3,0,3,0,0,0.42105263157894735,0.5113756613756614,0,-1,-1,legit-portal-service-146.com
29,29,0,1,3,0,4,0,0,0.41025641025641024,0.509323116219668,0,-1,-1,legit-portal-service-1753.com
29,29,0,1,3,0,4,0,0,0.41025641025641024,0.509323116219668,0,-1,-1,legit-portal-service-2878.com
29,29,0,1,3,0,4,0,0,0.41025641025641024,0.509323116219668,0,-1,-1,legit-portal-service-3063.com
29,29,0,1,3,0,4,0,0,0.41025641025641024,0.509323116219668,0,-1,-1,legit-portal-service-4147.com
29,29,0,1,3,0,4,0,0,0.41025641025641024,0.509323116219668,0,-1,-1,legit-portal-service-1474.com
29,29,0,1,3,0,4,0,0,0.41025641025641024,0.509323116219668,0,-1,-1,legit-portal-service-3190.com
29,29,0,1,3,0,4,0,0,0.41025641025641024,0.509323116219668,0,-1,-1,legit-portal-service-1925.com
28,28,0,1,3,0,3,0,0,0.42105263157894735,0.5113756613756614,0,-1,-1,legit-portal-service-746.com
29,29,0,1,3,0,4,0,0,0.41025641025641024,0.509323116219668,0,-1,-1,legit-portal-service-1084.com
28,28,0,1,3,0,3,0,0,0.42105263157894735,0.5113756613756614,0,-1,-1,legit-portal-service-480.com
29,29,0,1,3,0,4,0,0,0.41025641025641024,0.509323116219668,0,-1,-1,legit-portal-service-4815.com
29,29,0,1,3,0,4,0,0,0.41025641025641024,0.509323116219668,0,-1,-1,legit-portal-service-4701.com
28,28,0,1,3,0,3,0,0,0.42105263157894735,0.5113756613756614,0,-1,-1,legit-portal-service-741.com
29,29,0,1,3,0,4,0,0,0.41025641025641024,0.509323116219668,0,-1,-1,legit-portal-service-1492.com
29,29,0,1,3,0,4,0,0,0.41025641025641024,0.509323116219668,0,-1,-1,legit-portal-service-1335.com
29,29,0,1,3,0,4,0,0,0.41025641025641024,0.509323116219668,0,-1,-1,legit-portal-service-4738.com
28,28,0,1,3,0,3,0,0,0.42105263157894735,0.5113756613756614,0,-1,-1,legit-portal-service-891.com
29,29,0,1,3,0,4,0,0,0.41025641025641024,0.509323116219668,0,-1,-1,legit-portal-service-3535.com
29,29,0,1,3,0,4,0,0,0.41025641025641024,0.509323116219668,0,-1,-1,legit-portal-service-4385.com
29,29,0,1,3,0,4,0,0,0.41025641025641024,0.509323116219668,0,-1,-1,legit-portal-service-3560.com
29,29,0,1,3,0,4,0,0,0.41025641025641024,0.509323116219668,0,-1,-1,legit-portal-service-2525.com
29,29,0,1,3,0,4,0,0,0.41025641025641024,0.509323116219668,0,-1,-1,legit-portal-service-2937.com
29,29,0,1,3,0,4,0,0,0.41025641025641024,0.509323116219668,0,-1,-1,legit-portal-service-2166.com
29,29,0,1,3,0,4,0,0,0.41025641025641024,0.509323116219668,0,-1,-1,legit-portal-service-1570.com
29,29,0,1,3,0,4,0,0,0.41025641025641024,0.509323116219668,0,-1,-1,legit-portal-service-4415.com
29,29,0,1,3,0,4,0,0,0.41025641025641024,0.509323116219668,0,-1,-1,legit-portal-service-1660.com
29,29,0,1,3,0,4,0,0,0.41025641025641024,0.509323116219668,0,-1,-1,legit-portal-service-2245.com
29,29,0,1,3,0,4,0,0,0.41025641025641024,0.509323116219668,0,-1,-1,legit-portal-service-3071.com
29,29,0,1,3,0,4,0,0,0.41025641025641024,0.509323116219668,0,-1,-1,legit-portal-service-1237.com
28,28,0,1,3,0,3,0,0,0.42105263157894735,0.5113756613756614,0,-1,-1,legit-portal-service-129.com
29,29,0,1,3,0,4,0,0,0.41025641025641024,0.509323116219668,0,-1,-1,legit-portal-service-1824.com
28,28,0,1,3,0,3,0,0,0.42105263157894735,0.5113756613756614,0,-1,-1,legit-portal-service-307.com
29,29,0,1,3,0,4,0,0,0.41025641025641024,0.509323116219668,0,-1,-1,legit-portal-service-2173.com
29,29,0,1,3,0,4,0,0,0.41025641025641024,0.509323116219668,0,-1,-1,legit-portal-service-4559.com
29,29,0,1,3,0,4,0,0,0.41025641025641024,0.509323116219668,0,-1,-1,legit-portal-service-1605.com
29,29,0,1,3,0,4,0,0,0.41025641025641024,0.509323116219668,0,-1,-1,legit-portal-service-3524.com
29,29,0,1,3,0,4,0,0,0.41025641025641024,0.509323116219668,0,-1,-1,legit-portal-service-4251.com
8,8,0,1,0,0,0,0,0,0.38095238095238093,0.5694444444444444,0,-1,-1,ietf.org
29,29,0,1,3,0,4,0,0,0.41025641025641024,0.509323116219668,0,-1,-1,legit-portal-service-4654.com
29,29,0,1,3,0,4,0,0,0.41025641025641024,0.509323116219668,0,-1,-1,legit-portal-service-1378.com
29,29,0,1,3,0,4,0,0,0.41025641025641024,0.509323116219668,0,-1,-1,legit-portal-service-3143.com
29,29,0,1,3,0,4,0,0,0.41025641025641024,0.509323116219668,0,-1,-1,legit-portal-service-2983.com
29,29,0,1,3,0,4,0,0,0.41025641025641024,0.509323116219668,0,-1,-1,legit-portal-service-4925.com
29,29,0,1,3,0,4,0,0,0.41025641025641024,0.509323116219668,0,-1,-1,legit-portal-service-2676.com
29,29,0,1,3,0,4,0,0,0.41025641025641024,0.509323116219668,0,-1,-1,legit-portal-service-4547.com
29,29,0,1,3,0,4,0,0,0.41025641025641024,0.509323116219668,0,-1,-1,legit-portal-service-3825.com
29,29,0,1,3,0,4,0,0,0.41025641025641024,0.509323116219668,0,-1,-1,legit-portal-service-3539.com
28,28,0,1,3,0,3,0,0,0.42105263157894735,0.5113756613756614,0,-1,-1,legit-portal-service-756.com
29,29,0,1,3,0,4,0,0,0.41025641025641024,0.509323116219668,0,-1,-1,legit-portal-service-3446.com
29,29,0,1,3,0,4,0,0,0.41025641025641024,0.509323116219668,0,-1,-1,legit-portal-service-3444.com
29,29,0,1,3,0,4,0,0,0.41025641025641024,0.509323116219668,0,-1,-1,legit-portal-service-2100.com
29,29,0,1,3,0,4,0,0,0.41025641025641024,0.509323116219668,0,-1,-1,legit-portal-service-2630.com
29,29,0,1,3,0,4,0,0,0.41025641025641024,0.509323116219668,0,-1,-1,legit-portal-service-4036.com
29,29,0,1,3,0,4,0,0,0.41025641025641024,0.509323116219668,0,-1,-1,legit-portal-service-2452.com
29,29,0,1,3,0,4,0,0,0.41025641025641024,0.509323116219668,0,-1,-1,legit-portal-service-3779.com
29,29,0,1,3,0,4,0,0,0.41025641025641024,0.509323116219668,0,-1,-1,legit-portal-service-2777.com
27,27,0,1,3,0,2,0,0,0.43243243243243246,0.5308641975308642,0,-1,-1,legit-portal-service-98.com
29,29,0,1,3,0,4,0,0,0.41025641025641024,0.509323116219668,0,-1,-1,legit-portal-service-4382.com
29,29,0,1,3,0,4,0,0,0.41025641025641024,0.509323116219668,0,-1,-1,legit-portal-service-3571.com
29,29,0,1,3,0,4,0,0,0.41025641025641024,0.509323116219668,0,-1,-1,legit-portal-service-2078.com
29,29,0,1,3,0,4,0,0,0.41025641025641024,0.509323116219668,0,-1,-1,legit-portal-service-2488.com
28,28,0,1,3,0,3,0,0,0.42105263157894735,0.5113756613756614,0,-1,-1,legit-portal-service-515.com
29,29,0,1,3,0,4,0,0,0.41025641025641024,0.509323116219668,0,-1,-1,legit-portal-service-3215.com
28,28,0,1,3,0,3,0,0,0.42105263157894735,0.5113756613756614,0,-1,-1,legit-portal-service-968.com
29,29,0,1,3,0,4,0,0,0.41025641025641024,0.509323116219668,0,-1,-1,legit-portal-service-2347.com
29,29,0,1,3,0,4,0,0,0.41025641025641024,0.509323116219668,0,-1,-1,legit-portal-service-3038.com
29,29,0,1,3,0,4,0,0,0.41025641025641024,0.509323116219668,0,-1,-1,legit-portal-service-3448.com
28,28,0,1,3,0,3,0,0,0.42105263157894735,0.5113756613756614,0,-1,-1,legit-portal-service-383.com
29,29,0,1,3,0,4,0,0,0.41025641025641024,0.509323116219668,0,-1,-1,legit-portal-service-1955.com
29,29,0,1,3,0,4,0,0,0.41025641025641024,0.509323116219668,0,-1,-1,legit-portal-service-1575.com
29,29,0,1,3,0,4,0,0,0.41025641025641024,0.509323116219668,0,-1,-1,legit-portal-service-1111.com
29,29,0,1,3,0,4,0,0,0.41025641025641024,0.509323116219668,0,-1,-1,legit-portal-service-2069.com
29,29,0,1,3,0,4,0,0,0.41025641025641024,0.509323116219668,0,-1,-1,legit-portal-service-2161.com
29,29,0,1,3,0,4,0,0,0.41025641025641024,0.509323116219668,0,-1,-1,legit-portal-service-3302.com
29,29,0,1,3,0,4,0,0,0.41025641025641024,0.509323116219668,0,-1,-1,legit-portal-service-1700.com
29,29,0,1,3,0,4,0,0,0.41025641025641024,0.509323116219668,0,-1,-1,legit-portal-service-4637.com
29,29,0,1,3,0,4,0,0,0.41025641025641024,0.509323116219668,0,-1,-1,legit-portal-service-1035.com
29,29,0,1,3,0,4,0,0,0.41025641025641024,0.509323116219668,0,-1,-1,legit-portal-service-4724.com
28,28,0,1,3,0,3,0,0,0.42105263157894735,0.5113756613756614,0,-1,-1,legit-portal-service-912.com
29,29,0,1,3,0,4,0,0,0.41025641025641024,0.509323116219668,0,-1,-1,legit-portal-service-1715.com
28,28,0,1,3,0,3,0,0,0.42105263157894735,0.5113756613756614,0,-1,-1,legit-portal-service-171.com
29,29,0,1,3,0,4,0,0,0.41025641025641024,0.509323116219668,0,-1,-1,legit-portal-service-1757.com
29,29,0,1,3,0,4,0,0,0.41025641025641024,0.509323116219668,0,-1,-1,legit-portal-service-1029.com
29,29,0,1,3,0,4,0,0,0.41025641025641024,0.509323116219668,0,-1,-1,legit-portal-service-3671.com
29,29,0,1,3,0,4,0,0,0.41025641025641024,0.509323116219668,0,-1,-1,legit-portal-service-1840.com
29,29,0,1,3,0,4,0,0,0.41025641025641024,0.509323116219668,0,-1,-1,legit-portal-service-3089.com
28,28,0,1,3,0,3,0,0,0.42105263157894735,0.5113756613756614,0,-1,-1,legit-portal-service-260.com
29,29,0,1,3,0,4,0,0,0.41025641025641024,0.509323116219668,0,-1,-1,legit-portal-service-3386.com
28,28,0,1,3,0,3,0,0,0.42105263157894735,0.5113756613756614,0,-1,-1,legit-portal-service-923.com
28,28,0,1,3,0,3,0,0,0.42105263157894735,0.5113756613756614,0,-1,-1,legit-portal-service-858.com
29,29,0,1,3,0,4,0,0,0.41025641025641024,0.509323116219668,0,-1,-1,legit-portal-service-1601.com
29,29,0,1,3,0,4,0,0,0.41025641025641024,0.509323116219668,0,-1,-1,legit-portal-service-1621.com
29,29,0,1,3,0,4,0,0,0.41025641025641024,0.509323116219668,0,-1,-1,legit-portal-service-4613.com
29,29,0,1,3,0,4,0,0,0.41025641025641024,0.509323116219668,0,-1,-1,legit-portal-service-3767.com
29,29,0,1,3,0,4,0,0,0.41025641025641024,0.509323116219668,0,-1,-1,legit-portal-service-2333.com
29,29,0,1,3,0,4,0,0,0.41025641025641024,0.509323116219668,0,-1,-1,legit-portal-service-1678.com
29,29,0,1,3,0,4,0,0,0.41025641025641024,0.509323116219668,0,-1,-1,legit-portal-service-4216.com
29,29,0,1,3,0,4,0,0,0.41025641025641024,0.509323116219668,0,-1,-1,legit-portal-service-3874.com
28,28,0,1,3,0,3,0,0,0.42105263157894735,0.5113756613756614,0,-1,-1,legit-portal-service-685.com
28,28,0,1,3,0,3,0,0,0.42105263157894735,0.5113756613756614,0,-1,-1,legit-portal-service-127.com
29,29,0,1,3,0,4,0,0,0.41025641025641024,0.509323116219668,0,-1,-1,legit-portal-service-4790.com
29,29,0,1,3,0,4,0,0,0.41025641025641024,0.509323116219668,0,-1,-1,legit-portal-service-3783.com
29,29,0,1,3,0,4,0,0,0.41025641025641024,0.509323116219668,0,-1,-1,legit-portal-service-1042.com
29,29,0,1,3,0,4,0,0,0.41025641025641024,0.509323116219668,0,-1,-1,legit-portal-service-4576.com
28,28,0,1,3,0,3,0,0,0.42105263157894735,0.5113756613756614,0,-1,-1,legit-portal-service-450.com
29,29,0,1,3,0,4,0,0,0.41025641025641024,0.509323116219668,0,-1,-1,legit-portal-service-2514.com
29,29,0,1,3,0,4,0,0,0.41025641025641024,0.509323116219668,0,-1,-1,legit-portal-service-4229.com
29,29,0,1,3,0,4,0,0,0.41025641025641024,0.509323116219668,0,-1,-1,legit-portal-service-3759.com
29,29,0,1,3,0,4,0,0,0.41025641025641024,0.509323116219668,0,-1,-1,legit-portal-service-4370.com
29,29,0,1,3,0,4,0,0,0.41025641025641024,0.509323116219668,0,-1,-1,legit-portal-service-1228.com
28,28,0,1,3,0,3,0,0,0.42105263157894735,0.5113756613756614,0,-1,-1,legit-portal-service-390.com
29,29,0,1,3,0,4,0,0,0.41025641025641024,0.509323116219668,0,-1,-1,legit-portal-service-2117.com
29,29,0,1,3,0,4,0,0,0.41025641025641024,0.509323116219668,0,-1,-1,legit-portal-service-3425.com
29,29,0,1,3,0,4,0,0,0.41025641025641024,0.509323116219668,0,-1,-1,legit-portal-service-4897.com
29,29,0,1,3,0,4,0,0,0.41025641025641024,0.509323116219668,0,-1,-1,legit-portal-service-3604.com
29,29,0,1,3,0,4,0,0,0.41025641025641024,0.509323116219668,0,-1,-1,legit-portal-service-2095.com
29,29,0,1,3,0,4,0,0,0.41025641025641024,0.509323116219668,0,-1,-1,legit-portal-service-4445.com
29,29,0,1,3,0,4,0,0,0.41025641025641024,0.509323116219668,0,-1,-1,legit-portal-service-2653.com
29,29,0,1,3,0,4,0,0,0.41025641025641024,0.509323116219668,0,-1,-1,legit-portal-service-3703.com
29,29,0,1,3,0,4,0,0,0.41025641025641024,0.509323116219668,0,-1,-1,legit-portal-service-1945.com
29,29,0,1,3,0,4,0,0,0.41025641025641024,0.509323116219668,0,-1,-1,legit-portal-service-4116.com
29,29,0,1,3,0,4,0,0,0.41025641025641024,0.509323116219668,0,-1,-1,legit-portal-service-3299.com
29,29,0,1,3,0,4,0,0,0.41025641025641024,0.509323116219668,0,-1,-1,legit-portal-service-1792.com
28,28,0,1,3,0,3,0,0,0.42105263157894735,0.5113756613756614,0,-1,-1,legit-portal-service-456.com
29,29,0,1,3,0,4,0,0,0.41025641025641024,0.509323116219668,0,-1,-1,legit-portal-service-3362.com
29,29,0,1,3,0,4,0,0,0.41025641025641024,0.509323116219668,0,-1,-1,legit-portal-service-3978.com
29,29,0,1,3,0,4,0,0,0.41025641025641024,0.509323116219668,0,-1,-1,legit-portal-service-2667.com
29,29,0,1,3,0,4,0,0,0.41025641025641024,0.509323116219668,0,-1,-1,legit-portal-service-4428.com
29,29,0,1,3,0,4,0,0,0.41025641025641024,0.509323116219668,0,-1,-1,legit-portal-service-3078.com
29,29,0,1,3,0,4,0,0,0.41025641025641024,0.509323116219668,0,-1,-1,legit-portal-service-2051.com
28,28,0,1,3,0,3,0,0,0.42105263157894735,0.5113756613756614,0,-1,-1,legit-portal-service-401.com
29,29,0,1,3,0,4,0,0,0.41025641025641024,0.509323116219668,0,-1,-1,legit-portal-service-2070.com
29,29,0,1,3,0,4,0,0,0.41025641025641024,0.509323116219668,0,-1,-1,legit-portal-service-3354.com
29,29,0,1,3,0,4,0,0,0.41025641025641024,0.509323116219668,0,-1,-1,legit-portal-service-2725.com
29,29,0,1,3,0,4,0,0,0.41025641025641024,0.509323116219668,0,-1,-1,legit-portal-service-1175.com
29,29,0,1,3,0,4,0,0,0.41025641025641024,0.509323116219668,0,-1,-1,legit-portal-service-2628.com
29,29,0,1,3,0,4,0,0,0.41025641025641024,0.509323116219668,0,-1,-1,legit-portal-service-3405.com
29,29,0,1,3,0,4,0,0,0.41025641025641024,0.509323116219668,0,-1,-1,legit-portal-service-4107.com
29,29,0,1,3,0,4,0,0,0.41025641025641024,0.509323116219668,0,-1,-1,legit-portal-service-4424.com
28,28,0,1,3,0,3,0,0,0.42105263157894735,0.5113756613756614,0,-1,-1,legit-portal-service-861.com
29,29,0,1,3,0,4,0,0,0.41025641025641024,0.509323116219668,0,-1,-1,legit-portal-service-1437.com
29,29,0,1,3,0,4,0,0,0.41025641025641024,0.509323116219668,0,-1,-1,legit-portal-service-2717.com
29,29,0,1,3,0,4,0,0,0.41025641025641024,0.509323116219668,0,-1,-1,legit-portal-service-4663.com
29,29,0,1,3,0,4,0,0,0.41025641025641024,0.509323116219668,0,-1,-1,legit-portal-service-4624.com
28,28,0,1,3,0,3,0,0,0.42105263157894735,0.5113756613756614,0,-1,-1,legit-portal-service-612.com
29,29,0,1,3,0,4,0,0,0.41025641025641024,0.509323116219668,0,-1,-1,legit-portal-service-1659.com
29,29,0,1,3,0,4,0,0,0.41025641025641024,0.509323116219668,0,-1,-1,legit-portal-service-1309.com
29,29,0,1,3,0,4,0,0,0.41025641025641024,0.509323116219668,0,-1,-1,legit-portal-service-3944.com
29,29,0,1,3,0,4,0,0,0.41025641025641024,0.509323116219668,0,-1,-1,legit-portal-service-2349.com
29,29,0,1,3,0,4,0,0,0.41025641025641024,0.509323116219668,0,-1,-1,legit-portal-service-1933.com
28,28,0,1,3,0,3,0,0,0.42105263157894735,0.5113756613756614,0,-1,-1,legit-portal-service-667.com
29,29,0,1,3,0,4,0,0,0.41025641025641024,0.509323116219668,0,-1,-1,legit-portal-service-4214.com
28,28,0,1,3,0,3,0,0,0.42105263157894735,0.5113756613756614,0,-1,-1,legit-portal-service-344.com
29,29,0,1,3,0,4,0,0,0.41025641025641024,0.509323116219668,0,-1,-1,legit-portal-service-1983.com
29,29,0,1,3,0,4,0,0,0.41025641025641024,0.509323116219668,0,-1,-1,legit-portal-service-2247.com
29,29,0,1,3,0,4,0,0,0.41025641025641024,0.509323116219668,0,-1,-1,legit-portal-service-3631.com
29,29,0,1,3,0,4,0,0,0.41025641025641024,0.509323116219668,0,-1,-1,legit-portal-service-3426.com
29,29,0,1,3,0,4,0,0,0.41025641025641024,0.509323116219668,0,-1,-1,legit-portal-service-4183.com
29,29,0,1,3,0,4,0,0,0.41025641025641024,0.509323116219668,0,-1,-1,legit-portal-service-4798.com
29,29,0,1,3,0,4,0,0,0.41025641025641024,0.509323116219668,0,-1,-1,legit-portal-service-2115.com
29,29,0,1,3,0,4,0,0,0.41025641025641024,0.509323116219668,0,-1,-1,legit-portal-service-4062.com
29,29,0,1,3,0,4,0,0,0.41025641025641024,0.509323116219668,0,-1,-1,legit-portal-service-1079.com
29,29,0,1,3,0,4,0,0,0.41025641025641024,0.509323116219668,0,-1,-1,legit-portal-service-2300.com
29,29,0,1,3,0,4,0,0,0.41025641025641024,0.509323116219668,0,-1,-1,legit-portal-service-2337.com
29,29,0,1,3,0,4,0,0,0.41025641025641024,0.509323116219668,0,-1,-1,legit-portal-service-4824.com
28,28,0,1,3,0,3,0,0,0.42105263157894735,0.5113756613756614,0,-1,-1,legit-portal-service-419.com
28,28,0,1,3,0,3,0,0,0.42105263157894735,0.5113756613756614,0,-1,-1,legit-portal-service-524.com
29,29,0,1,3,0,4,0,0,0.41025641025641024,0.509323116219668,0,-1,-1,legit-portal-service-2162.com
29,29,0,1,3,0,4,0,0,0.41025641025641024,0.509323116219668,0,-1,-1,legit-portal-service-4211.com
29,29,0,1,3,0,4,0,0,0.41025641025641024,0.509323116219668,0,-1,-1,legit-portal-service-2427.com
29,29,0,1,3,0,4,0,0,0.41025641025641024,0.509323116219668,0,-1,-1,legit-portal-service-4747.com
29,29,0,1,3,0,4,0,0,0.41025641025641024,0.509323116219668,0,-1,-1,legit-portal-service-4794.com
29,29,0,1,3,0,4,0,0,0.41025641025641024,0.509323116219668,0,-1,-1,legit-portal-service-4855.com
29,29,0,1,3,0,4,0,0,0.41025641025641024,0.509323116219668,0,-1,-1,legit-portal-service-2122.com
29,29,0,1,3,0,4,0,0,0.41025641025641024,0.509323116219668,0,-1,-1,legit-portal-service-4679.com
29,29,0,1,3,0,4,0,0,0.41025641025641024,0.509323116219668,0,-1,-1,legit-portal-service-4365.com
29,29,0,1,3,0,4,0,0,0.41025641025641024,0.509323116219668,0,-1,-1,legit-portal-service-4227.com
29,29,0,1,3,0,4,0,0,0.41025641025641024,0.509323116219668,0,-1,-1,legit-portal-service-1853.com
29,29,0,1,3,0,4,0,0,0.41025641025641024,0.509323116219668,0,-1,-1,legit-portal-service-1537.com
29,29,0,1,3,0,4,0,0,0.41025641025641024,0.509323116219668,0,-1,-1,legit-portal-service-2344.com
28,28,0,1,3,0,3,0,0,0.42105263157894735,0.5113756613756614,0,-1,-1,legit-portal-service-869.com
29,29,0,1,3,0,4,0,0,0.41025641025641024,0.509323116219668,0,-1,-1,legit-portal-service-3407.com
29,29,0,1,3,0,4,0,0,0.41025641025641024,0.509323116219668,0,-1,-1,legit-portal-service-1981.com
28,28,0,1,3,0,3,0,0,0.42105263157894735,0.5113756613756614,0,-1,-1,legit-portal-service-816.com
29,29,0,1,3,0,4,0,0,0.41025641025641024,0.509323116219668,0,-1,-1,legit-portal-service-3379.com
29,29,0,1,3,0,4,0,0,0.41025641025641024,0.509323116219668,0,-1,-1,legit-portal-service-1713.com
29,29,0,1,3,0,4,0,0,0.41025641025641024,0.509323116219668,0,-1,-1,legit-portal-service-2085.com
29,29,0,1,3,0,4,0,0,0.41025641025641024,0.509323116219668,0,-1,-1,legit-portal-service-1628.com
11,11,0,1,0,0,0,0,0,0.38095238095238093,0.5878787878787879,0,-1,-1,mozilla.org
29,29,0,1,3,0,4,0,0,0.41025641025641024,0.509323116219668,0,-1,-1,legit-portal-service-3295.com
29,29,0,1,3,0,4,0,0,0.41025641025641024,0.509323116219668,0,-1,-1,legit-portal-service-2175.com
29,29,0,1,3,0,4,0,0,0.41025641025641024,0.509323116219668,0,-1,-1,legit-portal-service-1336.com
28,28,0,1,3,0,3,0,0,0.42105263157894735,0.5113756613756614,0,-1,-1,legit-portal-service-270.com
29,29,0,1,3,0,4,0,0,0.41025641025641024,0.509323116219668,0,-1,-1,legit-portal-service-3755.com
29,29,0,1,3,0,4,0,0,0.41025641025641024,0.509323116219668,0,-1,-1,legit-portal-service-1444.com
29,29,0,1,3,0,4,0,0,0.41025641025641024,0.509323116219668,0,-1,-1,legit-portal-service-3277.com
29,29,0,1,3,0,4,0,0,0.41025641025641024,0.509323116219668,0,-1,-1,legit-portal-service-3181.com
29,29,0,1,3,0,4,0,0,0.41025641025641024,0.509323116219668,0,-1,-1,legit-portal-service-2376.com
29,29,0,1,3,0,4,0,0,0.41025641025641024,0.509323116219668,0,-1,-1,legit-portal-service-3566.com
29,29,0,1,3,0,4,0,0,0.41025641025641024,0.509323116219668,0,-1,-1,legit-portal-service-1743.com
29,29,0,1,3,0,4,0,0,0.41025641025641024,0.509323116219668,0,-1,-1,legit-portal-service-2456.com
29,29,0,1,3,0,4,0,0,0.41025641025641024,0.509323116219668,0,-1,-1,legit-portal-service-3691.com
29,29,0,1,3,0,4,0,0,0.41025641025641024,0.509323116219668,0,-1,-1,legit-portal-service-4078.com
29,29,0,1,3,0,4,0,0,0.41025641025641024,0.509323116219668,0,-1,-1,legit-portal-service-1166.com
29,29,0,1,3,0,4,0,0,0.41025641025641024,0.509323116219668,0,-1,-1,legit-portal-service-1534.com
8,8,0,1,0,0,0,0,0,0.47619047619047616,0.6260683760683761,0,-1,-1,hsbc.com
29,29,0,1,3,0,4,0,0,0.41025641025641024,0.509323116219668,0,-1,-1,legit-portal-service-3992.com
28,28,0,1,3,0,3,0,0,0.42105263157894735,0.5113756613756614,0,-1,-1,legit-portal-service-925.com
29,29,0,1,3,0,4,0,0,0.41025641025641024,0.509323116219668,0,-1,-1,legit-portal-service-4910.com
27,27,0,1,3,0,2,0,0,0.43243243243243246,0.5308641975308642,0,-1,-1,legit-portal-service-61.com
28,28,0,1,3,0,3,0,0,0.42105263157894735,0.5113756613756614,0,-1,-1,legit-portal-service-255.com
29,29,0,1,3,0,4,0,0,0.41025641025641024,0.509323116219668,0,-1,-1,legit-portal-service-2737.com
29,29,0,1,3,0,4,0,0,0.41025641025641024,0.509323116219668,0,-1,-1,legit-portal-service-2436.com
28,28,0,1,3,0,3,0,0,0.42105263157894735,0.5113756613756614,0,-1,-1,legit-portal-service-795.com
29,29,0,1,3,0,4,0,0,0.41025641025641024,0.509323116219668,0,-1,-1,legit-portal-service-3415.com
29,29,0,1,3,0,4,0,0,0.41025641025641024,0.509323116219668,0,-1,-1,legit-portal-service-3352.com
29,29,0,1,3,0,4,0,0,0.41025641025641024,0.509323116219668,0,-1,-1,legit-portal-service-1506.com
29,29,0,1,3,0,4,0,0,0.41025641025641024,0.509323116219668,0,-1,-1,legit-portal-service-2691.com
12,12,0,1,0,0,0,0,0,0.5454545454545454,0.7000000000000001,0,-1,-1,springer.com
29,29,0,1,3,0,4,0,0,0.41025641025641024,0.509323116219668,0,-1,-1,legit-portal-service-3110.com
29,29,0,1,3,0,4,0,0,0.41025641025641024,0.509323116219668,0,-1,-1,legit-portal-service-2487.com
29,29,0,1,3,0,4,0,0,0.41025641025641024,0.509323116219668,0,-1,-1,legit-portal-service-4710.com
10,10,0,1,0,0,0,0,0,0.5,0.6666666666666666,0,-1,-1,nature.com
29,29,0,1,3,0,4,0,0,0.41025641025641024,0.509323116219668,0,-1,-1,legit-portal-service-1135.com
28,28,0,1,3,0,3,0,0,0.42105263157894735,0.5113756613756614,0,-1,-1,legit-portal-service-365.com
29,29,0,1,3,0,4,0,0,0.41025641025641024,0.509323116219668,0,-1,-1,legit-portal-service-2277.com
27,27,0,1,3,0,2,0,0,0.43243243243243246,0.5308641975308642,0,-1,-1,legit-portal-service-10.com
29,29,0,1,3,0,4,0,0,0.41025641025641024,0.509323116219668,0,-1,-1,legit-portal-service-4876.com
28,28,0,1,3,0,3,0,0,0.42105263157894735,0.5113756613756614,0,-1,-1,legit-portal-service-972.com
29,29,0,1,3,0,4,0,0,0.41025641025641024,0.509323116219668,0,-1,-1,legit-portal-service-1948.com
29,29,0,1,3,0,4,0,0,0.41025641025641024,0.509323116219668,0,-1,-1,legit-portal-service-3991.com
29,29,0,1,3,0,4,0,0,0.41025641025641024,0.509323116219668,0,-1,-1,legit-portal-service-2523.com
27,27,0,1,3,0,2,0,0,0.43243243243243246,0.5308641975308642,0,-1,-1,legit-portal-service-24.com
29,29,0,1,3,0,4,0,0,0.41025641025641024,0.509323116219668,0,-1,-1,legit-portal-service-4316.com
29,29,0,1,3,0,4,0,0,0.41025641025641024,0.509323116219668,0,-1,-1,legit-portal-service-4264.com
28,28,0,1,3,0,3,0,0,0.42105263157894735,0.5113756613756614,0,-1,-1,legit-portal-service-654.com
29,29,0,1,3,0,4,0,0,0.41025641025641024,0.509323116219668,0,-1,-1,legit-portal-service-3977.com
29,29,0,1,3,0,4,0,0,0.41025641025641024,0.509323116219668,0,-1,-1,legit-portal-service-2920.com
29,29,0,1,3,0,4,0,0,0.41025641025641024,0.509323116219668,0,-1,-1,legit-portal-service-1780.com
28,28,0,1,3,0,3,0,0,0.42105263157894735,0.5113756613756614,0,-1,-1,legit-portal-service-985.com
29,29,0,1,3,0,4,0,0,0.41025641025641024,0.509323116219668,0,-1,-1,legit-portal-service-4863.com
29,29,0,1,3,0,4,0,0,0.41025641025641024,0.509323116219668,0,-1,-1,legit-portal-service-4783.com
29,29,0,1,3,0,4,0,0,0.41025641025641024,0.509323116219668,0,-1,-1,legit-portal-service-1156.com
29,29,0,1,3,0,4,0,0,0.41025641025641024,0.509323116219668,0,-1,-1,legit-portal-service-3584.com
29,29,0,1,3,0,4,0,0,0.41025641025641024,0.509323116219668,0,-1,-1,legit-portal-service-4933.com
29,29,0,1,3,0,4,0,0,0.41025641025641024,0.509323116219668,0,-1,-1,legit-portal-service-3435.com
29,29,0,1,3,0,4,0,0,0.41025641025641024,0.509323116219668,0,-1,-1,legit-portal-service-1293.com
28,28,0,1,3,0,3,0,0,0.42105263157894735,0.5113756613756614,0,-1,-1,legit-portal-service-259.com
29,29,0,1,3,0,4,0,0,0.41025641025641024,0.509323116219668,0,-1,-1,legit-portal-service-1811.com
28,28,0,1,3,0,3,0,0,0.42105263157894735,0.5113756613756614,0,-1,-1,legit-portal-service-321.com
29,29,0,1,3,0,4,0,0,0.41025641025641024,0.509323116219668,0,-1,-1,legit-portal-service-2318.com
29,29,0,1,3,0,4,0,0,0.41025641025641024,0.509323116219668,0,-1,-1,legit-portal-service-1199.com
28,28,0,1,3,0,3,0,0,0.42105263157894735,0.5113756613756614,0,-1,-1,legit-portal-service-922.com
28,28,0,1,3,0,3,0,0,0.42105263157894735,0.5113756613756614,0,-1,-1,legit-portal-service-460.com
28,28,0,1,3,0,3,0,0,0.42105263157894735,0.5113756613756614,0,-1,-1,legit-portal-service-908.com
29,29,0,1,3,0,4,0,0,0.41025641025641024,0.509323116219668,0,-1,-1,legit-portal-service-4311.com
29,29,0,1,3,0,4,0,0,0.41025641025641024,0.509323116219668,0,-1,-1,legit-portal-service-4740.com
29,29,0,1,3,0,4,0,0,0.41025641025641024,0.509323116219668,0,-1,-1,legit-portal-service-2341.com
29,29,0,1,3,0,4,0,0,0.41025641025641024,0.509323116219668,0,-1,-1,legit-portal-service-2025.com
29,29,0,1,3,0,4,0,0,0.41025641025641024,0.509323116219668,0,-1,-1,legit-portal-service-1630.com
28,28,0,1,3,0,3,0,0,0.42105263157894735,0.5113756613756614,0,-1,-1,legit-portal-service-604.com
29,29,0,1,3,0,4,0,0,0.41025641025641024,0.509323116219668,0,-1,-1,legit-portal-service-3957.com
29,29,0,1,3,0,4,0,0,0.41025641025641024,0.509323116219668,0,-1,-1,legit-portal-service-3521.com
29,29,0,1,3,0,4,0,0,0.41025641025641024,0.509323116219668,0,-1,-1,legit-portal-service-4454.com
29,29,0,1,3,0,4,0,0,0.41025641025641024,0.509323116219668,0,-1,-1,legit-portal-service-4478.com
29,29,0,1,3,0,4,0,0,0.41025641025641024,0.509323116219668,0,-1,-1,legit-portal-service-2059.com
29,29,0,1,3,0,4,0,0,0.41025641025641024,0.509323116219668,0,-1,-1,legit-portal-service-3764.com
29,29,0,1,3,0,4,0,0,0.41025641025641024,0.509323116219668,0,-1,-1,legit-portal-service-4130.com
29,29,0,1,3,0,4,0,0,0.41025641025641024,0.509323116219668,0,-1,-1,legit-portal-service-1585.com
29,29,0,1,3,0,4,0,0,0.41025641025641024,0.509323116219668,0,-1,-1,legit-portal-service-1383.com
29,29,0,1,3,0,4,0,0,0.41025641025641024,0.509323116219668,0,-1,-1,legit-portal-service-2752.com
29,29,0,1,3,0,4,0,0,0.41025641025641024,0.509323116219668,0,-1,-1,legit-portal-service-1012.com
29,29,0,1,3,0,4,0,0,0.41025641025641024,0.509323116219668,0,-1,-1,legit-portal-service-2290.com
28,28,0,1,3,0,3,0,0,0.42105263157894735,0.5113756613756614,0,-1,-1,legit-portal-service-465.com
11,11,0,1,0,0,0,0,0,0.5,0.6515151515151515,0,-1,-1,twitter.com
29,29,0,1,3,0,4,0,0,0.41025641025641024,0.509323116219668,0,-1,-1,legit-portal-service-3097.com
28,28,0,1,3,0,3,0,0,0.42105263157894735,0.5113756613756614,0,-1,-1,legit-portal-service-503.com
29,29,0,1,3,0,4,0,0,0.41025641025641024,0.509323116219668,0,-1,-1,legit-portal-service-2516.com
29,29,0,1,3,0,4,0,0,0.41025641025641024,0.509323116219668,0,-1,-1,legit-portal-service-2495.com
29,29,0,1,3,0,4,0,0,0.41025641025641024,0.509323116219668,0,-1,-1,legit-portal-service-4258.com
29,29,0,1,3,0,4,0,0,0.41025641025641024,0.509323116219668,0,-1,-1,legit-portal-service-1938.com
29,29,0,1,3,0,4,0,0,0.41025641025641024,0.509323116219668,0,-1,-1,legit-portal-service-1496.com
28,28,0,1,3,0,3,0,0,0.42105263157894735,0.5113756613756614,0,-1,-1,legit-portal-service-759.com
29,29,0,1,3,0,4,0,0,0.41025641025641024,0.509323116219668,0,-1,-1,legit-portal-service-1511.com
29,29,0,1,3,0,4,0,0,0.41025641025641024,0.509323116219668,0,-1,-1,legit-portal-service-1299.com
29,29,0,1,3,0,4,0,0,0.41025641025641024,0.509323116219668,0,-1,-1,legit-portal-service-3432.com
29,29,0,1,3,0,4,0,0,0.41025641025641024,0.509323116219668,0,-1,-1,legit-portal-service-3590.com
29,29,0,1,3,0,4,0,0,0.41025641025641024,0.509323116219668,0,-1,-1,legit-portal-service-3871.com
29,29,0,1,3,0,4,0,0,0.41025641025641024,0.509323116219668,0,-1,-1,legit-portal-service-2698.com
29,29,0,1,3,0,4,0,0,0.41025641025641024,0.509323116219668,0,-1,-1,legit-portal-service-3056.com
29,29,0,1,3,0,4,0,0,0.41025641025641024,0.509323116219668,0,-1,-1,legit-portal-service-2917.com
28,28,0,1,3,0,3,0,0,0.42105263157894735,0.5113756613756614,0,-1,-1,legit-portal-service-680.com
29,29,0,1,3,0,4,0,0,0.41025641025641024,0.509323116219668,0,-1,-1,legit-portal-service-2702.com
28,28,0,1,3,0,3,0,0,0.42105263157894735,0.5113756613756614,0,-1,-1,legit-portal-service-284.com
29,29,0,1,3,0,4,0,0,0.41025641025641024,0.509323116219668,0,-1,-1,legit-portal-service-3568.com
28,28,0,1,3,0,3,0,0,0.42105263157894735,0.5113756613756614,0,-1,-1,legit-portal-service-391.com
29,29,0,1,3,0,4,0,0,0.41025641025641024,0.509323116219668,0,-1,-1,legit-portal-service-1652.com
29,29,0,1,3,0,4,0,0,0.41025641025641024,0.509323116219668,0,-1,-1,legit-portal-service-1204.com
29,29,0,1,3,0,4,0,0,0.41025641025641024,0.509323116219668,0,-1,-1,legit-portal-service-2331.com
29,29,0,1,3,0,4,0,0,0.41025641025641024,0.509323116219668,0,-1,-1,legit-portal-service-3218.com
29,29,0,1,3,0,4,0,0,0.41025641025641024,0.509323116219668,0,-1,-1,legit-portal-service-2579.com
29,29,0,1,3,0,4,0,0,0.41025641025641024,0.509323116219668,0,-1,-1,legit-portal-service-4004.com
29,29,0,1,3,0,4,0,0,0.41025641025641024,0.509323116219668,0,-1,-1,legit-portal-service-2101.com
29,29,0,1,3,0,4,0,0,0.41025641025641024,0.509323116219668,0,-1,-1,legit-portal-service-4944.com
29,29,0,1,3,0,4,0,0,0.41025641025641024,0.509323116219668,0,-1,-1,legit-portal-service-4297.com
29,29,0,1,3,0,4,0,0,0.41025641025641024,0.509323116219668,0,-1,-1,legit-portal-service-2594.com
29,29,0,1,3,0,4,0,0,0.41025641025641024,0.509323116219668,0,-1,-1,legit-portal-service-3107.com
29,29,0,1,3,0,4,0,0,0.41025641025641024,0.509323116219668,0,-1,-1,legit-portal-service-4154.com
29,29,0,1,3,0,4,0,0,0.41025641025641024,0.509323116219668,0,-1,-1,legit-portal-service-1744.com
28,28,0,1,3,0,3,0,0,0.42105263157894735,0.5113756613756614,0,-1,-1,legit-portal-service-282.com
29,29,0,1,3,0,4,0,0,0.41025641025641024,0.509323116219668,0,-1,-1,legit-portal-service-4742.com
29,29,0,1,3,0,4,0,0,0.41025641025641024,0.509323116219668,0,-1,-1,legit-portal-service-3841.com
29,29,0,1,3,0,4,0,0,0.41025641025641024,0.509323116219668,0,-1,-1,legit-portal-service-4071.com
29,29,0,1,3,0,4,0,0,0.41025641025641024,0.509323116219668,0,-1,-1,legit-portal-service-4909.com
28,28,0,1,3,0,3,0,0,0.42105263157894735,0.5113756613756614,0,-1,-1,legit-portal-service-394.com
29,29,0,1,3,0,4,0,0,0.41025641025641024,0.509323116219668,0,-1,-1,legit-portal-service-3025.com
29,29,0,1,3,0,4,0,0,0.41025641025641024,0.509323116219668,0,-1,-1,legit-portal-service-4011.com
28,28,0,1,3,0,3,0,0,0.42105263157894735,0.5113756613756614,0,-1,-1,legit-portal-service-516.com
27,27,0,1,3,0,2,0,0,0.43243243243243246,0.5308641975308642,0,-1,-1,legit-portal-service-45.com
29,29,0,1,3,0,4,0,0,0.41025641025641024,0.509323116219668,0,-1,-1,legit-portal-service-1819.com
29,29,0,1,3,0,4,0,0,0.41025641025641024,0.509323116219668,0,-1,-1,legit-portal-service-1901.com
28,28,0,1,3,0,3,0,0,0.42105263157894735,0.5113756613756614,0,-1,-1,legit-portal-service-223.com
29,29,0,1,3,0,4,0,0,0.41025641025641024,0.509323116219668,0,-1,-1,legit-portal-service-2168.com
29,29,0,1,3,0,4,0,0,0.41025641025641024,0.509323116219668,0,-1,-1,legit-portal-service-1845.com
29,29,0,1,3,0,4,0,0,0.41025641025641024,0.509323116219668,0,-1,-1,legit-portal-service-3389.com
29,29,0,1,3,0,4,0,0,0.41025641025641024,0.509323116219668,0,-1,-1,legit-portal-service-2877.com
28,28,0,1,3,0,3,0,0,0.42105263157894735,0.5113756613756614,0,-1,-1,legit-portal-service-333.com
29,29,0,1,3,0,4,0,0,0.41025641025641024,0.509323116219668,0,-1,-1,legit-portal-service-2571.com
29,29,0,1,3,0,4,0,0,0.41025641025641024,0.509323116219668,0,-1,-1,legit-portal-service-3879.com
29,29,0,1,3,0,4,0,0,0.41025641025641024,0.509323116219668,0,-1,-1,legit-portal-service-3635.com
29,29,0,1,3,0,4,0,0,0.41025641025641024,0.509323116219668,0,-1,-1,legit-portal-service-2312.com
29,29,0,1,3,0,4,0,0,0.41025641025641024,0.509323116219668,0,-1,-1,legit-portal-service-1160.com
29,29,0,1,3,0,4,0,0,0.41025641025641024,0.509323116219668,0,-1,-1,legit-portal-service-4745.com
29,29,0,1,3,0,4,0,0,0.41025641025641024,0.509323116219668,0,-1,-1,legit-portal-service-2694.com
29,29,0,1,3,0,4,0,0,0.41025641025641024,0.509323116219668,0,-1,-1,legit-portal-service-2685.com
29,29,0,1,3,0,4,0,0,0.41025641025641024,0.509323116219668,0,-1,-1,legit-portal-service-1868.com
28,28,0,1,3,0,3,0,0,0.42105263157894735,0.5113756613756614,0,-1,-1,legit-portal-service-500.com
28,28,0,1,3,0,3,0,0,0.42105263157894735,0.5113756613756614,0,-1,-1,legit-portal-service-649.com
29,29,0,1,3,0,4,0,0,0.41025641025641024,0.509323116219668,0,-1,-1,legit-portal-service-3499.com
29,29,0,1,3,0,4,0,0,0.41025641025641024,0.509323116219668,0,-1,-1,legit-portal-service-2557.com
29,29,0,1,3,0,4,0,0,0.41025641025641024,0.509323116219668,0,-1,-1,legit-portal-service-3456.com
29,29,0,1,3,0,4,0,0,0.41025641025641024,0.509323116219668,0,-1,-1,legit-portal-service-3963.com
28,28,0,1,3,0,3,0,0,0.42105263157894735,0.5113756613756614,0,-1,-1,legit-portal-service-700.com
28,28,0,1,3,0,3,0,0,0.42105263157894735,0.5113756613756614,0,-1,-1,legit-portal-service-341.com
28,28,0,1,3,0,3,0,0,0.42105263157894735,0.5113756613756614,0,-1,-1,legit-portal-service-276.com
11,11,0,1,0,0,0,0,0,0.47619047619047616,0.6595959595959596,0,-1,-1,netflix.com
29,29,0,1,3,0,4,0,0,0.41025641025641024,0.509323116219668,0,-1,-1,legit-portal-service-1728.com
29,29,0,1,3,0,4,0,0,0.41025641025641024,0.509323116219668,0,-1,-1,legit-portal-service-1784.com
29,29,0,1,3,0,4,0,0,0.41025641025641024,0.509323116219668,0,-1,-1,legit-portal-service-4719.com
29,29,0,1,3,0,4,0,0,0.41025641025641024,0.509323116219668,0,-1,-1,legit-portal-service-4253.com
29,29,0,1,3,0,4,0,0,0.41025641025641024,0.509323116219668,0,-1,-1,legit-portal-service-4873.com
29,29,0,1,3,0,4,0,0,0.41025641025641024,0.509323116219668,0,-1,-1,legit-portal-service-2090.com
29,29,0,1,3,0,4,0,0,0.41025641025641024,0.509323116219668,0,-1,-1,legit-portal-service-4237.com
29,29,0,1,3,0,4,0,0,0.41025641025641024,0.509323116219668,0,-1,-1,legit-portal-service-4697.com
28,28,0,1,3,0,3,0,0,0.42105263157894735,0.5113756613756614,0,-1,-1,legit-portal-service-152.com
29,29,0,1,3,0,4,0,0,0.41025641025641024,0.509323116219668,0,-1,-1,legit-portal-service-1689.com
29,29,0,1,3,0,4,0,0,0.41025641025641024,0.509323116219668,0,-1,-1,legit-portal-service-1658.com
29,29,0,1,3,0,4,0,0,0.41025641025641024,0.509323116219668,0,-1,-1,legit-portal-service-3786.com
29,29,0,1,3,0,4,0,0,0.41025641025641024,0.509323116219668,0,-1,-1,legit-portal-service-2322.com
29,29,0,1,3,0,4,0,0,0.41025641025641024,0.509323116219668,0,-1,-1,legit-portal-service-1720.com
29,29,0,1,3,0,4,0,0,0.41025641025641024,0.509323116219668,0,-1,-1,legit-portal-service-1822.com
29,29,0,1,3,0,4,0,0,0.41025641025641024,0.509323116219668,0,-1,-1,legit-portal-service-4726.com
29,29,0,1,3,0,4,0,0,0.41025641025641024,0.509323116219668,0,-1,-1,legit-portal-service-2094.com
29,29,0,1,3,0,4,0,0,0.41025641025641024,0.509323116219668,0,-1,-1,legit-portal-service-4899.com
29,29,0,1,3,0,4,0,0,0.41025641025641024,0.509323116219668,0,-1,-1,legit-portal-service-2411.com
28,28,0,1,3,0,3,0,0,0.42105263157894735,0.5113756613756614,0,-1,-1,legit-portal-service-156.com
29,29,0,1,3,0,4,0,0,0.41025641025641024,0.509323116219668,0,-1,-1,legit-portal-service-4403.com
29,29,0,1,3,0,4,0,0,0.41025641025641024,0.509323116219668,0,-1,-1,legit-portal-service-4962.com
29,29,0,1,3,0,4,0,0,0.41025641025641024,0.509323116219668,0,-1,-1,legit-portal-service-4779.com
29,29,0,1,3,0,4,0,0,0.41025641025641024,0.509323116219668,0,-1,-1,legit-portal-service-1431.com
29,29,0,1,3,0,4,0,0,0.41025641025641024,0.509323116219668,0,-1,-1,legit-portal-service-2788.com
29,29,0,1,3,0,4,0,0,0.41025641025641024,0.509323116219668,0,-1,-1,legit-portal-service-1452.com
29,29,0,1,3,0,4,0,0,0.41025641025641024,0.509323116219668,0,-1,-1,legit-portal-service-3398.com
29,29,0,1,3,0,4,0,0,0.41025641025641024,0.509323116219668,0,-1,-1,legit-portal-service-4489.com
29,29,0,1,3,0,4,0,0,0.41025641025641024,0.509323116219668,0,-1,-1,legit-portal-service-2221.com
29,29,0,1,3,0,4,0,0,0.41025641025641024,0.509323116219668,0,-1,-1,legit-portal-service-1471.com
29,29,0,1,3,0,4,0,0,0.41025641025641024,0.509323116219668,0,-1,-1,legit-portal-service-3016.com
29,29,0,1,3,0,4,0,0,0.41025641025641024,0.509323116219668,0,-1,-1,legit-portal-service-2011.com
28,28,0,1,3,0,3,0,0,0.42105263157894735,0.5113756613756614,0,-1,-1,legit-portal-service-703.com
29,29,0,1,3,0,4,0,0,0.41025641025641024,0.509323116219668,0,-1,-1,legit-portal-service-4220.com
29,29,0,1,3,0,4,0,0,0.41025641025641024,0.509323116219668,0,-1,-1,legit-portal-service-1443.com
29,29,0,1,3,0,4,0,0,0.41025641025641024,0.509323116219668,0,-1,-1,legit-portal-service-4981.com
28,28,0,1,3,0,3,0,0,0.42105263157894735,0.5113756613756614,0,-1,-1,legit-portal-service-407.com
29,29,0,1,3,0,4,0,0,0.41025641025641024,0.509323116219668,0,-1,-1,legit-portal-service-1005.com
29,29,0,1,3,0,4,0,0,0.41025641025641024,0.509323116219668,0,-1,-1,legit-portal-service-4582.com
29,29,0,1,3,0,4,0,0,0.41025641025641024,0.509323116219668,0,-1,-1,legit-portal-service-3699.com
29,29,0,1,3,0,4,0,0,0.41025641025641024,0.509323116219668,0,-1,-1,legit-portal-service-4442.com
29,29,0,1,3,0,4,0,0,0.41025641025641024,0.509323116219668,0,-1,-1,legit-portal-service-3747.com
29,29,0,1,3,0,4,0,0,0.41025641025641024,0.509323116219668,0,-1,-1,legit-portal-service-3800.com
29,29,0,1,3,0,4,0,0,0.41025641025641024,0.509323116219668,0,-1,-1,legit-portal-service-4104.com
29,29,0,1,3,0,4,0,0,0.41025641025641024,0.509323116219668,0,-1,-1,legit-portal-service-4372.com
29,29,0,1,3,0,4,0,0,0.41025641025641024,0.509323116219668,0,-1,-1,legit-portal-service-3317.com
29,29,0,1,3,0,4,0,0,0.41025641025641024,0.509323116219668,0,-1,-1,legit-portal-service-4035.com
29,29,0,1,3,0,4,0,0,0.41025641025641024,0.509323116219668,0,-1,-1,legit-portal-service-3799.com
29,29,0,1,3,0,4,0,0,0.41025641025641024,0.509323116219668,0,-1,-1,legit-portal-service-2091.com
29,29,0,1,3,0,4,0,0,0.41025641025641024,0.509323116219668,0,-1,-1,legit-portal-service-3838.com
29,29,0,1,3,0,4,0,0,0.41025641025641024,0.509323116219668,0,-1,-1,legit-portal-service-1356.com
29,29,0,1,3,0,4,0,0,0.41025641025641024,0.509323116219668,0,-1,-1,legit-portal-service-2289.com
29,29,0,1,3,0,4,0,0,0.41025641025641024,0.509323116219668,0,-1,-1,legit-portal-service-4435.com
28,28,0,1,3,0,3,0,0,0.42105263157894735,0.5113756613756614,0,-1,-1,legit-portal-service-298.com
8,8,0,1,0,0,0,0,0,0.5555555555555556,0.7083333333333334,0,-1,-1,usps.com
29,29,0,1,3,0,4,0,0,0.41025641025641024,0.509323116219668,0,-1,-1,legit-portal-service-4377.com
29,29,0,1,3,0,4,0,0,0.41025641025641024,0.509323116219668,0,-1,-1,legit-portal-service-2165.com
29,29,0,1,3,0,4,0,0,0.41025641025641024,0.509323116219668,0,-1,-1,legit-portal-service-3257.com
29,29,0,1,3,0,4,0,0,0.41025641025641024,0.509323116219668,0,-1,-1,legit-portal-service-4485.com
29,29,0,1,3,0,4,0,0,0.41025641025641024,0.509323116219668,0,-1,-1,legit-portal-service-2714.com
28,28,0,1,3,0,3,0,0,0.42105263157894735,0.5113756613756614,0,-1,-1,legit-portal-service-492.com
29,29,0,1,3,0,4,0,0,0.41025641025641024,0.509323116219668,0,-1,-1,legit-portal-service-4378.com
28,28,0,1,3,0,3,0,0,0.42105263157894735,0.5113756613756614,0,-1,-1,legit-portal-service-429.com
29,29,0,1,3,0,4,0,0,0.41025641025641024,0.509323116219668,0,-1,-1,legit-portal-service-3108.com
29,29,0,1,3,0,4,0,0,0.41025641025641024,0.509323116219668,0,-1,-1,legit-portal-service-4373.com
29,29,0,1,3,0,4,0,0,0.41025641025641024,0.509323116219668,0,-1,-1,legit-portal-service-4331.com
29,29,0,1,3,0,4,0,0,0.41025641025641024,0.509323116219668,0,-1,-1,legit-portal-service-4859.com
29,29,0,1,3,0,4,0,0,0.41025641025641024,0.509323116219668,0,-1,-1,legit-portal-service-1935.com
29,29,0,1,3,0,4,0,0,0.41025641025641024,0.509323116219668,0,-1,-1,legit-portal-service-4212.com
29,29,0,1,3,0,4,0,0,0.41025641025641024,0.509323116219668,0,-1,-1,legit-portal-service-4013.com
29,29,0,1,3,0,4,0,0,0.41025641025641024,0.509323116219668,0,-1,-1,legit-portal-service-4426.com
29,29,0,1,3,0,4,0,0,0.41025641025641024,0.509323116219668,0,-1,-1,legit-portal-service-4718.com
29,29,0,1,3,0,4,0,0,0.41025641025641024,0.509323116219668,0,-1,-1,legit-portal-service-4209.com
29,29,0,1,3,0,4,0,0,0.41025641025641024,0.509323116219668,0,-1,-1,legit-portal-service-3579.com
29,29,0,1,3,0,4,0,0,0.41025641025641024,0.509323116219668,0,-1,-1,legit-portal-service-2259.com
29,29,0,1,3,0,4,0,0,0.41025641025641024,0.509323116219668,0,-1,-1,legit-portal-service-3300.com
29,29,0,1,3,0,4,0,0,0.41025641025641024,0.509323116219668,0,-1,-1,legit-portal-service-2379.com
29,29,0,1,3,0,4,0,0,0.41025641025641024,0.509323116219668,0,-1,-1,legit-portal-service-1760.com
29,29,0,1,3,0,4,0,0,0.41025641025641024,0.509323116219668,0,-1,-1,legit-portal-service-1931.com
29,29,0,1,3,0,4,0,0,0.41025641025641024,0.509323116219668,0,-1,-1,legit-portal-service-4302.com
29,29,0,1,3,0,4,0,0,0.41025641025641024,0.509323116219668,0,-1,-1,legit-portal-service-2960.com
29,29,0,1,3,0,4,0,0,0.41025641025641024,0.509323116219668,0,-1,-1,legit-portal-service-2914.com
29,29,0,1,3,0,4,0,0,0.41025641025641024,0.509323116219668,0,-1,-1,legit-portal-service-1057.com
29,29,0,1,3,0,4,0,0,0.41025641025641024,0.509323116219668,0,-1,-1,legit-portal-service-3054.com
29,29,0,1,3,0,4,0,0,0.41025641025641024,0.509323116219668,0,-1,-1,legit-portal-service-3279.com
29,29,0,1,3,0,4,0,0,0.41025641025641024,0.509323116219668,0,-1,-1,legit-portal-service-2572.com
29,29,0,1,3,0,4,0,0,0.41025641025641024,0.509323116219668,0,-1,-1,legit-portal-service-1538.com
28,28,0,1,3,0,3,0,0,0.42105263157894735,0.5113756613756614,0,-1,-1,legit-portal-service-871.com
29,29,0,1,3,0,4,0,0,0.41025641025641024,0.509323116219668,0,-1,-1,legit-portal-service-3754.com
28,28,0,1,3,0,3,0,0,0.42105263157894735,0.5113756613756614,0,-1,-1,legit-portal-service-172.com
28,28,0,1,3,0,3,0,0,0.42105263157894735,0.5113756613756614,0,-1,-1,legit-portal-service-786.com
29,29,0,1,3,0,4,0,0,0.41025641025641024,0.509323116219668,0,-1,-1,legit-portal-service-2152.com
29,29,0,1,3,0,4,0,0,0.41025641025641024,0.509323116219668,0,-1,-1,legit-portal-service-4490.com
29,29,0,1,3,0,4,0,0,0.41025641025641024,0.509323116219668,0,-1,-1,legit-portal-service-4501.com
29,29,0,1,3,0,4,0,0,0.41025641025641024,0.509323116219668,0,-1,-1,legit-portal-service-3148.com
29,29,0,1,3,0,4,0,0,0.41025641025641024,0.509323116219668,0,-1,-1,legit-portal-service-4567.com
29,29,0,1,3,0,4,0,0,0.41025641025641024,0.509323116219668,0,-1,-1,legit-portal-service-1183.com
29,29,0,1,3,0,4,0,0,0.41025641025641024,0.509323116219668,0,-1,-1,legit-portal-service-3036.com
29,29,0,1,3,0,4,0,0,0.41025641025641024,0.509323116219668,0,-1,-1,legit-portal-service-4844.com
29,29,0,1,3,0,4,0,0,0.41025641025641024,0.509323116219668,0,-1,-1,legit-portal-service-4407.com
28,28,0,1,3,0,3,0,0,0.42105263157894735,0.5113756613756614,0,-1,-1,legit-portal-service-920.com
28,28,0,1,3,0,3,0,0,0.42105263157894735,0.5113756613756614,0,-1,-1,legit-portal-service-312.com
29,29,0,1,3,0,4,0,0,0.41025641025641024,0.509323116219668,0,-1,-1,legit-portal-service-2883.com
29,29,0,1,3,0,4,0,0,0.41025641025641024,0.509323116219668,0,-1,-1,legit-portal-service-2056.com
29,29,0,1,3,0,4,0,0,0.41025641025641024,0.509323116219668,0,-1,-1,legit-portal-service-2088.com
29,29,0,1,3,0,4,0,0,0.41025641025641024,0.509323116219668,0,-1,-1,legit-portal-service-3245.com
29,29,0,1,3,0,4,0,0,0.41025641025641024,0.509323116219668,0,-1,-1,legit-portal-service-1103.com
28,28,0,1,3,0,3,0,0,0.42105263157894735,0.5113756613756614,0,-1,-1,legit-portal-service-514.com
28,28,0,1,3,0,3,0,0,0.42105263157894735,0.5113756613756614,0,-1,-1,legit-portal-service-967.com
29,29,0,1,3,0,4,0,0,0.41025641025641024,0.509323116219668,0,-1,-1,legit-portal-service-3183.com
29,29,0,1,3,0,4,0,0,0.41025641025641024,0.509323116219668,0,-1,-1,legit-portal-service-4514.com
29,29,0,1,3,0,4,0,0,0.41025641025641024,0.509323116219668,0,-1,-1,legit-portal-service-2104.com
29,29,0,1,3,0,4,0,0,0.41025641025641024,0.509323116219668,0,-1,-1,legit-portal-service-3155.com
29,29,0,1,3,0,4,0,0,0.41025641025641024,0.509323116219668,0,-1,-1,legit-portal-service-1869.com
28,28,0,1,3,0,3,0,0,0.42105263157894735,0.5113756613756614,0,-1,-1,legit-portal-service-504.com
28,28,0,1,3,0,3,0,0,0.42105263157894735,0.5113756613756614,0,-1,-1,legit-portal-service-948.com
29,29,0,1,3,0,4,0,0,0.41025641025641024,0.509323116219668,0,-1,-1,legit-portal-service-1446.com
29,29,0,1,3,0,4,0,0,0.41025641025641024,0.509323116219668,0,-1,-1,legit-portal-service-3522.com
27,27,0,1,3,0,2,0,0,0.43243243243243246,0.5308641975308642,0,-1,-1,legit-portal-service-83.com
29,29,0,1,3,0,4,0,0,0.41025641025641024,0.509323116219668,0,-1,-1,legit-portal-service-1394.com
29,29,0,1,3,0,4,0,0,0.41025641025641024,0.509323116219668,0,-1,-1,legit-portal-service-2203.com
29,29,0,1,3,0,4,0,0,0.41025641025641024,0.509323116219668,0,-1,-1,legit-portal-service-1434.com
29,29,0,1,3,0,4,0,0,0.41025641025641024,0.509323116219668,0,-1,-1,legit-portal-service-4580.com
29,29,0,1,3,0,4,0,0,0.41025641025641024,0.509323116219668,0,-1,-1,legit-portal-service-1952.com
29,29,0,1,3,0,4,0,0,0.41025641025641024,0.509323116219668,0,-1,-1,legit-portal-service-3819.com
29,29,0,1,3,0,4,0,0,0.41025641025641024,0.509323116219668,0,-1,-1,legit-portal-service-1772.com
29,29,0,1,3,0,4,0,0,0.41025641025641024,0.509323116219668,0,-1,-1,legit-portal-service-4076.com
29,29,0,1,3,0,4,0,0,0.41025641025641024,0.509323116219668,0,-1,-1,legit-portal-service-4802.com
29,29,0,1,3,0,4,0,0,0.41025641025641024,0.509323116219668,0,-1,-1,legit-portal-service-4256.com
29,29,0,1,3,0,4,0,0,0.41025641025641024,0.509323116219668,0,-1,-1,legit-portal-service-1558.com
29,29,0,1,3,0,4,0,0,0.41025641025641024,0.509323116219668,0,-1,-1,legit-portal-service-2786.com
29,29,0,1,3,0,4,0,0,0.41025641025641024,0.509323116219668,0,-1,-1,legit-portal-service-2323.com
29,29,0,1,3,0,4,0,0,0.41025641025641024,0.509323116219668,0,-1,-1,legit-portal-service-1151.com
28,28,0,1,3,0,3,0,0,0.42105263157894735,0.5113756613756614,0,-1,-1,legit-portal-service-941.com
29,29,0,1,3,0,4,0,0,0.41025641025641024,0.509323116219668,0,-1,-1,legit-portal-service-1942.com
29,29,0,1,3,0,4,0,0,0.41025641025641024,0.509323116219668,0,-1,-1,legit-portal-service-4252.com
29,29,0,1,3,0,4,0,0,0.41025641025641024,0.509323116219668,0,-1,-1,legit-portal-service-1050.com
29,29,0,1,3,0,4,0,0,0.41025641025641024,0.509323116219668,0,-1,-1,legit-portal-service-4232.com
29,29,0,1,3,0,4,0,0,0.41025641025641024,0.509323116219668,0,-1,-1,legit-portal-service-3658.com
29,29,0,1,3,0,4,0,0,0.41025641025641024,0.509323116219668,0,-1,-1,legit-portal-service-3197.com
28,28,0,1,3,0,3,0,0,0.42105263157894735,0.5113756613756614,0,-1,-1,legit-portal-service-799.com
29,29,0,1,3,0,4,0,0,0.41025641025641024,0.509323116219668,0,-1,-1,legit-portal-service-4884.com
17,17,0,1,0,0,0,0,0,0.4444444444444444,0.5954248366013072,0,-1,-1,stackexchange.com
29,29,0,1,3,0,4,0,0,0.41025641025641024,0.509323116219668,0,-1,-1,legit-portal-service-3942.com
29,29,0,1,3,0,4,0,0,0.41025641025641024,0.509323116219668,0,-1,-1,legit-portal-service-1348.com
29,29,0,1,3,0,4,0,0,0.41025641025641024,0.509323116219668,0,-1,-1,legit-portal-service-2387.com
29,29,0,1,3,0,4,0,0,0.41025641025641024,0.509323116219668,0,-1,-1,legit-portal-service-3805.com
29,29,0,1,3,0,4,0,0,0.41025641025641024,0.509323116219668,0,-1,-1,legit-portal-service-3022.com
29,29,0,1,3,0,4,0,0,0.41025641025641024,0.509323116219668,0,-1,-1,legit-portal-service-1041.com
29,29,0,1,3,0,4,0,0,0.41025641025641024,0.509323116219668,0,-1,-1,legit-portal-service-3319.com
28,28,0,1,3,0,3,0,0,0.42105263157894735,0.5113756613756614,0,-1,-1,legit-portal-service-857.com
28,28,0,1,3,0,3,0,0,0.42105263157894735,0.5113756613756614,0,-1,-1,legit-portal-service-766.com
28,28,0,1,3,0,3,0,0,0.42105263157894735,0.5113756613756614,0,-1,-1,legit-portal-service-471.com
29,29,0,1,3,0,4,0,0,0.41025641025641024,0.509323116219668,0,-1,-1,legit-portal-service-4757.com
29,29,0,1,3,0,4,0,0,0.41025641025641024,0.509323116219668,0,-1,-1,legit-portal-service-4363.com
29,29,0,1,3,0,4,0,0,0.41025641025641024,0.509323116219668,0,-1,-1,legit-portal-service-3743.com
29,29,0,1,3,0,4,0,0,0.41025641025641024,0.509323116219668,0,-1,-1,legit-portal-service-1231.com
29,29,0,1,3,0,4,0,0,0.41025641025641024,0.509323116219668,0,-1,-1,legit-portal-service-4115.com
29,29,0,1,3,0,4,0,0,0.41025641025641024,0.509323116219668,0,-1,-1,legit-portal-service-3993.com
29,29,0,1,3,0,4,0,0,0.41025641025641024,0.509323116219668,0,-1,-1,legit-portal-service-4453.com
29,29,0,1,3,0,4,0,0,0.41025641025641024,0.509323116219668,0,-1,-1,legit-portal-service-3549.com
29,29,0,1,3,0,4,0,0,0.41025641025641024,0.509323116219668,0,-1,-1,legit-portal-service-1177.com
28,28,0,1,3,0,3,0,0,0.42105263157894735,0.5113756613756614,0,-1,-1,legit-portal-service-114.com
29,29,0,1,3,0,4,0,0,0.41025641025641024,0.509323116219668,0,-1,-1,legit-portal-service-3677.com
29,29,0,1,3,0,4,0,0,0.41025641025641024,0.509323116219668,0,-1,-1,legit-portal-service-3223.com
29,29,0,1,3,0,4,0,0,0.41025641025641024,0.509323116219668,0,-1,-1,legit-portal-service-2621.com
28,28,0,1,3,0,3,0,0,0.42105263157894735,0.5113756613756614,0,-1,-1,legit-portal-service-218.com
28,28,0,1,3,0,3,0,0,0.42105263157894735,0.5113756613756614,0,-1,-1,legit-portal-service-507.com
29,29,0,1,3,0,4,0,0,0.41025641025641024,0.509323116219668,0,-1,-1,legit-portal-service-2898.com
29,29,0,1,3,0,4,0,0,0.41025641025641024,0.509323116219668,0,-1,-1,legit-portal-service-2624.com
29,29,0,1,3,0,4,0,0,0.41025641025641024,0.509323116219668,0,-1,-1,legit-portal-service-3572.com
29,29,0,1,3,0,4,0,0,0.41025641025641024,0.509323116219668,0,-1,-1,legit-portal-service-3685.com
29,29,0,1,3,0,4,0,0,0.41025641025641024,0.509323116219668,0,-1,-1,legit-portal-service-4494.com
29,29,0,1,3,0,4,0,0,0.41025641025641024,0.509323116219668,0,-1,-1,legit-portal-service-2004.com
29,29,0,1,3,0,4,0,0,0.41025641025641024,0.509323116219668,0,-1,-1,legit-portal-service-2263.com
29,29,0,1,3,0,4,0,0,0.41025641025641024,0.509323116219668,0,-1,-1,legit-portal-service-2256.com
29,29,0,1,3,0,4,0,0,0.41025641025641024,0.509323116219668,0,-1,-1,legit-portal-service-2019.com
29,29,0,1,3,0,4,0,0,0.41025641025641024,0.509323116219668,0,-1,-1,legit-portal-service-4583.com
29,29,0,1,3,0,4,0,0,0.41025641025641024,0.509323116219668,0,-1,-1,legit-portal-service-2298.com
29,29,0,1,3,0,4,0,0,0.41025641025641024,0.509323116219668,0,-1,-1,legit-portal-service-2539.com
29,29,0,1,3,0,4,0,0,0.41025641025641024,0.509323116219668,0,-1,-1,legit-portal-service-1209.com
29,29,0,1,3,0,4,0,0,0.41025641025641024,0.509323116219668,0,-1,-1,legit-portal-service-4371.com
29,29,0,1,3,0,4,0,0,0.41025641025641024,0.509323116219668,0,-1,-1,legit-portal-service-2159.com
29,29,0,1,3,0,4,0,0,0.41025641025641024,0.509323116219668,0,-1,-1,legit-portal-service-3041.com
29,29,0,1,3,0,4,0,0,0.41025641025641024,0.509323116219668,0,-1,-1,legit-portal-service-1479.com
29,29,0,1,3,0,4,0,0,0.41025641025641024,0.509323116219668,0,-1,-1,legit-portal-service-2978.com
29,29,0,1,3,0,4,0,0,0.41025641025641024,0.509323116219668,0,-1,-1,legit-portal-service-3998.com
29,29,0,1,3,0,4,0,0,0.41025641025641024,0.509323116219668,0,-1,-1,legit-portal-service-3782.com
29,29,0,1,3,0,4,0,0,0.41025641025641024,0.509323116219668,0,-1,-1,legit-portal-service-4271.com
29,29,0,1,3,0,4,0,0,0.41025641025641024,0.509323116219668,0,-1,-1,legit-portal-service-4595.com
28,28,0,1,3,0,3,0,0,0.42105263157894735,0.5113756613756614,0,-1,-1,legit-portal-service-893.com
29,29,0,1,3,0,4,0,0,0.41025641025641024,0.509323116219668,0,-1,-1,legit-portal-service-4462.com
29,29,0,1,3,0,4,0,0,0.41025641025641024,0.509323116219668,0,-1,-1,legit-portal-service-3585.com
29,29,0,1,3,0,4,0,0,0.41025641025641024,0.509323116219668,0,-1,-1,legit-portal-service-3831.com
28,28,0,1,3,0,3,0,0,0.42105263157894735,0.5113756613756614,0,-1,-1,legit-portal-service-322.com
28,28,0,1,3,0,3,0,0,0.42105263157894735,0.5113756613756614,0,-1,-1,legit-portal-service-778.com
29,29,0,1,3,0,4,0,0,0.41025641025641024,0.509323116219668,0,-1,-1,legit-portal-service-3031.com
28,28,0,1,3,0,3,0,0,0.42105263157894735,0.5113756613756614,0,-1,-1,legit-portal-service-852.com
29,29,0,1,3,0,4,0,0,0.41025641025641024,0.509323116219668,0,-1,-1,legit-portal-service-1002.com
29,29,0,1,3,0,4,0,0,0.41025641025641024,0.509323116219668,0,-1,-1,legit-portal-service-2434.com
29,29,0,1,3,0,4,0,0,0.41025641025641024,0.509323116219668,0,-1,-1,legit-portal-service-4974.com
28,28,0,1,3,0,3,0,0,0.42105263157894735,0.5113756613756614,0,-1,-1,legit-portal-service-960.com
29,29,0,1,3,0,4,0,0,0.41025641025641024,0.509323116219668,0,-1,-1,legit-portal-service-4754.com
29,29,0,1,3,0,4,0,0,0.41025641025641024,0.509323116219668,0,-1,-1,legit-portal-service-4196.com
28,28,0,1,3,0,3,0,0,0.42105263157894735,0.5113756613756614,0,-1,-1,legit-portal-service-914.com
29,29,0,1,3,0,4,0,0,0.41025641025641024,0.509323116219668,0,-1,-1,legit-portal-service-3286.com
29,29,0,1,3,0,4,0,0,0.41025641025641024,0.509323116219668,0,-1,-1,legit-portal-service-1583.com
10,10,0,1,0,0,0,0,0,0.5217391304347826,0.6666666666666666,0,-1,-1,github.com
29,29,0,1,3,0,4,0,0,0.41025641025641024,0.509323116219668,0,-1,-1,legit-portal-service-1364.com
26,26,0,1,3,0,1,0,0,0.4444444444444444,0.5327635327635328,0,-1,-1,legit-portal-service-2.com
29,29,0,1,3,0,4,0,0,0.41025641025641024,0.509323116219668,0,-1,-1,legit-portal-service-1459.com
29,29,0,1,3,0,4,0,0,0.41025641025641024,0.509323116219668,0,-1,-1,legit-portal-service-4315.com
29,29,0,1,3,0,4,0,0,0.41025641025641024,0.509323116219668,0,-1,-1,legit-portal-service-3817.com
29,29,0,1,3,0,4,0,0,0.41025641025641024,0.509323116219668,0,-1,-1,legit-portal-service-2400.com
29,29,0,1,3,0,4,0,0,0.41025641025641024,0.509323116219668,0,-1,-1,legit-portal-service-3400.com
29,29,0,1,3,0,4,0,0,0.41025641025641024,0.509323116219668,0,-1,-1,legit-portal-service-1711.com
29,29,0,1,3,0,4,0,0,0.41025641025641024,0.509323116219668,0,-1,-1,legit-portal-service-3777.com
29,29,0,1,3,0,4,0,0,0.41025641025641024,0.509323116219668,0,-1,-1,legit-portal-service-3771.com
29,29,0,1,3,0,4,0,0,0.41025641025641024,0.509323116219668,0,-1,-1,legit-portal-service-1184.com
29,29,0,1,3,0,4,0,0,0.41025641025641024,0.509323116219668,0,-1,-1,legit-portal-service-3829.com
29,29,0,1,3,0,4,0,0,0.41025641025641024,0.509323116219668,0,-1,-1,legit-portal-service-3408.com
29,29,0,1,3,0,4,0,0,0.41025641025641024,0.509323116219668,0,-1,-1,legit-portal-service-3316.com
29,29,0,1,3,0,4,0,0,0.41025641025641024,0.509323116219668,0,-1,-1,legit-portal-service-1879.com
29,29,0,1,3,0,4,0,0,0.41025641025641024,0.509323116219668,0,-1,-1,legit-portal-service-2648.com
29,29,0,1,3,0,4,0,0,0.41025641025641024,0.509323116219668,0,-1,-1,legit-portal-service-1367.com
27,27,0,1,3,0,2,0,0,0.43243243243243246,0.5308641975308642,0,-1,-1,legit-portal-service-47.com
29,29,0,1,3,0,4,0,0,0.41025641025641024,0.509323116219668,0,-1,-1,legit-portal-service-4941.com
29,29,0,1,3,0,4,0,0,0.41025641025641024,0.509323116219668,0,-1,-1,legit-portal-service-1498.com
29,29,0,1,3,0,4,0,0,0.41025641025641024,0.509323116219668,0,-1,-1,legit-portal-service-1865.com
29,29,0,1,3,0,4,0,0,0.41025641025641024,0.509323116219668,0,-1,-1,legit-portal-service-4238.com
28,28,0,1,3,0,3,0,0,0.42105263157894735,0.5113756613756614,0,-1,-1,legit-portal-service-765.com
29,29,0,1,3,0,4,0,0,0.41025641025641024,0.509323116219668,0,-1,-1,legit-portal-service-3832.com
29,29,0,1,3,0,4,0,0,0.41025641025641024,0.509323116219668,0,-1,-1,legit-portal-service-2608.com
29,29,0,1,3,0,4,0,0,0.41025641025641024,0.509323116219668,0,-1,-1,legit-portal-service-3150.com
29,29,0,1,3,0,4,0,0,0.41025641025641024,0.509323116219668,0,-1,-1,legit-portal-service-3982.com
29,29,0,1,3,0,4,0,0,0.41025641025641024,0.509323116219668,0,-1,-1,legit-portal-service-3808.com
29,29,0,1,3,0,4,0,0,0.41025641025641024,0.509323116219668,0,-1,-1,legit-portal-service-4765.com
29,29,0,1,3,0,4,0,0,0.41025641025641024,0.509323116219668,0,-1,-1,legit-portal-service-4240.com
29,29,0,1,3,0,4,0,0,0.41025641025641024,0.509323116219668,0,-1,-1,legit-portal-service-1101.com
29,29,0,1,3,0,4,0,0,0.41025641025641024,0.509323116219668,0,-1,-1,legit-portal-service-1077.com
29,29,0,1,3,0,4,0,0,0.41025641025641024,0.509323116219668,0,-1,-1,legit-portal-service-1055.com
29,29,0,1,3,0,4,0,0,0.41025641025641024,0.509323116219668,0,-1,-1,legit-portal-service-3913.com
29,29,0,1,3,0,4,0,0,0.41025641025641024,0.509323116219668,0,-1,-1,legit-portal-service-3907.com
29,29,0,1,3,0,4,0,0,0.41025641025641024,0.509323116219668,0,-1,-1,legit-portal-service-1646.com
29,29,0,1,3,0,4,0,0,0.41025641025641024,0.509323116219668,0,-1,-1,legit-portal-service-4176.com
29,29,0,1,3,0,4,0,0,0.41025641025641024,0.509323116219668,0,-1,-1,legit-portal-service-3598.com
29,29,0,1,3,0,4,0,0,0.41025641025641024,0.509323116219668,0,-1,-1,legit-portal-service-3234.com
28,28,0,1,3,0,3,0,0,0.42105263157894735,0.5113756613756614,0,-1,-1,legit-portal-service-608.com
29,29,0,1,3,0,4,0,0,0.41025641025641024,0.509323116219668,0,-1,-1,legit-portal-service-3863.com
29,29,0,1,3,0,4,0,0,0.41025641025641024,0.509323116219668,0,-1,-1,legit-portal-service-4895.com
29,29,0,1,3,0,4,0,0,0.41025641025641024,0.509323116219668,0,-1,-1,legit-portal-service-3630.com
29,29,0,1,3,0,4,0,0,0.41025641025641024,0.509323116219668,0,-1,-1,legit-portal-service-3226.com
29,29,0,1,3,0,4,0,0,0.41025641025641024,0.509323116219668,0,-1,-1,legit-portal-service-2355.com
29,29,0,1,3,0,4,0,0,0.41025641025641024,0.509323116219668,0,-1,-1,legit-portal-service-4832.com
29,29,0,1,3,0,4,0,0,0.41025641025641024,0.509323116219668,0,-1,-1,legit-portal-service-3748.com
29,29,0,1,3,0,4,0,0,0.41025641025641024,0.509323116219668,0,-1,-1,legit-portal-service-4840.com
29,29,0,1,3,0,4,0,0,0.41025641025641024,0.509323116219668,0,-1,-1,legit-portal-service-4417.com
28,28,0,1,3,0,3,0,0,0.42105263157894735,0.5113756613756614,0,-1,-1,legit-portal-service-554.com
29,29,0,1,3,0,4,0,0,0.41025641025641024,0.509323116219668,0,-1,-1,legit-portal-service-4131.com
29,29,0,1,3,0,4,0,0,0.41025641025641024,0.509323116219668,0,-1,-1,legit-portal-service-2127.com
29,29,0,1,3,0,4,0,0,0.41025641025641024,0.509323116219668,0,-1,-1,legit-portal-service-1967.com
29,29,0,1,3,0,4,0,0,0.41025641025641024,0.509323116219668,0,-1,-1,legit-portal-service-1409.com
28,28,0,1,3,0,3,0,0,0.42105263157894735,0.5113756613756614,0,-1,-1,legit-portal-service-472.com
29,29,0,1,3,0,4,0,0,0.41025641025641024,0.509323116219668,0,-1,-1,legit-portal-service-2329.com
28,28,0,1,3,0,3,0,0,0.42105263157894735,0.5113756613756614,0,-1,-1,legit-portal-service-268.com
29,29,0,1,3,0,4,0,0,0.41025641025641024,0.509323116219668,0,-1,-1,legit-portal-service-2600.com
29,29,0,1,3,0,4,0,0,0.41025641025641024,0.509323116219668,0,-1,-1,legit-portal-service-3848.com
29,29,0,1,3,0,4,0,0,0.41025641025641024,0.509323116219668,0,-1,-1,legit-portal-service-3870.com
29,29,0,1,3,0,4,0,0,0.41025641025641024,0.509323116219668,0,-1,-1,legit-portal-service-1484.com
29,29,0,1,3,0,4,0,0,0.41025641025641024,0.509323116219668,0,-1,-1,legit-portal-service-1900.com
29,29,0,1,3,0,4,0,0,0.41025641025641024,0.509323116219668,0,-1,-1,legit-portal-service-4430.com
29,29,0,1,3,0,4,0,0,0.41025641025641024,0.509323116219668,0,-1,-1,legit-portal-service-3589.com
28,28,0,1,3,0,3,0,0,0.42105263157894735,0.5113756613756614,0,-1,-1,legit-portal-service-544.com
28,28,0,1,3,0,3,0,0,0.42105263157894735,0.5113756613756614,0,-1,-1,legit-portal-service-934.com
29,29,0,1,3,0,4,0,0,0.41025641025641024,0.509323116219668,0,-1,-1,legit-portal-service-2016.com
29,29,0,1,3,0,4,0,0,0.41025641025641024,0.509323116219668,0,-1,-1,legit-portal-service-3712.com
29,29,0,1,3,0,4,0,0,0.41025641025641024,0.509323116219668,0,-1,-1,legit-portal-service-2899.com
29,29,0,1,3,0,4,0,0,0.41025641025641024,0.509323116219668,0,-1,-1,legit-portal-service-2287.com
29,29,0,1,3,0,4,0,0,0.41025641025641024,0.509323116219668,0,-1,-1,legit-portal-service-1813.com
29,29,0,1,3,0,4,0,0,0.41025641025641024,0.509323116219668,0,-1,-1,legit-portal-service-4464.com
29,29,0,1,3,0,4,0,0,0.41025641025641024,0.509323116219668,0,-1,-1,legit-portal-service-1158.com
29,29,0,1,3,0,4,0,0,0.41025641025641024,0.509323116219668,0,-1,-1,legit-portal-service-2720.com
29,29,0,1,3,0,4,0,0,0.41025641025641024,0.509323116219668,0,-1,-1,legit-portal-service-2976.com
29,29,0,1,3,0,4,0,0,0.41025641025641024,0.509323116219668,0,-1,-1,legit-portal-service-2769.com
29,29,0,1,3,0,4,0,0,0.41025641025641024,0.509323116219668,0,-1,-1,legit-portal-service-1734.com
29,29,0,1,3,0,4,0,0,0.41025641025641024,0.509323116219668,0,-1,-1,legit-portal-service-2046.com
29,29,0,1,3,0,4,0,0,0.41025641025641024,0.509323116219668,0,-1,-1,legit-portal-service-2654.com
29,29,0,1,3,0,4,0,0,0.41025641025641024,0.509323116219668,0,-1,-1,legit-portal-service-4061.com
29,29,0,1,3,0,4,0,0,0.41025641025641024,0.509323116219668,0,-1,-1,legit-portal-service-1298.com
29,29,0,1,3,0,4,0,0,0.41025641025641024,0.509323116219668,0,-1,-1,legit-portal-service-2103.com
28,28,0,1,3,0,3,0,0,0.42105263157894735,0.5113756613756614,0,-1,-1,legit-portal-service-702.com
29,29,0,1,3,0,4,0,0,0.41025641025641024,0.509323116219668,0,-1,-1,legit-portal-service-2039.com
28,28,0,1,3,0,3,0,0,0.42105263157894735,0.5113756613756614,0,-1,-1,legit-portal-service-292.com
29,29,0,1,3,0,4,0,0,0.41025641025641024,0.509323116219668,0,-1,-1,legit-portal-service-1390.com
29,29,0,1,3,0,4,0,0,0.41025641025641024,0.509323116219668,0,-1,-1,legit-portal-service-1347.com
29,29,0,1,3,0,4,0,0,0.41025641025641024,0.509323116219668,0,-1,-1,legit-portal-service-2940.com
29,29,0,1,3,0,4,0,0,0.41025641025641024,0.509323116219668,0,-1,-1,legit-portal-service-3680.com
29,29,0,1,3,0,4,0,0,0.41025641025641024,0.509323116219668,0,-1,-1,legit-portal-service-3137.com
29,29,0,1,3,0,4,0,0,0.41025641025641024,0.509323116219668,0,-1,-1,legit-portal-service-4788.com
29,29,0,1,3,0,4,0,0,0.41025641025641024,0.509323116219668,0,-1,-1,legit-portal-service-2873.com
29,29,0,1,3,0,4,0,0,0.41025641025641024,0.509323116219668,0,-1,-1,legit-portal-service-4936.com
29,29,0,1,3,0,4,0,0,0.41025641025641024,0.509323116219668,0,-1,-1,legit-portal-service-3404.com
29,29,0,1,3,0,4,0,0,0.41025641025641024,0.509323116219668,0,-1,-1,legit-portal-service-3518.com
29,29,0,1,3,0,4,0,0,0.41025641025641024,0.509323116219668,0,-1,-1,legit-portal-service-4537.com
27,27,0,1,3,0,2,0,0,0.43243243243243246,0.5308641975308642,0,-1,-1,legit-portal-service-17.com
29,29,0,1,3,0,4,0,0,0.41025641025641024,0.509323116219668,0,-1,-1,legit-portal-service-1959.com
28,28,0,1,3,0,3,0,0,0.42105263157894735,0.5113756613756614,0,-1,-1,legit-portal-service-399.com
29,29,0,1,3,0,4,0,0,0.41025641025641024,0.509323116219668,0,-1,-1,legit-portal-service-1693.com
29,29,0,1,3,0,4,0,0,0.41025641025641024,0.509323116219668,0,-1,-1,legit-portal-service-4205.com
29,29,0,1,3,0,4,0,0,0.41025641025641024,0.509323116219668,0,-1,-1,legit-portal-service-4831.com
29,29,0,1,3,0,4,0,0,0.41025641025641024,0.509323116219668,0,-1,-1,legit-portal-service-3255.com
29,29,0,1,3,0,4,0,0,0.41025641025641024,0.509323116219668,0,-1,-1,legit-portal-service-1717.com
29,29,0,1,3,0,4,0,0,0.41025641025641024,0.509323116219668,0,-1,-1,legit-portal-service-2521.com
29,29,0,1,3,0,4,0,0,0.41025641025641024,0.509323116219668,0,-1,-1,legit-portal-service-3175.com
29,29,0,1,3,0,4,0,0,0.41025641025641024,0.509323116219668,0,-1,-1,legit-portal-service-3069.com
29,29,0,1,3,0,4,0,0,0.41025641025641024,0.509323116219668,0,-1,-1,legit-portal-service-1306.com
28,28,0,1,3,0,3,0,0,0.42105263157894735,0.5113756613756614,0,-1,-1,legit-portal-service-494.com
29,29,0,1,3,0,4,0,0,0.41025641025641024,0.509323116219668,0,-1,-1,legit-portal-service-3601.com
29,29,0,1,3,0,4,0,0,0.41025641025641024,0.509323116219668,0,-1,-1,legit-portal-service-4761.com
29,29,0,1,3,0,4,0,0,0.41025641025641024,0.509323116219668,0,-1,-1,legit-portal-service-4028.com
29,29,0,1,3,0,4,0,0,0.41025641025641024,0.509323116219668,0,-1,-1,legit-portal-service-2146.com
29,29,0,1,3,0,4,0,0,0.41025641025641024,0.509323116219668,0,-1,-1,legit-portal-service-1984.com
29,29,0,1,3,0,4,0,0,0.41025641025641024,0.509323116219668,0,-1,-1,legit-portal-service-4262.com
29,29,0,1,3,0,4,0,0,0.41025641025641024,0.509323116219668,0,-1,-1,legit-portal-service-4554.com
29,29,0,1,3,0,4,0,0,0.41025641025641024,0.509323116219668,0,-1,-1,legit-portal-service-4762.com
29,29,0,1,3,0,4,0,0,0.41025641025641024,0.509323116219668,0,-1,-1,legit-portal-service-3179.com
28,28,0,1,3,0,3,0,0,0.42105263157894735,0.5113756613756614,0,-1,-1,legit-portal-service-906.com
28,28,0,1,3,0,3,0,0,0.42105263157894735,0.5113756613756614,0,-1,-1,legit-portal-service-120.com
29,29,0,1,3,0,4,0,0,0.41025641025641024,0.509323116219668,0,-1,-1,legit-portal-service-1517.com
28,28,0,1,3,0,3,0,0,0.42105263157894735,0.5113756613756614,0,-1,-1,legit-portal-service-530.com
27,27,0,1,3,0,2,0,0,0.43243243243243246,0.5308641975308642,0,-1,-1,legit-portal-service-89.com
29,29,0,1,3,0,4,0,0,0.41025641025641024,0.509323116219668,0,-1,-1,legit-portal-service-2350.com
29,29,0,1,3,0,4,0,0,0.41025641025641024,0.509323116219668,0,-1,-1,legit-portal-service-1142.com
28,28,0,1,3,0,3,0,0,0.42105263157894735,0.5113756613756614,0,-1,-1,legit-portal-service-505.com
29,29,0,1,3,0,4,0,0,0.41025641025641024,0.509323116219668,0,-1,-1,legit-portal-service-4499.com
29,29,0,1,3,0,4,0,0,0.41025641025641024,0.509323116219668,0,-1,-1,legit-portal-service-3202.com
29,29,0,1,3,0,4,0,0,0.41025641025641024,0.509323116219668,0,-1,-1,legit-portal-service-1354.com
29,29,0,1,3,0,4,0,0,0.41025641025641024,0.509323116219668,0,-1,-1,legit-portal-service-1058.com
29,29,0,1,3,0,4,0,0,0.41025641025641024,0.509323116219668,0,-1,-1,legit-portal-service-2334.com
28,28,0,1,3,0,3,0,0,0.42105263157894735,0.5113756613756614,0,-1,-1,legit-portal-service-950.com
29,29,0,1,3,0,4,0,0,0.41025641025641024,0.509323116219668,0,-1,-1,legit-portal-service-2838.com
27,27,0,1,3,0,2,0,0,0.43243243243243246,0.5308641975308642,0,-1,-1,legit-portal-service-59.com
28,28,0,1,3,0,3,0,0,0.42105263157894735,0.5113756613756614,0,-1,-1,legit-portal-service-615.com
9,9,0,1,0,0,0,0,0,0.4444444444444444,0.6296296296296297,0,-1,-1,github.io
29,29,0,1,3,0,4,0,0,0.41025641025641024,0.509323116219668,0,-1,-1,legit-portal-service-3321.com
29,29,0,1,3,0,4,0,0,0.41025641025641024,0.509323116219668,0,-1,-1,legit-portal-service-4605.com
29,29,0,1,3,0,4,0,0,0.41025641025641024,0.509323116219668,0,-1,-1,legit-portal-service-2049.com
28,28,0,1,3,0,3,0,0,0.42105263157894735,0.5113756613756614,0,-1,-1,legit-portal-service-600.com
29,29,0,1,3,0,4,0,0,0.41025641025641024,0.509323116219668,0,-1,-1,legit-portal-service-2476.com
28,28,0,1,3,0,3,0,0,0.42105263157894735,0.5113756613756614,0,-1,-1,legit-portal-service-851.com
28,28,0,1,3,0,3,0,0,0.42105263157894735,0.5113756613756614,0,-1,-1,legit-portal-service-415.com
28,28,0,1,3,0,3,0,0,0.42105263157894735,0.5113756613756614,0,-1,-1,legit-portal-service-180.com
29,29,0,1,3,0,4,0,0,0.41025641025641024,0.509323116219668,0,-1,-1,legit-portal-service-3824.com
29,29,0,1,3,0,4,0,0,0.41025641025641024,0.509323116219668,0,-1,-1,legit-portal-service-3822.com
29,29,0,1,3,0,4,0,0,0.41025641025641024,0.509323116219668,0,-1,-1,legit-portal-service-1949.com
29,29,0,1,3,0,4,0,0,0.41025641025641024,0.509323116219668,0,-1,-1,legit-portal-service-2954.com
29,29,0,1,3,0,4,0,0,0.41025641025641024,0.509323116219668,0,-1,-1,legit-portal-service-1906.com
29,29,0,1,3,0,4,0,0,0.41025641025641024,0.509323116219668,0,-1,-1,legit-portal-service-4804.com
29,29,0,1,3,0,4,0,0,0.41025641025641024,0.509323116219668,0,-1,-1,legit-portal-service-1458.com
28,28,0,1,3,0,3,0,0,0.42105263157894735,0.5113756613756614,0,-1,-1,legit-portal-service-915.com
28,28,0,1,3,0,3,0,0,0.42105263157894735,0.5113756613756614,0,-1,-1,legit-portal-service-451.com
29,29,0,1,3,0,4,0,0,0.41025641025641024,0.509323116219668,0,-1,-1,legit-portal-service-2965.com
29,29,0,1,3,0,4,0,0,0.41025641025641024,0.509323116219668,0,-1,-1,legit-portal-service-3929.com
29,29,0,1,3,0,4,0,0,0.41025641025641024,0.509323116219668,0,-1,-1,legit-portal-service-4219.com
29,29,0,1,3,0,4,0,0,0.41025641025641024,0.509323116219668,0,-1,-1,legit-portal-service-1318.com
29,29,0,1,3,0,4,0,0,0.41025641025641024,0.509323116219668,0,-1,-1,legit-portal-service-4575.com
29,29,0,1,3,0,4,0,0,0.41025641025641024,0.509323116219668,0,-1,-1,legit-portal-service-4705.com
29,29,0,1,3,0,4,0,0,0.41025641025641024,0.509323116219668,0,-1,-1,legit-portal-service-2616.com
29,29,0,1,3,0,4,0,0,0.41025641025641024,0.509323116219668,0,-1,-1,legit-portal-service-2241.com
29,29,0,1,3,0,4,0,0,0.41025641025641024,0.509323116219668,0,-1,-1,legit-portal-service-4870.com
29,29,0,1,3,0,4,0,0,0.41025641025641024,0.509323116219668,0,-1,-1,legit-portal-service-3123.com
29,29,0,1,3,0,4,0,0,0.41025641025641024,0.509323116219668,0,-1,-1,legit-portal-service-2482.com
28,28,0,1,3,0,3,0,0,0.42105263157894735,0.5113756613756614,0,-1,-1,legit-portal-service-235.com
29,29,0,1,3,0,4,0,0,0.41025641025641024,0.509323116219668,0,-1,-1,legit-portal-service-4159.com
29,29,0,1,3,0,4,0,0,0.41025641025641024,0.509323116219668,0,-1,-1,legit-portal-service-2057.com
29,29,0,1,3,0,4,0,0,0.41025641025641024,0.509323116219668,0,-1,-1,legit-portal-service-1205.com
29,29,0,1,3,0,4,0,0,0.41025641025641024,0.509323116219668,0,-1,-1,legit-portal-service-2715.com
29,29,0,1,3,0,4,0,0,0.41025641025641024,0.509323116219668,0,-1,-1,legit-portal-service-1085.com
29,29,0,1,3,0,4,0,0,0.41025641025641024,0.509323116219668,0,-1,-1,legit-portal-service-3447.com
29,29,0,1,3,0,4,0,0,0.41025641025641024,0.509323116219668,0,-1,-1,legit-portal-service-2740.com
27,27,0,1,3,0,2,0,0,0.43243243243243246,0.5308641975308642,0,-1,-1,legit-portal-service-44.com
28,28,0,1,3,0,3,0,0,0.42105263157894735,0.5113756613756614,0,-1,-1,legit-portal-service-970.com
29,29,0,1,3,0,4,0,0,0.41025641025641024,0.509323116219668,0,-1,-1,legit-portal-service-1561.com
28,28,0,1,3,0,3,0,0,0.42105263157894735,0.5113756613756614,0,-1,-1,legit-portal-service-823.com
28,28,0,1,3,0,3,0,0,0.42105263157894735,0.5113756613756614,0,-1,-1,legit-portal-service-454.com
28,28,0,1,3,0,3,0,0,0.42105263157894735,0.5113756613756614,0,-1,-1,legit-portal-service-506.com
29,29,0,1,3,0,4,0,0,0.41025641025641024,0.509323116219668,0,-1,-1,legit-portal-service-2251.com
29,29,0,1,3,0,4,0,0,0.41025641025641024,0.509323116219668,0,-1,-1,legit-portal-service-3433.com
29,29,0,1,3,0,4,0,0,0.41025641025641024,0.509323116219668,0,-1,-1,legit-portal-service-4857.com
28,28,0,1,3,0,3,0,0,0.42105263157894735,0.5113756613756614,0,-1,-1,legit-portal-service-930.com
29,29,0,1,3,0,4,0,0,0.41025641025641024,0.509323116219668,0,-1,-1,legit-portal-service-2961.com
29,29,0,1,3,0,4,0,0,0.41025641025641024,0.509323116219668,0,-1,-1,legit-portal-service-1399.com
29,29,0,1,3,0,4,0,0,0.41025641025641024,0.509323116219668,0,-1,-1,legit-portal-service-4786.com
29,29,0,1,3,0,4,0,0,0.41025641025641024,0.509323116219668,0,-1,-1,legit-portal-service-1863.com
29,29,0,1,3,0,4,0,0,0.41025641025641024,0.509323116219668,0,-1,-1,legit-portal-service-3205.com
29,29,0,1,3,0,4,0,0,0.41025641025641024,0.509323116219668,0,-1,-1,legit-portal-service-4993.com
29,29,0,1,3,0,4,0,0,0.41025641025641024,0.509323116219668,0,-1,-1,legit-portal-service-2823.com
29,29,0,1,3,0,4,0,0,0.41025641025641024,0.509323116219668,0,-1,-1,legit-portal-service-1999.com
29,29,0,1,3,0,4,0,0,0.41025641025641024,0.509323116219668,0,-1,-1,legit-portal-service-2410.com
28,28,0,1,3,0,3,0,0,0.42105263157894735,0.5113756613756614,0,-1,-1,legit-portal-service-313.com
29,29,0,1,3,0,4,0,0,0.41025641025641024,0.509323116219668,0,-1,-1,legit-portal-service-4323.com
29,29,0,1,3,0,4,0,0,0.41025641025641024,0.509323116219668,0,-1,-1,legit-portal-service-3844.com
29,29,0,1,3,0,4,0,0,0.41025641025641024,0.509323116219668,0,-1,-1,legit-portal-service-1681.com
29,29,0,1,3,0,4,0,0,0.41025641025641024,0.509323116219668,0,-1,-1,legit-portal-service-1136.com
29,29,0,1,3,0,4,0,0,0.41025641025641024,0.509323116219668,0,-1,-1,legit-portal-service-1781.com
29,29,0,1,3,0,4,0,0,0.41025641025641024,0.509323116219668,0,-1,-1,legit-portal-service-2973.com
29,29,0,1,3,0,4,0,0,0.41025641025641024,0.509323116219668,0,-1,-1,legit-portal-service-4486.com
29,29,0,1,3,0,4,0,0,0.41025641025641024,0.509323116219668,0,-1,-1,legit-portal-service-1829.com
29,29,0,1,3,0,4,0,0,0.41025641025641024,0.509323116219668,0,-1,-1,legit-portal-service-3380.com
7,7,0,1,0,0,0,0,0,0.5882352941176471,0.7380952380952381,0,-1,-1,dhl.com
29,29,0,1,3,0,4,0,0,0.41025641025641024,0.509323116219668,0,-1,-1,legit-portal-service-3437.com
29,29,0,1,3,0,4,0,0,0.41025641025641024,0.509323116219668,0,-1,-1,legit-portal-service-2853.com
29,29,0,1,3,0,4,0,0,0.41025641025641024,0.509323116219668,0,-1,-1,legit-portal-service-4255.com
29,29,0,1,3,0,4,0,0,0.41025641025641024,0.509323116219668,0,-1,-1,legit-portal-service-3846.com
28,28,0,1,3,0,3,0,0,0.42105263157894735,0.5113756613756614,0,-1,-1,legit-portal-service-974.com
12,12,0,1,0,0,0,0,0,0.5454545454545454,0.7388888888888889,0,-1,-1,barclays.com
29,29,0,1,3,0,4,0,0,0.41025641025641024,0.509323116219668,0,-1,-1,legit-portal-service-2294.com
29,29,0,1,3,0,4,0,0,0.41025641025641024,0.509323116219668,0,-1,-1,legit-portal-service-3227.com
29,29,0,1,3,0,4,0,0,0.41025641025641024,0.509323116219668,0,-1,-1,legit-portal-service-3626.com
29,29,0,1,3,0,4,0,0,0.41025641025641024,0.509323116219668,0,-1,-1,legit-portal-service-4643.com
29,29,0,1,3,0,4,0,0,0.41025641025641024,0.509323116219668,0,-1,-1,legit-portal-service-1637.com
29,29,0,1,3,0,4,0,0,0.41025641025641024,0.509323116219668,0,-1,-1,legit-portal-service-2670.com
29,29,0,1,3,0,4,0,0,0.41025641025641024,0.509323116219668,0,-1,-1,legit-portal-service-1000.com
28,28,0,1,3,0,3,0,0,0.42105263157894735,0.5113756613756614,0,-1,-1,legit-portal-service-592.com
29,29,0,1,3,0,4,0,0,0.41025641025641024,0.509323116219668,0,-1,-1,legit-portal-service-4191.com
29,29,0,1,3,0,4,0,0,0.41025641025641024,0.509323116219668,0,-1,-1,legit-portal-service-2217.com
29,29,0,1,3,0,4,0,0,0.41025641025641024,0.509323116219668,0,-1,-1,legit-portal-service-3623.com
29,29,0,1,3,0,4,0,0,0.41025641025641024,0.509323116219668,0,-1,-1,legit-portal-service-3334.com
29,29,0,1,3,0,4,0,0,0.41025641025641024,0.509323116219668,0,-1,-1,legit-portal-service-2950.com
28,28,0,1,3,0,3,0,0,0.42105263157894735,0.5113756613756614,0,-1,-1,legit-portal-service-824.com
28,28,0,1,3,0,3,0,0,0.42105263157894735,0.5113756613756614,0,-1,-1,legit-portal-service-376.com
29,29,0,1,3,0,4,0,0,0.41025641025641024,0.509323116219668,0,-1,-1,legit-portal-service-2619.com
28,28,0,1,3,0,3,0,0,0.42105263157894735,0.5113756613756614,0,-1,-1,legit-portal-service-389.com
27,27,0,1,3,0,2,0,0,0.43243243243243246,0.5308641975308642,0,-1,-1,legit-portal-service-52.com
29,29,0,1,3,0,4,0,0,0.41025641025641024,0.509323116219668,0,-1,-1,legit-portal-service-1419.com
29,29,0,1,3,0,4,0,0,0.41025641025641024,0.509323116219668,0,-1,-1,legit-portal-service-3773.com
29,29,0,1,3,0,4,0,0,0.41025641025641024,0.509323116219668,0,-1,-1,legit-portal-service-4566.com
28,28,0,1,3,0,3,0,0,0.42105263157894735,0.5113756613756614,0,-1,-1,legit-portal-service-650.com
29,29,0,1,3,0,4,0,0,0.41025641025641024,0.509323116219668,0,-1,-1,legit-portal-service-1801.com
29,29,0,1,3,0,4,0,0,0.41025641025641024,0.509323116219668,0,-1,-1,legit-portal-service-2280.com
29,29,0,1,3,0,4,0,0,0.41025641025641024,0.509323116219668,0,-1,-1,legit-portal-service-4635.com
29,29,0,1,3,0,4,0,0,0.41025641025641024,0.509323116219668,0,-1,-1,legit-portal-service-4105.com
28,28,0,1,3,0,3,0,0,0.42105263157894735,0.5113756613756614,0,-1,-1,legit-portal-service-583.com
29,29,0,1,3,0,4,0,0,0.41025641025641024,0.509323116219668,0,-1,-1,legit-portal-service-2342.com
28,28,0,1,3,0,3,0,0,0.42105263157894735,0.5113756613756614,0,-1,-1,legit-portal-service-115.com
29,29,0,1,3,0,4,0,0,0.41025641025641024,0.509323116219668,0,-1,-1,legit-portal-service-4202.com
29,29,0,1,3,0,4,0,0,0.41025641025641024,0.509323116219668,0,-1,-1,legit-portal-service-2880.com
29,29,0,1,3,0,4,0,0,0.41025641025641024,0.509323116219668,0,-1,-1,legit-portal-service-3305.com
29,29,0,1,3,0,4,0,0,0.41025641025641024,0.509323116219668,0,-1,-1,legit-portal-service-2504.com
10,10,0,1,0,0,0,0,0,1.0,1.0,0,-1,-1,paypal.com
29,29,0,1,3,0,4,0,0,0.41025641025641024,0.509323116219668,0,-1,-1,legit-portal-service-3378.com
28,28,0,1,3,0,3,0,0,0.42105263157894735,0.5113756613756614,0,-1,-1,legit-portal-service-955.com
14,14,0,3,0,0,0,0,0,1.0,1.0,0,-1,-1,vtop.vit.ac.in
29,29,0,1,3,0,4,0,0,0.41025641025641024,0.509323116219668,0,-1,-1,legit-portal-service-3066.com
29,29,0,1,3,0,4,0,0,0.41025641025641024,0.509323116219668,0,-1,-1,legit-portal-service-2120.com
29,29,0,1,3,0,4,0,0,0.41025641025641024,0.509323116219668,0,-1,-1,legit-portal-service-2775.com
29,29,0,1,3,0,4,0,0,0.41025641025641024,0.509323116219668,0,-1,-1,legit-portal-service-1620.com
29,29,0,1,3,0,4,0,0,0.41025641025641024,0.509323116219668,0,-1,-1,legit-portal-service-3371.com
28,28,0,1,3,0,3,0,0,0.42105263157894735,0.5113756613756614,0,-1,-1,legit-portal-service-288.com
29,29,0,1,3,0,4,0,0,0.41025641025641024,0.509323116219668,0,-1,-1,legit-portal-service-4601.com
29,29,0,1,3,0,4,0,0,0.41025641025641024,0.509323116219668,0,-1,-1,legit-portal-service-2257.com
29,29,0,1,3,0,4,0,0,0.41025641025641024,0.509323116219668,0,-1,-1,legit-portal-service-4306.com
29,29,0,1,3,0,4,0,0,0.41025641025641024,0.509323116219668,0,-1,-1,legit-portal-service-1915.com
28,28,0,1,3,0,3,0,0,0.42105263157894735,0.5113756613756614,0,-1,-1,legit-portal-service-556.com
29,29,0,1,3,0,4,0,0,0.41025641025641024,0.509323116219668,0,-1,-1,legit-portal-service-3809.com
29,29,0,1,3,0,4,0,0,0.41025641025641024,0.509323116219668,0,-1,-1,legit-portal-service-3268.com
28,28,0,1,3,0,3,0,0,0.42105263157894735,0.5113756613756614,0,-1,-1,legit-portal-service-539.com
29,29,0,1,3,0,4,0,0,0.41025641025641024,0.509323116219668,0,-1,-1,legit-portal-service-1074.com
29,29,0,1,3,0,4,0,0,0.41025641025641024,0.509323116219668,0,-1,-1,legit-portal-service-1266.com
29,29,0,1,3,0,4,0,0,0.41025641025641024,0.509323116219668,0,-1,-1,legit-portal-service-4056.com
28,28,0,1,3,0,3,0,0,0.42105263157894735,0.5113756613756614,0,-1,-1,legit-portal-service-553.com
29,29,0,1,3,0,4,0,0,0.41025641025641024,0.509323116219668,0,-1,-1,legit-portal-service-2751.com
27,27,0,1,3,0,2,0,0,0.43243243243243246,0.5308641975308642,0,-1,-1,legit-portal-service-86.com
29,29,0,1,3,0,4,0,0,0.41025641025641024,0.509323116219668,0,-1,-1,legit-portal-service-2184.com
28,28,0,1,3,0,3,0,0,0.42105263157894735,0.5113756613756614,0,-1,-1,legit-portal-service-779.com
29,29,0,1,3,0,4,0,0,0.41025641025641024,0.509323116219668,0,-1,-1,legit-portal-service-2299.com
29,29,0,1,3,0,4,0,0,0.41025641025641024,0.509323116219668,0,-1,-1,legit-portal-service-2018.com
29,29,0,1,3,0,4,0,0,0.41025641025641024,0.509323116219668,0,-1,-1,legit-portal-service-1384.com
29,29,0,1,3,0,4,0,0,0.41025641025641024,0.509323116219668,0,-1,-1,legit-portal-service-4249.com
29,29,0,1,3,0,4,0,0,0.41025641025641024,0.509323116219668,0,-1,-1,legit-portal-service-3208.com
28,28,0,1,3,0,3,0,0,0.42105263157894735,0.5113756613756614,0,-1,-1,legit-portal-service-933.com
29,29,0,1,3,0,4,0,0,0.41025641025641024,0.509323116219668,0,-1,-1,legit-portal-service-1108.com
29,29,0,1,3,0,4,0,0,0.41025641025641024,0.509323116219668,0,-1,-1,legit-portal-service-4729.com
29,29,0,1,3,0,4,0,0,0.41025641025641024,0.509323116219668,0,-1,-1,legit-portal-service-4655.com
29,29,0,1,3,0,4,0,0,0.41025641025641024,0.509323116219668,0,-1,-1,legit-portal-service-3785.com
29,29,0,1,3,0,4,0,0,0.41025641025641024,0.509323116219668,0,-1,-1,legit-portal-service-1113.com
29,29,0,1,3,0,4,0,0,0.41025641025641024,0.509323116219668,0,-1,-1,legit-portal-service-2445.com
29,29,0,1,3,0,4,0,0,0.41025641025641024,0.509323116219668,0,-1,-1,legit-portal-service-3327.com
29,29,0,1,3,0,4,0,0,0.41025641025641024,0.509323116219668,0,-1,-1,legit-portal-service-1238.com
29,29,0,1,3,0,4,0,0,0.41025641025641024,0.509323116219668,0,-1,-1,legit-portal-service-4956.com
29,29,0,1,3,0,4,0,0,0.41025641025641024,0.509323116219668,0,-1,-1,legit-portal-service-4799.com
29,29,0,1,3,0,4,0,0,0.41025641025641024,0.509323116219668,0,-1,-1,legit-portal-service-4720.com
29,29,0,1,3,0,4,0,0,0.41025641025641024,0.509323116219668,0,-1,-1,legit-portal-service-4070.com
29,29,0,1,3,0,4,0,0,0.41025641025641024,0.509323116219668,0,-1,-1,legit-portal-service-1456.com
29,29,0,1,3,0,4,0,0,0.41025641025641024,0.509323116219668,0,-1,-1,legit-portal-service-1342.com
29,29,0,1,3,0,4,0,0,0.41025641025641024,0.509323116219668,0,-1,-1,legit-portal-service-2828.com
29,29,0,1,3,0,4,0,0,0.41025641025641024,0.509323116219668,0,-1,-1,legit-portal-service-2205.com
29,29,0,1,3,0,4,0,0,0.41025641025641024,0.509323116219668,0,-1,-1,legit-portal-service-3667.com
28,28,0,1,3,0,3,0,0,0.42105263157894735,0.5113756613756614,0,-1,-1,legit-portal-service-688.com
28,28,0,1,3,0,3,0,0,0.42105263157894735,0.5113756613756614,0,-1,-1,legit-portal-service-686.com
29,29,0,1,3,0,4,0,0,0.41025641025641024,0.509323116219668,0,-1,-1,legit-portal-service-4451.com
29,29,0,1,3,0,4,0,0,0.41025641025641024,0.509323116219668,0,-1,-1,legit-portal-service-3101.com
28,28,0,1,3,0,3,0,0,0.42105263157894735,0.5113756613756614,0,-1,-1,legit-portal-service-802.com
29,29,0,1,3,0,4,0,0,0.41025641025641024,0.509323116219668,0,-1,-1,legit-portal-service-3258.com
29,29,0,1,3,0,4,0,0,0.41025641025641024,0.509323116219668,0,-1,-1,legit-portal-service-2603.com
29,29,0,1,3,0,4,0,0,0.41025641025641024,0.509323116219668,0,-1,-1,legit-portal-service-1319.com
29,29,0,1,3,0,4,0,0,0.41025641025641024,0.509323116219668,0,-1,-1,legit-portal-service-1277.com
29,29,0,1,3,0,4,0,0,0.41025641025641024,0.509323116219668,0,-1,-1,legit-portal-service-1708.com
29,29,0,1,3,0,4,0,0,0.41025641025641024,0.509323116219668,0,-1,-1,legit-portal-service-1759.com
29,29,0,1,3,0,4,0,0,0.41025641025641024,0.509323116219668,0,-1,-1,legit-portal-service-3173.com
29,29,0,1,3,0,4,0,0,0.41025641025641024,0.509323116219668,0,-1,-1,legit-portal-service-1355.com
29,29,0,1,3,0,4,0,0,0.41025641025641024,0.509323116219668,0,-1,-1,legit-portal-service-3323.com
29,29,0,1,3,0,4,0,0,0.41025641025641024,0.509323116219668,0,-1,-1,legit-portal-service-1287.com
29,29,0,1,3,0,4,0,0,0.41025641025641024,0.509323116219668,0,-1,-1,legit-portal-service-3704.com
29,29,0,1,3,0,4,0,0,0.41025641025641024,0.509323116219668,0,-1,-1,legit-portal-service-4174.com
29,29,0,1,3,0,4,0,0,0.41025641025641024,0.509323116219668,0,-1,-1,legit-portal-service-4967.com
29,29,0,1,3,0,4,0,0,0.41025641025641024,0.509323116219668,0,-1,-1,legit-portal-service-4276.com
29,29,0,1,3,0,4,0,0,0.41025641025641024,0.509323116219668,0,-1,-1,legit-portal-service-2398.com
29,29,0,1,3,0,4,0,0,0.41025641025641024,0.509323116219668,0,-1,-1,legit-portal-service-1613.com
29,29,0,1,3,0,4,0,0,0.41025641025641024,0.509323116219668,0,-1,-1,legit-portal-service-1988.com
29,29,0,1,3,0,4,0,0,0.41025641025641024,0.509323116219668,0,-1,-1,legit-portal-service-4508.com
28,28,0,1,3,0,3,0,0,0.42105263157894735,0.5113756613756614,0,-1,-1,legit-portal-service-769.com
29,29,0,1,3,0,4,0,0,0.41025641025641024,0.509323116219668,0,-1,-1,legit-portal-service-4847.com
29,29,0,1,3,0,4,0,0,0.41025641025641024,0.509323116219668,0,-1,-1,legit-portal-service-3501.com
29,29,0,1,3,0,4,0,0,0.41025641025641024,0.509323116219668,0,-1,-1,legit-portal-service-4717.com
29,29,0,1,3,0,4,0,0,0.41025641025641024,0.509323116219668,0,-1,-1,legit-portal-service-3358.com
29,29,0,1,3,0,4,0,0,0.41025641025641024,0.509323116219668,0,-1,-1,legit-portal-service-1651.com
29,29,0,1,3,0,4,0,0,0.41025641025641024,0.509323116219668,0,-1,-1,legit-portal-service-2946.com
28,28,0,1,3,0,3,0,0,0.42105263157894735,0.5113756613756614,0,-1,-1,legit-portal-service-913.com
29,29,0,1,3,0,4,0,0,0.41025641025641024,0.509323116219668,0,-1,-1,legit-portal-service-4780.com
28,28,0,1,3,0,3,0,0,0.42105263157894735,0.5113756613756614,0,-1,-1,legit-portal-service-942.com
29,29,0,1,3,0,4,0,0,0.41025641025641024,0.509323116219668,0,-1,-1,legit-portal-service-3363.com
29,29,0,1,3,0,4,0,0,0.41025641025641024,0.509323116219668,0,-1,-1,legit-portal-service-1619.com
28,28,0,1,3,0,3,0,0,0.42105263157894735,0.5113756613756614,0,-1,-1,legit-portal-service-100.com
29,29,0,1,3,0,4,0,0,0.41025641025641024,0.509323116219668,0,-1,-1,legit-portal-service-2153.com
29,29,0,1,3,0,4,0,0,0.41025641025641024,0.509323116219668,0,-1,-1,legit-portal-service-2114.com
29,29,0,1,3,0,4,0,0,0.41025641025641024,0.509323116219668,0,-1,-1,legit-portal-service-1392.com
29,29,0,1,3,0,4,0,0,0.41025641025641024,0.509323116219668,0,-1,-1,legit-portal-service-3812.com
28,28,0,1,3,0,3,0,0,0.42105263157894735,0.5113756613756614,0,-1,-1,legit-portal-service-853.com
28,28,0,1,3,0,3,0,0,0.42105263157894735,0.5113756613756614,0,-1,-1,legit-portal-service-439.com
29,29,0,1,3,0,4,0,0,0.41025641025641024,0.509323116219668,0,-1,-1,legit-portal-service-2210.com
28,28,0,1,3,0,3,0,0,0.42105263157894735,0.5113756613756614,0,-1,-1,legit-portal-service-159.com
28,28,0,1,3,0,3,0,0,0.42105263157894735,0.5113756613756614,0,-1,-1,legit-portal-service-676.com
29,29,0,1,3,0,4,0,0,0.41025641025641024,0.509323116219668,0,-1,-1,legit-portal-service-1654.com
29,29,0,1,3,0,4,0,0,0.41025641025641024,0.509323116219668,0,-1,-1,legit-portal-service-3103.com
29,29,0,1,3,0,4,0,0,0.41025641025641024,0.509323116219668,0,-1,-1,legit-portal-service-2863.com
29,29,0,1,3,0,4,0,0,0.41025641025641024,0.509323116219668,0,-1,-1,legit-portal-service-1921.com
29,29,0,1,3,0,4,0,0,0.41025641025641024,0.509323116219668,0,-1,-1,legit-portal-service-3320.com
29,29,0,1,3,0,4,0,0,0.41025641025641024,0.509323116219668,0,-1,-1,legit-portal-service-4700.com
29,29,0,1,3,0,4,0,0,0.41025641025641024,0.509323116219668,0,-1,-1,legit-portal-service-4814.com
29,29,0,1,3,0,4,0,0,0.41025641025641024,0.509323116219668,0,-1,-1,legit-portal-service-2269.com
29,29,0,1,3,0,4,0,0,0.41025641025641024,0.509323116219668,0,-1,-1,legit-portal-service-2872.com
29,29,0,1,3,0,4,0,0,0.41025641025641024,0.509323116219668,0,-1,-1,legit-portal-service-2395.com
28,28,0,1,3,0,3,0,0,0.42105263157894735,0.5113756613756614,0,-1,-1,legit-portal-service-250.com
29,29,0,1,3,0,4,0,0,0.41025641025641024,0.509323116219668,0,-1,-1,legit-portal-service-2193.com
29,29,0,1,3,0,4,0,0,0.41025641025641024,0.509323116219668,0,-1,-1,legit-portal-service-4046.com
28,28,0,1,3,0,3,0,0,0.42105263157894735,0.5113756613756614,0,-1,-1,legit-portal-service-855.com
29,29,0,1,3,0,4,0,0,0.41025641025641024,0.509323116219668,0,-1,-1,legit-portal-service-2922.com
28,28,0,1,3,0,3,0,0,0.42105263157894735,0.5113756613756614,0,-1,-1,legit-portal-service-541.com
29,29,0,1,3,0,4,0,0,0.41025641025641024,0.509323116219668,0,-1,-1,legit-portal-service-3643.com
29,29,0,1,3,0,4,0,0,0.41025641025641024,0.509323116219668,0,-1,-1,legit-portal-service-1685.com
29,29,0,1,3,0,4,0,0,0.41025641025641024,0.509323116219668,0,-1,-1,legit-portal-service-1560.com
29,29,0,1,3,0,4,0,0,0.41025641025641024,0.509323116219668,0,-1,-1,legit-portal-service-3739.com
29,29,0,1,3,0,4,0,0,0.41025641025641024,0.509323116219668,0,-1,-1,legit-portal-service-3513.com
29,29,0,1,3,0,4,0,0,0.41025641025641024,0.509323116219668,0,-1,-1,legit-portal-service-2405.com
29,29,0,1,3,0,4,0,0,0.41025641025641024,0.509323116219668,0,-1,-1,legit-portal-service-1599.com
29,29,0,1,3,0,4,0,0,0.41025641025641024,0.509323116219668,0,-1,-1,legit-portal-service-1567.com
29,29,0,1,3,0,4,0,0,0.41025641025641024,0.509323116219668,0,-1,-1,legit-portal-service-1172.com
28,28,0,1,3,0,3,0,0,0.42105263157894735,0.5113756613756614,0,-1,-1,legit-portal-service-458.com
10,10,0,1,0,0,0,0,0,0.5217391304347826,0.6666666666666666,0,-1,-1,reddit.com
29,29,0,1,3,0,4,0,0,0.41025641025641024,0.509323116219668,0,-1,-1,legit-portal-service-3166.com
29,29,0,1,3,0,4,0,0,0.41025641025641024,0.509323116219668,0,-1,-1,legit-portal-service-1927.com
29,29,0,1,3,0,4,0,0,0.41025641025641024,0.509323116219668,0,-1,-1,legit-portal-service-4562.com
29,29,0,1,3,0,4,0,0,0.41025641025641024,0.509323116219668,0,-1,-1,legit-portal-service-2633.com
28,28,0,1,3,0,3,0,0,0.42105263157894735,0.5113756613756614,0,-1,-1,legit-portal-service-866.com
28,28,0,1,3,0,3,0,0,0.42105263157894735,0.5113756613756614,0,-1,-1,legit-portal-service-526.com
28,28,0,1,3,0,3,0,0,0.42105263157894735,0.5113756613756614,0,-1,-1,legit-portal-service-926.com
29,29,0,1,3,0,4,0,0,0.41025641025641024,0.509323116219668,0,-1,-1,legit-portal-service-1097.com
29,29,0,1,3,0,4,0,0,0.41025641025641024,0.509323116219668,0,-1,-1,legit-portal-service-3890.com
28,28,0,1,3,0,3,0,0,0.42105263157894735,0.5113756613756614,0,-1,-1,legit-portal-service-616.com
29,29,0,1,3,0,4,0,0,0.41025641025641024,0.509323116219668,0,-1,-1,legit-portal-service-4479.com
29,29,0,1,3,0,4,0,0,0.41025641025641024,0.509323116219668,0,-1,-1,legit-portal-service-2140.com
29,29,0,1,3,0,4,0,0,0.41025641025641024,0.509323116219668,0,-1,-1,legit-portal-service-3419.com
29,29,0,1,3,0,4,0,0,0.41025641025641024,0.509323116219668,0,-1,-1,legit-portal-service-3714.com
28,28,0,1,3,0,3,0,0,0.42105263157894735,0.5113756613756614,0,-1,-1,legit-portal-service-673.com
28,28,0,1,3,0,3,0,0,0.42105263157894735,0.5113756613756614,0,-1,-1,legit-portal-service-945.com
29,29,0,1,3,0,4,0,0,0.41025641025641024,0.509323116219668,0,-1,-1,legit-portal-service-4686.com
28,28,0,1,3,0,3,0,0,0.42105263157894735,0.5113756613756614,0,-1,-1,legit-portal-service-886.com
29,29,0,1,3,0,4,0,0,0.41025641025641024,0.509323116219668,0,-1,-1,legit-portal-service-3750.com
29,29,0,1,3,0,4,0,0,0.41025641025641024,0.509323116219668,0,-1,-1,legit-portal-service-1154.com
29,29,0,1,3,0,4,0,0,0.41025641025641024,0.509323116219668,0,-1,-1,legit-portal-service-1222.com
29,29,0,1,3,0,4,0,0,0.41025641025641024,0.509323116219668,0,-1,-1,legit-portal-service-1798.com
29,29,0,1,3,0,4,0,0,0.41025641025641024,0.509323116219668,0,-1,-1,legit-portal-service-2451.com
29,29,0,1,3,0,4,0,0,0.41025641025641024,0.509323116219668,0,-1,-1,legit-portal-service-2733.com
29,29,0,1,3,0,4,0,0,0.41025641025641024,0.509323116219668,0,-1,-1,legit-portal-service-4192.com
29,29,0,1,3,0,4,0,0,0.41025641025641024,0.509323116219668,0,-1,-1,legit-portal-service-2901.com
29,29,0,1,3,0,4,0,0,0.41025641025641024,0.509323116219668,0,-1,-1,legit-portal-service-3981.com
29,29,0,1,3,0,4,0,0,0.41025641025641024,0.509323116219668,0,-1,-1,legit-portal-service-3670.com
29,29,0,1,3,0,4,0,0,0.41025641025641024,0.509323116219668,0,-1,-1,legit-portal-service-1634.com
29,29,0,1,3,0,4,0,0,0.41025641025641024,0.509323116219668,0,-1,-1,legit-portal-service-2292.com
29,29,0,1,3,0,4,0,0,0.41025641025641024,0.509323116219668,0,-1,-1,legit-portal-service-1701.com
29,29,0,1,3,0,4,0,0,0.41025641025641024,0.509323116219668,0,-1,-1,legit-portal-service-4308.com
29,29,0,1,3,0,4,0,0,0.41025641025641024,0.509323116219668,0,-1,-1,legit-portal-service-1328.com
29,29,0,1,3,0,4,0,0,0.41025641025641024,0.509323116219668,0,-1,-1,legit-portal-service-2984.com
9,9,0,1,0,0,0,0,0,0.36363636363636365,0.58005698005698,0,-1,-1,icann.org
29,29,0,1,3,0,4,0,0,0.41025641025641024,0.509323116219668,0,-1,-1,legit-portal-service-1121.com
29,29,0,1,3,0,4,0,0,0.41025641025641024,0.509323116219668,0,-1,-1,legit-portal-service-3001.com
29,29,0,1,3,0,4,0,0,0.41025641025641024,0.509323116219668,0,-1,-1,legit-portal-service-3357.com
29,29,0,1,3,0,4,0,0,0.41025641025641024,0.509323116219668,0,-1,-1,legit-portal-service-2561.com
28,28,0,1,3,0,3,0,0,0.42105263157894735,0.5113756613756614,0,-1,-1,legit-portal-service-607.com
29,29,0,1,3,0,4,0,0,0.41025641025641024,0.509323116219668,0,-1,-1,legit-portal-service-2867.com
29,29,0,1,3,0,4,0,0,0.41025641025641024,0.509323116219668,0,-1,-1,legit-portal-service-2609.com
29,29,0,1,3,0,4,0,0,0.41025641025641024,0.509323116219668,0,-1,-1,legit-portal-service-4394.com
29,29,0,1,3,0,4,0,0,0.41025641025641024,0.509323116219668,0,-1,-1,legit-portal-service-1454.com
29,29,0,1,3,0,4,0,0,0.41025641025641024,0.509323116219668,0,-1,-1,legit-portal-service-2533.com
28,28,0,1,3,0,3,0,0,0.42105263157894735,0.5113756613756614,0,-1,-1,legit-portal-service-560.com
29,29,0,1,3,0,4,0,0,0.41025641025641024,0.509323116219668,0,-1,-1,legit-portal-service-1059.com
29,29,0,1,3,0,4,0,0,0.41025641025641024,0.509323116219668,0,-1,-1,legit-portal-service-1182.com
29,29,0,1,3,0,4,0,0,0.41025641025641024,0.509323116219668,0,-1,-1,legit-portal-service-2416.com
29,29,0,1,3,0,4,0,0,0.41025641025641024,0.509323116219668,0,-1,-1,legit-portal-service-1926.com
29,29,0,1,3,0,4,0,0,0.41025641025641024,0.509323116219668,0,-1,-1,legit-portal-service-3393.com
29,29,0,1,3,0,4,0,0,0.41025641025641024,0.509323116219668,0,-1,-1,legit-portal-service-3000.com
29,29,0,1,3,0,4,0,0,0.41025641025641024,0.509323116219668,0,-1,-1,legit-portal-service-3333.com
29,29,0,1,3,0,4,0,0,0.41025641025641024,0.509323116219668,0,-1,-1,legit-portal-service-3849.com
29,29,0,1,3,0,4,0,0,0.41025641025641024,0.509323116219668,0,-1,-1,legit-portal-service-4749.com
29,29,0,1,3,0,4,0,0,0.41025641025641024,0.509323116219668,0,-1,-1,legit-portal-service-3180.com
29,29,0,1,3,0,4,0,0,0.41025641025641024,0.509323116219668,0,-1,-1,legit-portal-service-4966.com
29,29,0,1,3,0,4,0,0,0.41025641025641024,0.509323116219668,0,-1,-1,legit-portal-service-2735.com
29,29,0,1,3,0,4,0,0,0.41025641025641024,0.509323116219668,0,-1,-1,legit-portal-service-2464.com
29,29,0,1,3,0,4,0,0,0.41025641025641024,0.509323116219668,0,-1,-1,legit-portal-service-1106.com
29,29,0,1,3,0,4,0,0,0.41025641025641024,0.509323116219668,0,-1,-1,legit-portal-service-4660.com
28,28,0,1,3,0,3,0,0,0.42105263157894735,0.5113756613756614,0,-1,-1,legit-portal-service-378.com
29,29,0,1,3,0,4,0,0,0.41025641025641024,0.509323116219668,0,-1,-1,legit-portal-service-4139.com
28,28,0,1,3,0,3,0,0,0.42105263157894735,0.5113756613756614,0,-1,-1,legit-portal-service-658.com
29,29,0,1,3,0,4,0,0,0.41025641025641024,0.509323116219668,0,-1,-1,legit-portal-service-3271.com
29,29,0,1,3,0,4,0,0,0.41025641025641024,0.509323116219668,0,-1,-1,legit-portal-service-1221.com
28,28,0,1,3,0,3,0,0,0.42105263157894735,0.5113756613756614,0,-1,-1,legit-portal-service-352.com
29,29,0,1,3,0,4,0,0,0.41025641025641024,0.509323116219668,0,-1,-1,legit-portal-service-3013.com
29,29,0,1,3,0,4,0,0,0.41025641025641024,0.509323116219668,0,-1,-1,legit-portal-service-4950.com
29,29,0,1,3,0,4,0,0,0.41025641025641024,0.509323116219668,0,-1,-1,legit-portal-service-2821.com
29,29,0,1,3,0,4,0,0,0.41025641025641024,0.509323116219668,0,-1,-1,legit-portal-service-4383.com
29,29,0,1,3,0,4,0,0,0.41025641025641024,0.509323116219668,0,-1,-1,legit-portal-service-2474.com
28,28,0,1,3,0,3,0,0,0.42105263157894735,0.5113756613756614,0,-1,-1,legit-portal-service-166.com
29,29,0,1,3,0,4,0,0,0.41025641025641024,0.509323116219668,0,-1,-1,legit-portal-service-3037.com
28,28,0,1,3,0,3,0,0,0.42105263157894735,0.5113756613756614,0,-1,-1,legit-portal-service-170.com
11,11,0,1,0,0,0,0,0,0.30000000000000004,0.5242424242424243,0,-1,-1,archive.org
28,28,0,1,3,0,3,0,0,0.42105263157894735,0.5113756613756614,0,-1,-1,legit-portal-service-939.com
29,29,0,1,3,0,4,0,0,0.41025641025641024,0.509323116219668,0,-1,-1,legit-portal-service-2783.com
28,28,0,1,3,0,3,0,0,0.42105263157894735,0.5113756613756614,0,-1,-1,legit-portal-service-474.com
27,27,0,1,3,0,2,0,0,0.43243243243243246,0.5308641975308642,0,-1,-1,legit-portal-service-12.com
28,28,0,1,3,0,3,0,0,0.42105263157894735,0.5113756613756614,0,-1,-1,legit-portal-service-105.com
29,29,0,1,3,0,4,0,0,0.41025641025641024,0.509323116219668,0,-1,-1,legit-portal-service-3394.com
28,28,0,1,3,0,3,0,0,0.42105263157894735,0.5113756613756614,0,-1,-1,legit-portal-service-125.com
28,28,0,1,3,0,3,0,0,0.42105263157894735,0.5113756613756614,0,-1,-1,legit-portal-service-158.com
29,29,0,1,3,0,4,0,0,0.41025641025641024,0.509323116219668,0,-1,-1,legit-portal-service-1528.com
29,29,0,1,3,0,4,0,0,0.41025641025641024,0.509323116219668,0,-1,-1,legit-portal-service-2972.com
29,29,0,1,3,0,4,0,0,0.41025641025641024,0.509323116219668,0,-1,-1,legit-portal-service-4502.com
29,29,0,1,3,0,4,0,0,0.41025641025641024,0.509323116219668,0,-1,-1,legit-portal-service-2741.com
29,29,0,1,3,0,4,0,0,0.41025641025641024,0.509323116219668,0,-1,-1,legit-portal-service-1311.com
29,29,0,1,3,0,4,0,0,0.41025641025641024,0.509323116219668,0,-1,-1,legit-portal-service-2214.com
29,29,0,1,3,0,4,0,0,0.41025641025641024,0.509323116219668,0,-1,-1,legit-portal-service-2882.com
28,28,0,1,3,0,3,0,0,0.42105263157894735,0.5113756613756614,0,-1,-1,legit-portal-service-113.com
29,29,0,1,3,0,4,0,0,0.41025641025641024,0.509323116219668,0,-1,-1,legit-portal-service-3287.com
29,29,0,1,3,0,4,0,0,0.41025641025641024,0.509323116219668,0,-1,-1,legit-portal-service-3194.com
29,29,0,1,3,0,4,0,0,0.41025641025641024,0.509323116219668,0,-1,-1,legit-portal-service-3867.com
29,29,0,1,3,0,4,0,0,0.41025641025641024,0.509323116219668,0,-1,-1,legit-portal-service-2374.com
29,29,0,1,3,0,4,0,0,0.41025641025641024,0.509323116219668,0,-1,-1,legit-portal-service-2871.com
29,29,0,1,3,0,4,0,0,0.41025641025641024,0.509323116219668,0,-1,-1,legit-portal-service-4513.com
29,29,0,1,3,0,4,0,0,0.41025641025641024,0.509323116219668,0,-1,-1,legit-portal-service-1414.com
29,29,0,1,3,0,4,0,0,0.41025641025641024,0.509323116219668,0,-1,-1,legit-portal-service-2574.com
29,29,0,1,3,0,4,0,0,0.41025641025641024,0.509323116219668,0,-1,-1,legit-portal-service-4900.com
29,29,0,1,3,0,4,0,0,0.41025641025641024,0.509323116219668,0,-1,-1,legit-portal-service-4919.com
29,29,0,1,3,0,4,0,0,0.41025641025641024,0.509323116219668,0,-1,-1,legit-portal-service-1119.com
29,29,0,1,3,0,4,0,0,0.41025641025641024,0.509323116219668,0,-1,-1,legit-portal-service-4218.com
29,29,0,1,3,0,4,0,0,0.41025641025641024,0.509323116219668,0,-1,-1,legit-portal-service-4781.com
29,29,0,1,3,0,4,0,0,0.41025641025641024,0.509323116219668,0,-1,-1,legit-portal-service-4959.com
29,29,0,1,3,0,4,0,0,0.41025641025641024,0.509323116219668,0,-1,-1,legit-portal-service-1974.com
29,29,0,1,3,0,4,0,0,0.41025641025641024,0.509323116219668,0,-1,-1,legit-portal-service-3880.com
29,29,0,1,3,0,4,0,0,0.41025641025641024,0.509323116219668,0,-1,-1,legit-portal-service-3493.com
29,29,0,1,3,0,4,0,0,0.41025641025641024,0.509323116219668,0,-1,-1,legit-portal-service-2192.com
29,29,0,1,3,0,4,0,0,0.41025641025641024,0.509323116219668,0,-1,-1,legit-portal-service-1501.com
28,28,0,1,3,0,3,0,0,0.42105263157894735,0.5113756613756614,0,-1,-1,legit-portal-service-108.com
29,29,0,1,3,0,4,0,0,0.41025641025641024,0.509323116219668,0,-1,-1,legit-portal-service-3921.com
29,29,0,1,3,0,4,0,0,0.41025641025641024,0.509323116219668,0,-1,-1,legit-portal-service-2796.com
29,29,0,1,3,0,4,0,0,0.41025641025641024,0.509323116219668,0,-1,-1,legit-portal-service-3256.com
29,29,0,1,3,0,4,0,0,0.41025641025641024,0.509323116219668,0,-1,-1,legit-portal-service-3651.com
29,29,0,1,3,0,4,0,0,0.41025641025641024,0.509323116219668,0,-1,-1,legit-portal-service-3401.com
29,29,0,1,3,0,4,0,0,0.41025641025641024,0.509323116219668,0,-1,-1,legit-portal-service-2207.com
28,28,0,1,3,0,3,0,0,0.42105263157894735,0.5113756613756614,0,-1,-1,legit-portal-service-397.com
29,29,0,1,3,0,4,0,0,0.41025641025641024,0.509323116219668,0,-1,-1,legit-portal-service-1322.com
28,28,0,1,3,0,3,0,0,0.42105263157894735,0.5113756613756614,0,-1,-1,legit-portal-service-256.com
28,28,0,1,3,0,3,0,0,0.42105263157894735,0.5113756613756614,0,-1,-1,legit-portal-service-662.com
29,29,0,1,3,0,4,0,0,0.41025641025641024,0.509323116219668,0,-1,-1,legit-portal-service-1929.com
29,29,0,1,3,0,4,0,0,0.41025641025641024,0.509323116219668,0,-1,-1,legit-portal-service-3603.com
28,28,0,1,3,0,3,0,0,0.42105263157894735,0.5113756613756614,0,-1,-1,legit-portal-service-767.com
29,29,0,1,3,0,4,0,0,0.41025641025641024,0.509323116219668,0,-1,-1,legit-portal-service-3060.com
29,29,0,1,3,0,4,0,0,0.41025641025641024,0.509323116219668,0,-1,-1,legit-portal-service-2629.com
29,29,0,1,3,0,4,0,0,0.41025641025641024,0.509323116219668,0,-1,-1,legit-portal-service-3575.com
29,29,0,1,3,0,4,0,0,0.41025641025641024,0.509323116219668,0,-1,-1,legit-portal-service-2590.com
29,29,0,1,3,0,4,0,0,0.41025641025641024,0.509323116219668,0,-1,-1,legit-portal-service-2732.com
29,29,0,1,3,0,4,0,0,0.41025641025641024,0.509323116219668,0,-1,-1,legit-portal-service-4607.com
29,29,0,1,3,0,4,0,0,0.41025641025641024,0.509323116219668,0,-1,-1,legit-portal-service-3507.com
28,28,0,1,3,0,3,0,0,0.42105263157894735,0.5113756613756614,0,-1,-1,legit-portal-service-572.com
29,29,0,1,3,0,4,0,0,0.41025641025641024,0.509323116219668,0,-1,-1,legit-portal-service-4518.com
29,29,0,1,3,0,4,0,0,0.41025641025641024,0.509323116219668,0,-1,-1,legit-portal-service-1786.com
29,29,0,1,3,0,4,0,0,0.41025641025641024,0.509323116219668,0,-1,-1,legit-portal-service-1923.com
28,28,0,1,3,0,3,0,0,0.42105263157894735,0.5113756613756614,0,-1,-1,legit-portal-service-551.com
29,29,0,1,3,0,4,0,0,0.41025641025641024,0.509323116219668,0,-1,-1,legit-portal-service-4506.com
10,10,0,1,0,0,0,0,0,0.6,0.7333333333333334,0,-1,-1,forbes.com
29,29,0,1,3,0,4,0,0,0.41025641025641024,0.509323116219668,0,-1,-1,legit-portal-service-1986.com
29,29,0,1,3,0,4,0,0,0.41025641025641024,0.509323116219668,0,-1,-1,legit-portal-service-2784.com
9,9,0,1,0,0,0,0,0,0.736842105263158,0.8546296296296297,0,-1,-1,apple.com
29,29,0,1,3,0,4,0,0,0.41025641025641024,0.509323116219668,0,-1,-1,legit-portal-service-2306.com
29,29,0,1,3,0,4,0,0,0.41025641025641024,0.509323116219668,0,-1,-1,legit-portal-service-2939.com
29,29,0,1,3,0,4,0,0,0.41025641025641024,0.509323116219668,0,-1,-1,legit-portal-service-1512.com
29,29,0,1,3,0,4,0,0,0.41025641025641024,0.509323116219668,0,-1,-1,legit-portal-service-1045.com
28,28,0,1,3,0,3,0,0,0.42105263157894735,0.5113756613756614,0,-1,-1,legit-portal-service-712.com
29,29,0,1,3,0,4,0,0,0.41025641025641024,0.509323116219668,0,-1,-1,legit-portal-service-2160.com
29,29,0,1,3,0,4,0,0,0.41025641025641024,0.509323116219668,0,-1,-1,legit-portal-service-3615.com
29,29,0,1,3,0,4,0,0,0.41025641025641024,0.509323116219668,0,-1,-1,legit-portal-service-4842.com
12,12,0,1,0,0,0,0,0,0.5454545454545454,0.7000000000000001,0,-1,-1,linkedin.com
29,29,0,1,3,0,4,0,0,0.41025641025641024,0.509323116219668,0,-1,-1,legit-portal-service-2936.com
29,29,0,1,3,0,4,0,0,0.41025641025641024,0.509323116219668,0,-1,-1,legit-portal-service-1904.com
29,29,0,1,3,0,4,0,0,0.41025641025641024,0.509323116219668,0,-1,-1,legit-portal-service-1323.com
29,29,0,1,3,0,4,0,0,0.41025641025641024,0.509323116219668,0,-1,-1,legit-portal-service-1568.com
29,29,0,1,3,0,4,0,0,0.41025641025641024,0.509323116219668,0,-1,-1,legit-portal-service-4160.com
28,28,0,1,3,0,3,0,0,0.42105263157894735,0.5113756613756614,0,-1,-1,legit-portal-service-296.com
29,29,0,1,3,0,4,0,0,0.41025641025641024,0.509323116219668,0,-1,-1,legit-portal-service-1246.com
29,29,0,1,3,0,4,0,0,0.41025641025641024,0.509323116219668,0,-1,-1,legit-portal-service-3304.com
29,29,0,1,3,0,4,0,0,0.41025641025641024,0.509323116219668,0,-1,-1,legit-portal-service-4511.com
29,29,0,1,3,0,4,0,0,0.41025641025641024,0.509323116219668,0,-1,-1,legit-portal-service-1382.com
29,29,0,1,3,0,4,0,0,0.41025641025641024,0.509323116219668,0,-1,-1,legit-portal-service-1192.com
29,29,0,1,3,0,4,0,0,0.41025641025641024,0.509323116219668,0,-1,-1,legit-portal-service-3857.com
29,29,0,1,3,0,4,0,0,0.41025641025641024,0.509323116219668,0,-1,-1,legit-portal-service-3878.com
29,29,0,1,3,0,4,0,0,0.41025641025641024,0.509323116219668,0,-1,-1,legit-portal-service-3627.com
29,29,0,1,3,0,4,0,0,0.41025641025641024,0.509323116219668,0,-1,-1,legit-portal-service-3217.com
29,29,0,1,3,0,4,0,0,0.41025641025641024,0.509323116219668,0,-1,-1,legit-portal-service-3074.com
29,29,0,1,3,0,4,0,0,0.41025641025641024,0.509323116219668,0,-1,-1,legit-portal-service-3613.com
28,28,0,1,3,0,3,0,0,0.42105263157894735,0.5113756613756614,0,-1,-1,legit-portal-service-832.com
29,29,0,1,3,0,4,0,0,0.41025641025641024,0.509323116219668,0,-1,-1,legit-portal-service-1755.com
27,27,0,1,3,0,2,0,0,0.43243243243243246,0.5308641975308642,0,-1,-1,legit-portal-service-50.com
27,27,0,1,3,0,2,0,0,0.43243243243243246,0.5308641975308642,0,-1,-1,legit-portal-service-68.com
29,29,0,1,3,0,4,0,0,0.41025641025641024,0.509323116219668,0,-1,-1,legit-portal-service-1773.com
29,29,0,1,3,0,4,0,0,0.41025641025641024,0.509323116219668,0,-1,-1,legit-portal-service-4360.com
28,28,0,1,3,0,3,0,0,0.42105263157894735,0.5113756613756614,0,-1,-1,legit-portal-service-483.com
28,28,0,1,3,0,3,0,0,0.42105263157894735,0.5113756613756614,0,-1,-1,legit-portal-service-638.com
29,29,0,1,3,0,4,0,0,0.41025641025641024,0.509323116219668,0,-1,-1,legit-portal-service-1544.com
29,29,0,1,3,0,4,0,0,0.41025641025641024,0.509323116219668,0,-1,-1,legit-portal-service-2709.com
28,28,0,1,3,0,3,0,0,0.42105263157894735,0.5113756613756614,0,-1,-1,legit-portal-service-327.com
29,29,0,1,3,0,4,0,0,0.41025641025641024,0.509323116219668,0,-1,-1,legit-portal-service-3520.com
28,28,0,1,3,0,3,0,0,0.42105263157894735,0.5113756613756614,0,-1,-1,legit-portal-service-679.com
29,29,0,1,3,0,4,0,0,0.41025641025641024,0.509323116219668,0,-1,-1,legit-portal-service-3730.com
29,29,0,1,3,0,4,0,0,0.41025641025641024,0.509323116219668,0,-1,-1,legit-portal-service-3009.com
29,29,0,1,3,0,4,0,0,0.41025641025641024,0.509323116219668,0,-1,-1,legit-portal-service-4431.com
29,29,0,1,3,0,4,0,0,0.41025641025641024,0.509323116219668,0,-1,-1,legit-portal-service-1256.com
28,28,0,1,3,0,3,0,0,0.42105263157894735,0.5113756613756614,0,-1,-1,legit-portal-service-191.com
29,29,0,1,3,0,4,0,0,0.41025641025641024,0.509323116219668,0,-1,-1,legit-portal-service-1463.com
29,29,0,1,3,0,4,0,0,0.41025641025641024,0.509323116219668,0,-1,-1,legit-portal-service-4849.com
28,28,0,1,3,0,3,0,0,0.42105263157894735,0.5113756613756614,0,-1,-1,legit-portal-service-988.com
28,28,0,1,3,0,3,0,0,0.42105263157894735,0.5113756613756614,0,-1,-1,legit-portal-service-770.com
29,29,0,1,3,0,4,0,0,0.41025641025641024,0.509323116219668,0,-1,-1,legit-portal-service-1049.com
29,29,0,1,3,0,4,0,0,0.41025641025641024,0.509323116219668,0,-1,-1,legit-portal-service-2075.com
29,29,0,1,3,0,4,0,0,0.41025641025641024,0.509323116219668,0,-1,-1,legit-portal-service-3308.com
29,29,0,1,3,0,4,0,0,0.41025641025641024,0.509323116219668,0,-1,-1,legit-portal-service-3669.com
29,29,0,1,3,0,4,0,0,0.41025641025641024,0.509323116219668,0,-1,-1,legit-portal-service-2145.com
29,29,0,1,3,0,4,0,0,0.41025641025641024,0.509323116219668,0,-1,-1,legit-portal-service-3787.com
29,29,0,1,3,0,4,0,0,0.41025641025641024,0.509323116219668,0,-1,-1,legit-portal-service-2370.com
28,28,0,1,3,0,3,0,0,0.42105263157894735,0.5113756613756614,0,-1,-1,legit-portal-service-872.com
29,29,0,1,3,0,4,0,0,0.41025641025641024,0.509323116219668,0,-1,-1,legit-portal-service-2163.com
29,29,0,1,3,0,4,0,0,0.41025641025641024,0.509323116219668,0,-1,-1,legit-portal-service-4125.com
29,29,0,1,3,0,4,0,0,0.41025641025641024,0.509323116219668,0,-1,-1,legit-portal-service-3810.com
28,28,0,1,3,0,3,0,0,0.42105263157894735,0.5113756613756614,0,-1,-1,legit-portal-service-291.com
28,28,0,1,3,0,3,0,0,0.42105263157894735,0.5113756613756614,0,-1,-1,legit-portal-service-822.com
28,28,0,1,3,0,3,0,0,0.42105263157894735,0.5113756613756614,0,-1,-1,legit-portal-service-538.com
28,28,0,1,3,0,3,0,0,0.42105263157894735,0.5113756613756614,0,-1,-1,legit-portal-service-645.com
29,29,0,1,3,0,4,0,0,0.41025641025641024,0.509323116219668,0,-1,-1,legit-portal-service-4596.com
29,29,0,1,3,0,4,0,0,0.41025641025641024,0.509323116219668,0,-1,-1,legit-portal-service-1036.com
29,29,0,1,3,0,4,0,0,0.41025641025641024,0.509323116219668,0,-1,-1,legit-portal-service-4617.com
29,29,0,1,3,0,4,0,0,0.41025641025641024,0.509323116219668,0,-1,-1,legit-portal-service-4568.com
29,29,0,1,3,0,4,0,0,0.41025641025641024,0.509323116219668,0,-1,-1,legit-portal-service-2498.com
29,29,0,1,3,0,4,0,0,0.41025641025641024,0.509323116219668,0,-1,-1,legit-portal-service-4835.com
28,28,0,1,3,0,3,0,0,0.42105263157894735,0.5113756613756614,0,-1,-1,legit-portal-service-911.com
29,29,0,1,3,0,4,0,0,0.41025641025641024,0.509323116219668,0,-1,-1,legit-portal-service-3210.com
29,29,0,1,3,0,4,0,0,0.41025641025641024,0.509323116219668,0,-1,-1,legit-portal-service-3926.com
29,29,0,1,3,0,4,0,0,0.41025641025641024,0.509323116219668,0,-1,-1,legit-portal-service-3656.com
29,29,0,1,3,0,4,0,0,0.41025641025641024,0.509323116219668,0,-1,-1,legit-portal-service-3722.com
28,28,0,1,3,0,3,0,0,0.42105263157894735,0.5113756613756614,0,-1,-1,legit-portal-service-230.com
29,29,0,1,3,0,4,0,0,0.41025641025641024,0.509323116219668,0,-1,-1,legit-portal-service-2931.com
28,28,0,1,3,0,3,0,0,0.42105263157894735,0.5113756613756614,0,-1,-1,legit-portal-service-561.com
29,29,0,1,3,0,4,0,0,0.41025641025641024,0.509323116219668,0,-1,-1,legit-portal-service-3583.com
29,29,0,1,3,0,4,0,0,0.41025641025641024,0.509323116219668,0,-1,-1,legit-portal-service-3600.com
29,29,0,1,3,0,4,0,0,0.41025641025641024,0.509323116219668,0,-1,-1,legit-portal-service-2199.com
29,29,0,1,3,0,4,0,0,0.41025641025641024,0.509323116219668,0,-1,-1,legit-portal-service-1972.com
29,29,0,1,3,0,4,0,0,0.41025641025641024,0.509323116219668,0,-1,-1,legit-portal-service-1430.com
29,29,0,1,3,0,4,0,0,0.41025641025641024,0.509323116219668,0,-1,-1,legit-portal-service-3092.com
29,29,0,1,3,0,4,0,0,0.41025641025641024,0.509323116219668,0,-1,-1,legit-portal-service-2897.com
29,29,0,1,3,0,4,0,0,0.41025641025641024,0.509323116219668,0,-1,-1,legit-portal-service-3562.com
29,29,0,1,3,0,4,0,0,0.41025641025641024,0.509323116219668,0,-1,-1,legit-portal-service-4120.com
29,29,0,1,3,0,4,0,0,0.41025641025641024,0.509323116219668,0,-1,-1,legit-portal-service-3971.com
29,29,0,1,3,0,4,0,0,0.41025641025641024,0.509323116219668,0,-1,-1,legit-portal-service-2226.com
29,29,0,1,3,0,4,0,0,0.41025641025641024,0.509323116219668,0,-1,-1,legit-portal-service-1418.com
28,28,0,1,3,0,3,0,0,0.42105263157894735,0.5113756613756614,0,-1,-1,legit-portal-service-441.com
29,29,0,1,3,0,4,0,0,0.41025641025641024,0.509323116219668,0,-1,-1,legit-portal-service-3581.com
29,29,0,1,3,0,4,0,0,0.41025641025641024,0.509323116219668,0,-1,-1,legit-portal-service-2116.com
29,29,0,1,3,0,4,0,0,0.41025641025641024,0.509323116219668,0,-1,-1,legit-portal-service-3856.com
29,29,0,1,3,0,4,0,0,0.41025641025641024,0.509323116219668,0,-1,-1,legit-portal-service-1320.com
29,29,0,1,3,0,4,0,0,0.41025641025641024,0.509323116219668,0,-1,-1,legit-portal-service-2726.com
29,29,0,1,3,0,4,0,0,0.41025641025641024,0.509323116219668,0,-1,-1,legit-portal-service-4930.com
28,28,0,1,3,0,3,0,0,0.42105263157894735,0.5113756613756614,0,-1,-1,legit-portal-service-798.com
29,29,0,1,3,0,4,0,0,0.41025641025641024,0.509323116219668,0,-1,-1,legit-portal-service-1408.com
29,29,0,1,3,0,4,0,0,0.41025641025641024,0.509323116219668,0,-1,-1,legit-portal-service-4401.com
29,29,0,1,3,0,4,0,0,0.41025641025641024,0.509323116219668,0,-1,-1,legit-portal-service-3046.com
29,29,0,1,3,0,4,0,0,0.41025641025641024,0.509323116219668,0,-1,-1,legit-portal-service-4920.com
28,28,0,1,3,0,3,0,0,0.42105263157894735,0.5113756613756614,0,-1,-1,legit-portal-service-224.com
29,29,0,1,3,0,4,0,0,0.41025641025641024,0.509323116219668,0,-1,-1,legit-portal-service-2062.com
29,29,0,1,3,0,4,0,0,0.41025641025641024,0.509323116219668,0,-1,-1,legit-portal-service-1210.com
28,28,0,1,3,0,3,0,0,0.42105263157894735,0.5113756613756614,0,-1,-1,legit-portal-service-168.com
29,29,0,1,3,0,4,0,0,0.41025641025641024,0.509323116219668,0,-1,-1,legit-portal-service-3264.com
29,29,0,1,3,0,4,0,0,0.41025641025641024,0.509323116219668,0,-1,-1,legit-portal-service-3675.com
29,29,0,1,3,0,4,0,0,0.41025641025641024,0.509323116219668,0,-1,-1,legit-portal-service-3641.com
29,29,0,1,3,0,4,0,0,0.41025641025641024,0.509323116219668,0,-1,-1,legit-portal-service-4246.com
29,29,0,1,3,0,4,0,0,0.41025641025641024,0.509323116219668,0,-1,-1,legit-portal-service-3606.com
28,28,0,1,3,0,3,0,0,0.42105263157894735,0.5113756613756614,0,-1,-1,legit-portal-service-734.com
29,29,0,1,3,0,4,0,0,0.41025641025641024,0.509323116219668,0,-1,-1,legit-portal-service-4633.com
28,28,0,1,3,0,3,0,0,0.42105263157894735,0.5113756613756614,0,-1,-1,legit-portal-service-636.com
29,29,0,1,3,0,4,0,0,0.41025641025641024,0.509323116219668,0,-1,-1,legit-portal-service-3922.com
29,29,0,1,3,0,4,0,0,0.41025641025641024,0.509323116219668,0,-1,-1,legit-portal-service-4010.com
29,29,0,1,3,0,4,0,0,0.41025641025641024,0.509323116219668,0,-1,-1,legit-portal-service-3477.com
29,29,0,1,3,0,4,0,0,0.41025641025641024,0.509323116219668,0,-1,-1,legit-portal-service-4244.com
29,29,0,1,3,0,4,0,0,0.41025641025641024,0.509323116219668,0,-1,-1,legit-portal-service-3558.com
28,28,0,1,3,0,3,0,0,0.42105263157894735,0.5113756613756614,0,-1,-1,legit-portal-service-388.com
29,29,0,1,3,0,4,0,0,0.41025641025641024,0.509323116219668,0,-1,-1,legit-portal-service-3343.com
29,29,0,1,3,0,4,0,0,0.41025641025641024,0.509323116219668,0,-1,-1,legit-portal-service-1460.com
28,28,0,1,3,0,3,0,0,0.42105263157894735,0.5113756613756614,0,-1,-1,legit-portal-service-617.com
29,29,0,1,3,0,4,0,0,0.41025641025641024,0.509323116219668,0,-1,-1,legit-portal-service-4882.com
29,29,0,1,3,0,4,0,0,0.41025641025641024,0.509323116219668,0,-1,-1,legit-portal-service-1087.com
29,29,0,1,3,0,4,0,0,0.41025641025641024,0.509323116219668,0,-1,-1,legit-portal-service-4020.com
28,28,0,1,3,0,3,0,0,0.42105263157894735,0.5113756613756614,0,-1,-1,legit-portal-service-295.com
29,29,0,1,3,0,4,0,0,0.41025641025641024,0.509323116219668,0,-1,-1,legit-portal-service-4080.com
29,29,0,1,3,0,4,0,0,0.41025641025641024,0.509323116219668,0,-1,-1,legit-portal-service-1522.com
29,29,0,1,3,0,4,0,0,0.41025641025641024,0.509323116219668,0,-1,-1,legit-portal-service-3297.com
29,29,0,1,3,0,4,0,0,0.41025641025641024,0.509323116219668,0,-1,-1,legit-portal-service-4247.com
29,29,0,1,3,0,4,0,0,0.41025641025641024,0.509323116219668,0,-1,-1,legit-portal-service-4836.com
29,29,0,1,3,0,4,0,0,0.41025641025641024,0.509323116219668,0,-1,-1,legit-portal-service-1260.com
29,29,0,1,3,0,4,0,0,0.41025641025641024,0.509323116219668,0,-1,-1,legit-portal-service-3184.com
29,29,0,1,3,0,4,0,0,0.41025641025641024,0.509323116219668,0,-1,-1,legit-portal-service-3647.com
28,28,0,1,3,0,3,0,0,0.42105263157894735,0.5113756613756614,0,-1,-1,legit-portal-service-998.com
29,29,0,1,3,0,4,0,0,0.41025641025641024,0.509323116219668,0,-1,-1,legit-portal-service-3085.com
28,28,0,1,3,0,3,0,0,0.42105263157894735,0.5113756613756614,0,-1,-1,legit-portal-service-414.com
28,28,0,1,3,0,3,0,0,0.42105263157894735,0.5113756613756614,0,-1,-1,legit-portal-service-800.com
28,28,0,1,3,0,3,0,0,0.42105263157894735,0.5113756613756614,0,-1,-1,legit-portal-service-563.com
29,29,0,1,3,0,4,0,0,0.41025641025641024,0.509323116219668,0,-1,-1,legit-portal-service-3145.com
28,28,0,1,3,0,3,0,0,0.42105263157894735,0.5113756613756614,0,-1,-1,legit-portal-service-357.com
29,29,0,1,3,0,4,0,0,0.41025641025641024,0.509323116219668,0,-1,-1,legit-portal-service-2422.com
27,27,0,1,3,0,2,0,0,0.43243243243243246,0.5308641975308642,0,-1,-1,legit-portal-service-46.com
29,29,0,1,3,0,4,0,0,0.41025641025641024,0.509323116219668,0,-1,-1,legit-portal-service-1341.com
29,29,0,1,3,0,4,0,0,0.41025641025641024,0.509323116219668,0,-1,-1,legit-portal-service-1645.com
28,28,0,1,3,0,3,0,0,0.42105263157894735,0.5113756613756614,0,-1,-1,legit-portal-service-267.com
29,29,0,1,3,0,4,0,0,0.41025641025641024,0.509323116219668,0,-1,-1,legit-portal-service-4651.com
28,28,0,1,3,0,3,0,0,0.42105263157894735,0.5113756613756614,0,-1,-1,legit-portal-service-238.com
29,29,0,1,3,0,4,0,0,0.41025641025641024,0.509323116219668,0,-1,-1,legit-portal-service-1107.com
29,29,0,1,3,0,4,0,0,0.41025641025641024,0.509323116219668,0,-1,-1,legit-portal-service-2578.com
29,29,0,1,3,0,4,0,0,0.41025641025641024,0.509323116219668,0,-1,-1,legit-portal-service-4484.com
29,29,0,1,3,0,4,0,0,0.41025641025641024,0.509323116219668,0,-1,-1,legit-portal-service-4039.com
29,29,0,1,3,0,4,0,0,0.41025641025641024,0.509323116219668,0,-1,-1,legit-portal-service-1916.com
29,29,0,1,3,0,4,0,0,0.41025641025641024,0.509323116219668,0,-1,-1,legit-portal-service-2346.com
29,29,0,1,3,0,4,0,0,0.41025641025641024,0.509323116219668,0,-1,-1,legit-portal-service-2891.com
29,29,0,1,3,0,4,0,0,0.41025641025641024,0.509323116219668,0,-1,-1,legit-portal-service-2279.com
29,29,0,1,3,0,4,0,0,0.41025641025641024,0.509323116219668,0,-1,-1,legit-portal-service-3067.com
28,28,0,1,3,0,3,0,0,0.42105263157894735,0.5113756613756614,0,-1,-1,legit-portal-service-457.com
28,28,0,1,3,0,3,0,0,0.42105263157894735,0.5113756613756614,0,-1,-1,legit-portal-service-830.com
28,28,0,1,3,0,3,0,0,0.42105263157894735,0.5113756613756614,0,-1,-1,legit-portal-service-632.com
29,29,0,1,3,0,4,0,0,0.41025641025641024,0.509323116219668,0,-1,-1,legit-portal-service-2544.com
29,29,0,1,3,0,4,0,0,0.41025641025641024,0.509323116219668,0,-1,-1,legit-portal-service-1738.com
29,29,0,1,3,0,4,0,0,0.41025641025641024,0.509323116219668,0,-1,-1,legit-portal-service-3325.com
29,29,0,1,3,0,4,0,0,0.41025641025641024,0.509323116219668,0,-1,-1,legit-portal-service-2782.com
28,28,0,1,3,0,3,0,0,0.42105263157894735,0.5113756613756614,0,-1,-1,legit-portal-service-943.com
29,29,0,1,3,0,4,0,0,0.41025641025641024,0.509323116219668,0,-1,-1,legit-portal-service-2432.com
29,29,0,1,3,0,4,0,0,0.41025641025641024,0.509323116219668,0,-1,-1,legit-portal-service-1190.com
29,29,0,1,3,0,4,0,0,0.41025641025641024,0.509323116219668,0,-1,-1,legit-portal-service-3289.com
29,29,0,1,3,0,4,0,0,0.41025641025641024,0.509323116219668,0,-1,-1,legit-portal-service-4460.com
29,29,0,1,3,0,4,0,0,0.41025641025641024,0.509323116219668,0,-1,-1,legit-portal-service-1519.com
29,29,0,1,3,0,4,0,0,0.41025641025641024,0.509323116219668,0,-1,-1,legit-portal-service-1804.com
29,29,0,1,3,0,4,0,0,0.41025641025641024,0.509323116219668,0,-1,-1,legit-portal-service-3796.com
29,29,0,1,3,0,4,0,0,0.41025641025641024,0.509323116219668,0,-1,-1,legit-portal-service-2272.com
29,29,0,1,3,0,4,0,0,0.41025641025641024,0.509323116219668,0,-1,-1,legit-portal-service-2819.com
28,28,0,1,3,0,3,0,0,0.42105263157894735,0.5113756613756614,0,-1,-1,legit-portal-service-986.com
29,29,0,1,3,0,4,0,0,0.41025641025641024,0.509323116219668,0,-1,-1,legit-portal-service-4838.com
29,29,0,1,3,0,4,0,0,0.41025641025641024,0.509323116219668,0,-1,-1,legit-portal-service-2092.com
29,29,0,1,3,0,4,0,0,0.41025641025641024,0.509323116219668,0,-1,-1,legit-portal-service-2077.com
29,29,0,1,3,0,4,0,0,0.41025641025641024,0.509323116219668,0,-1,-1,legit-portal-service-2507.com
29,29,0,1,3,0,4,0,0,0.41025641025641024,0.509323116219668,0,-1,-1,legit-portal-service-2591.com
29,29,0,1,3,0,4,0,0,0.41025641025641024,0.509323116219668,0,-1,-1,legit-portal-service-2246.com
29,29,0,1,3,0,4,0,0,0.41025641025641024,0.509323116219668,0,-1,-1,legit-portal-service-3293.com
29,29,0,1,3,0,4,0,0,0.41025641025641024,0.509323116219668,0,-1,-1,legit-portal-service-2674.com
29,29,0,1,3,0,4,0,0,0.41025641025641024,0.509323116219668,0,-1,-1,legit-portal-service-2461.com
29,29,0,1,3,0,4,0,0,0.41025641025641024,0.509323116219668,0,-1,-1,legit-portal-service-1060.com
29,29,0,1,3,0,4,0,0,0.41025641025641024,0.509323116219668,0,-1,-1,legit-portal-service-2999.com
29,29,0,1,3,0,4,0,0,0.41025641025641024,0.509323116219668,0,-1,-1,legit-portal-service-2943.com
27,27,0,1,3,0,2,0,0,0.43243243243243246,0.5308641975308642,0,-1,-1,legit-portal-service-87.com
29,29,0,1,3,0,4,0,0,0.41025641025641024,0.509323116219668,0,-1,-1,legit-portal-service-3087.com
29,29,0,1,3,0,4,0,0,0.41025641025641024,0.509323116219668,0,-1,-1,legit-portal-service-3628.com
29,29,0,1,3,0,4,0,0,0.41025641025641024,0.509323116219668,0,-1,-1,legit-portal-service-2925.com
29,29,0,1,3,0,4,0,0,0.41025641025641024,0.509323116219668,0,-1,-1,legit-portal-service-3789.com
29,29,0,1,3,0,4,0,0,0.41025641025641024,0.509323116219668,0,-1,-1,legit-portal-service-4175.com
29,29,0,1,3,0,4,0,0,0.41025641025641024,0.509323116219668,0,-1,-1,legit-portal-service-1196.com
28,28,0,1,3,0,3,0,0,0.42105263157894735,0.5113756613756614,0,-1,-1,legit-portal-service-183.com
29,29,0,1,3,0,4,0,0,0.41025641025641024,0.509323116219668,0,-1,-1,legit-portal-service-2988.com
29,29,0,1,3,0,4,0,0,0.41025641025641024,0.509323116219668,0,-1,-1,legit-portal-service-3387.com
29,29,0,1,3,0,4,0,0,0.41025641025641024,0.509323116219668,0,-1,-1,legit-portal-service-2339.com
29,29,0,1,3,0,4,0,0,0.41025641025641024,0.509323116219668,0,-1,-1,legit-portal-service-2179.com
29,29,0,1,3,0,4,0,0,0.41025641025641024,0.509323116219668,0,-1,-1,legit-portal-service-3952.com
29,29,0,1,3,0,4,0,0,0.41025641025641024,0.509323116219668,0,-1,-1,legit-portal-service-3050.com
28,28,0,1,3,0,3,0,0,0.42105263157894735,0.5113756613756614,0,-1,-1,legit-portal-service-212.com
29,29,0,1,3,0,4,0,0,0.41025641025641024,0.509323116219668,0,-1,-1,legit-portal-service-1980.com
29,29,0,1,3,0,4,0,0,0.41025641025641024,0.509323116219668,0,-1,-1,legit-portal-service-4025.com
29,29,0,1,3,0,4,0,0,0.41025641025641024,0.509323116219668,0,-1,-1,legit-portal-service-1099.com
28,28,0,1,3,0,3,0,0,0.42105263157894735,0.5113756613756614,0,-1,-1,legit-portal-service-584.com
29,29,0,1,3,0,4,0,0,0.41025641025641024,0.509323116219668,0,-1,-1,legit-portal-service-2359.com
29,29,0,1,3,0,4,0,0,0.41025641025641024,0.509323116219668,0,-1,-1,legit-portal-service-3229.com
29,29,0,1,3,0,4,0,0,0.41025641025641024,0.509323116219668,0,-1,-1,legit-portal-service-2200.com
29,29,0,1,3,0,4,0,0,0.41025641025641024,0.509323116219668,0,-1,-1,legit-portal-service-4206.com
29,29,0,1,3,0,4,0,0,0.41025641025641024,0.509323116219668,0,-1,-1,legit-portal-service-2438.com
29,29,0,1,3,0,4,0,0,0.41025641025641024,0.509323116219668,0,-1,-1,legit-portal-service-2708.com
28,28,0,1,3,0,3,0,0,0.42105263157894735,0.5113756613756614,0,-1,-1,legit-portal-service-898.com
29,29,0,1,3,0,4,0,0,0.41025641025641024,0.509323116219668,0,-1,-1,legit-portal-service-4541.com
28,28,0,1,3,0,3,0,0,0.42105263157894735,0.5113756613756614,0,-1,-1,legit-portal-service-856.com
28,28,0,1,3,0,3,0,0,0.42105263157894735,0.5113756613756614,0,-1,-1,legit-portal-service-870.com
29,29,0,1,3,0,4,0,0,0.41025641025641024,0.509323116219668,0,-1,-1,legit-portal-service-1809.com
29,29,0,1,3,0,4,0,0,0.41025641025641024,0.509323116219668,0,-1,-1,legit-portal-service-1640.com
29,29,0,1,3,0,4,0,0,0.41025641025641024,0.509323116219668,0,-1,-1,legit-portal-service-3717.com
29,29,0,1,3,0,4,0,0,0.41025641025641024,0.509323116219668,0,-1,-1,legit-portal-service-3468.com
29,29,0,1,3,0,4,0,0,0.41025641025641024,0.509323116219668,0,-1,-1,legit-portal-service-2497.com
29,29,0,1,3,0,4,0,0,0.41025641025641024,0.509323116219668,0,-1,-1,legit-portal-service-3713.com
28,28,0,1,3,0,3,0,0,0.42105263157894735,0.5113756613756614,0,-1,-1,legit-portal-service-952.com
28,28,0,1,3,0,3,0,0,0.42105263157894735,0.5113756613756614,0,-1,-1,legit-portal-service-440.com
28,28,0,1,3,0,3,0,0,0.42105263157894735,0.5113756613756614,0,-1,-1,legit-portal-service-790.com
29,29,0,1,3,0,4,0,0,0.41025641025641024,0.509323116219668,0,-1,-1,legit-portal-service-3003.com
29,29,0,1,3,0,4,0,0,0.41025641025641024,0.509323116219668,0,-1,-1,legit-portal-service-2126.com
29,29,0,1,3,0,4,0,0,0.41025641025641024,0.509323116219668,0,-1,-1,legit-portal-service-2457.com
28,28,0,1,3,0,3,0,0,0.42105263157894735,0.5113756613756614,0,-1,-1,legit-portal-service-417.com
29,29,0,1,3,0,4,0,0,0.41025641025641024,0.509323116219668,0,-1,-1,legit-portal-service-1800.com
29,29,0,1,3,0,4,0,0,0.41025641025641024,0.509323116219668,0,-1,-1,legit-portal-service-4611.com
27,27,0,1,3,0,2,0,0,0.43243243243243246,0.5308641975308642,0,-1,-1,legit-portal-service-34.com
28,28,0,1,3,0,3,0,0,0.42105263157894735,0.5113756613756614,0,-1,-1,legit-portal-service-197.com
29,29,0,1,3,0,4,0,0,0.41025641025641024,0.509323116219668,0,-1,-1,legit-portal-service-2895.com
29,29,0,1,3,0,4,0,0,0.41025641025641024,0.509323116219668,0,-1,-1,legit-portal-service-4736.com
29,29,0,1,3,0,4,0,0,0.41025641025641024,0.509323116219668,0,-1,-1,legit-portal-service-4248.com
29,29,0,1,3,0,4,0,0,0.41025641025641024,0.509323116219668,0,-1,-1,legit-portal-service-1315.com
29,29,0,1,3,0,4,0,0,0.41025641025641024,0.509323116219668,0,-1,-1,legit-portal-service-3891.com
28,28,0,1,3,0,3,0,0,0.42105263157894735,0.5113756613756614,0,-1,-1,legit-portal-service-836.com
28,28,0,1,3,0,3,0,0,0.42105263157894735,0.5113756613756614,0,-1,-1,legit-portal-service-711.com
29,29,0,1,3,0,4,0,0,0.41025641025641024,0.509323116219668,0,-1,-1,legit-portal-service-3940.com
29,29,0,1,3,0,4,0,0,0.41025641025641024,0.509323116219668,0,-1,-1,legit-portal-service-4793.com
29,29,0,1,3,0,4,0,0,0.41025641025641024,0.509323116219668,0,-1,-1,legit-portal-service-3485.com
29,29,0,1,3,0,4,0,0,0.41025641025641024,0.509323116219668,0,-1,-1,legit-portal-service-1233.com
29,29,0,1,3,0,4,0,0,0.41025641025641024,0.509323116219668,0,-1,-1,legit-portal-service-4673.com
29,29,0,1,3,0,4,0,0,0.41025641025641024,0.509323116219668,0,-1,-1,legit-portal-service-3552.com
29,29,0,1,3,0,4,0,0,0.41025641025641024,0.509323116219668,0,-1,-1,legit-portal-service-3052.com
29,29,0,1,3,0,4,0,0,0.41025641025641024,0.509323116219668,0,-1,-1,legit-portal-service-4374.com
29,29,0,1,3,0,4,0,0,0.41025641025641024,0.509323116219668,0,-1,-1,legit-portal-service-2158.com
28,28,0,1,3,0,3,0,0,0.42105263157894735,0.5113756613756614,0,-1,-1,legit-portal-service-160.com
29,29,0,1,3,0,4,0,0,0.41025641025641024,0.509323116219668,0,-1,-1,legit-portal-service-1725.com
29,29,0,1,3,0,4,0,0,0.41025641025641024,0.509323116219668,0,-1,-1,legit-portal-service-3353.com
29,29,0,1,3,0,4,0,0,0.41025641025641024,0.509323116219668,0,-1,-1,legit-portal-service-4750.com
29,29,0,1,3,0,4,0,0,0.41025641025641024,0.509323116219668,0,-1,-1,legit-portal-service-2567.com
29,29,0,1,3,0,4,0,0,0.41025641025641024,0.509323116219668,0,-1,-1,legit-portal-service-3154.com
29,29,0,1,3,0,4,0,0,0.41025641025641024,0.509323116219668,0,-1,-1,legit-portal-service-1168.com
29,29,0,1,3,0,4,0,0,0.41025641025641024,0.509323116219668,0,-1,-1,legit-portal-service-1416.com
28,28,0,1,3,0,3,0,0,0.42105263157894735,0.5113756613756614,0,-1,-1,legit-portal-service-895.com
29,29,0,1,3,0,4,0,0,0.41025641025641024,0.509323116219668,0,-1,-1,legit-portal-service-3853.com
29,29,0,1,3,0,4,0,0,0.41025641025641024,0.509323116219668,0,-1,-1,legit-portal-service-4437.com
29,29,0,1,3,0,4,0,0,0.41025641025641024,0.509323116219668,0,-1,-1,legit-portal-service-4845.com
28,28,0,1,3,0,3,0,0,0.42105263157894735,0.5113756613756614,0,-1,-1,legit-portal-service-918.com
29,29,0,1,3,0,4,0,0,0.41025641025641024,0.509323116219668,0,-1,-1,legit-portal-service-3188.com
29,29,0,1,3,0,4,0,0,0.41025641025641024,0.509323116219668,0,-1,-1,legit-portal-service-2892.com
29,29,0,1,3,0,4,0,0,0.41025641025641024,0.509323116219668,0,-1,-1,legit-portal-service-3482.com
28,28,0,1,3,0,3,0,0,0.42105263157894735,0.5113756613756614,0,-1,-1,legit-portal-service-317.com
29,29,0,1,3,0,4,0,0,0.41025641025641024,0.509323116219668,0,-1,-1,legit-portal-service-3368.com
29,29,0,1,3,0,4,0,0,0.41025641025641024,0.509323116219668,0,-1,-1,legit-portal-service-2618.com
29,29,0,1,3,0,4,0,0,0.41025641025641024,0.509323116219668,0,-1,-1,legit-portal-service-1198.com
29,29,0,1,3,0,4,0,0,0.41025641025641024,0.509323116219668,0,-1,-1,legit-portal-service-3770.com
29,29,0,1,3,0,4,0,0,0.41025641025641024,0.509323116219668,0,-1,-1,legit-portal-service-2906.com
9,9,0,1,0,0,0,0,0,0.5454545454545454,0.6851851851851851,0,-1,-1,chase.com
29,29,0,1,3,0,4,0,0,0.41025641025641024,0.509323116219668,0,-1,-1,legit-portal-service-3692.com
29,29,0,1,3,0,4,0,0,0.41025641025641024,0.509323116219668,0,-1,-1,legit-portal-service-3225.com
29,29,0,1,3,0,4,0,0,0.41025641025641024,0.509323116219668,0,-1,-1,legit-portal-service-3455.com
28,28,0,1,3,0,3,0,0,0.42105263157894735,0.5113756613756614,0,-1,-1,legit-portal-service-873.com
29,29,0,1,3,0,4,0,0,0.41025641025641024,0.509323116219668,0,-1,-1,legit-portal-service-1162.com
29,29,0,1,3,0,4,0,0,0.41025641025641024,0.509323116219668,0,-1,-1,legit-portal-service-1641.com
28,28,0,1,3,0,3,0,0,0.42105263157894735,0.5113756613756614,0,-1,-1,legit-portal-service-618.com
29,29,0,1,3,0,4,0,0,0.41025641025641024,0.509323116219668,0,-1,-1,legit-portal-service-4384.com
29,29,0,1,3,0,4,0,0,0.41025641025641024,0.509323116219668,0,-1,-1,legit-portal-service-1043.com
29,29,0,1,3,0,4,0,0,0.41025641025641024,0.509323116219668,0,-1,-1,legit-portal-service-4063.com
29,29,0,1,3,0,4,0,0,0.41025641025641024,0.509323116219668,0,-1,-1,legit-portal-service-3079.com
28,28,0,1,3,0,3,0,0,0.42105263157894735,0.5113756613756614,0,-1,-1,legit-portal-service-119.com
29,29,0,1,3,0,4,0,0,0.41025641025641024,0.509323116219668,0,-1,-1,legit-portal-service-2295.com
29,29,0,1,3,0,4,0,0,0.41025641025641024,0.509323116219668,0,-1,-1,legit-portal-service-1440.com
29,29,0,1,3,0,4,0,0,0.41025641025641024,0.509323116219668,0,-1,-1,legit-portal-service-2807.com
29,29,0,1,3,0,4,0,0,0.41025641025641024,0.509323116219668,0,-1,-1,legit-portal-service-3498.com
29,29,0,1,3,0,4,0,0,0.41025641025641024,0.509323116219668,0,-1,-1,legit-portal-service-2361.com
29,29,0,1,3,0,4,0,0,0.41025641025641024,0.509323116219668,0,-1,-1,legit-portal-service-3990.com
29,29,0,1,3,0,4,0,0,0.41025641025641024,0.509323116219668,0,-1,-1,legit-portal-service-1477.com
29,29,0,1,3,0,4,0,0,0.41025641025641024,0.509323116219668,0,-1,-1,legit-portal-service-3710.com
29,29,0,1,3,0,4,0,0,0.41025641025641024,0.509323116219668,0,-1,-1,legit-portal-service-2225.com
29,29,0,1,3,0,4,0,0,0.41025641025641024,0.509323116219668,0,-1,-1,legit-portal-service-2181.com
29,29,0,1,3,0,4,0,0,0.41025641025641024,0.509323116219668,0,-1,-1,legit-portal-service-3345.com
29,29,0,1,3,0,4,0,0,0.41025641025641024,0.509323116219668,0,-1,-1,legit-portal-service-4602.com
29,29,0,1,3,0,4,0,0,0.41025641025641024,0.509323116219668,0,-1,-1,legit-portal-service-1710.com
29,29,0,1,3,0,4,0,0,0.41025641025641024,0.509323116219668,0,-1,-1,legit-portal-service-4945.com
29,29,0,1,3,0,4,0,0,0.41025641025641024,0.509323116219668,0,-1,-1,legit-portal-service-3172.com
29,29,0,1,3,0,4,0,0,0.41025641025641024,0.509323116219668,0,-1,-1,legit-portal-service-2371.com
29,29,0,1,3,0,4,0,0,0.41025641025641024,0.509323116219668,0,-1,-1,legit-portal-service-4002.com
29,29,0,1,3,0,4,0,0,0.41025641025641024,0.509323116219668,0,-1,-1,legit-portal-service-2684.com
28,28,0,1,3,0,3,0,0,0.42105263157894735,0.5113756613756614,0,-1,-1,legit-portal-service-559.com
29,29,0,1,3,0,4,0,0,0.41025641025641024,0.509323116219668,0,-1,-1,legit-portal-service-1273.com
29,29,0,1,3,0,4,0,0,0.41025641025641024,0.509323116219668,0,-1,-1,legit-portal-service-1247.com
29,29,0,1,3,0,4,0,0,0.41025641025641024,0.509323116219668,0,-1,-1,legit-portal-service-2021.com
28,28,0,1,3,0,3,0,0,0.42105263157894735,0.5113756613756614,0,-1,-1,legit-portal-service-757.com
28,28,0,1,3,0,3,0,0,0.42105263157894735,0.5113756613756614,0,-1,-1,legit-portal-service-359.com
29,29,0,1,3,0,4,0,0,0.41025641025641024,0.509323116219668,0,-1,-1,legit-portal-service-3869.com
29,29,0,1,3,0,4,0,0,0.41025641025641024,0.509323116219668,0,-1,-1,legit-portal-service-2508.com
29,29,0,1,3,0,4,0,0,0.41025641025641024,0.509323116219668,0,-1,-1,legit-portal-service-1262.com
26,26,0,1,3,0,1,0,0,0.4444444444444444,0.5327635327635328,0,-1,-1,legit-portal-service-7.com
28,28,0,1,3,0,3,0,0,0.42105263157894735,0.5113756613756614,0,-1,-1,legit-portal-service-428.com
29,29,0,1,3,0,4,0,0,0.41025641025641024,0.509323116219668,0,-1,-1,legit-portal-service-1891.com
29,29,0,1,3,0,4,0,0,0.41025641025641024,0.509323116219668,0,-1,-1,legit-portal-service-4834.com
29,29,0,1,3,0,4,0,0,0.41025641025641024,0.509323116219668,0,-1,-1,legit-portal-service-3051.com
29,29,0,1,3,0,4,0,0,0.41025641025641024,0.509323116219668,0,-1,-1,legit-portal-service-4519.com
29,29,0,1,3,0,4,0,0,0.41025641025641024,0.509323116219668,0,-1,-1,legit-portal-service-2260.com
29,29,0,1,3,0,4,0,0,0.41025641025641024,0.509323116219668,0,-1,-1,legit-portal-service-1019.com
29,29,0,1,3,0,4,0,0,0.41025641025641024,0.509323116219668,0,-1,-1,legit-portal-service-2554.com
29,29,0,1,3,0,4,0,0,0.41025641025641024,0.509323116219668,0,-1,-1,legit-portal-service-3525.com
29,29,0,1,3,0,4,0,0,0.41025641025641024,0.509323116219668,0,-1,-1,legit-portal-service-4299.com
29,29,0,1,3,0,4,0,0,0.41025641025641024,0.509323116219668,0,-1,-1,legit-portal-service-4861.com
29,29,0,1,3,0,4,0,0,0.41025641025641024,0.509323116219668,0,-1,-1,legit-portal-service-3200.com
29,29,0,1,3,0,4,0,0,0.41025641025641024,0.509323116219668,0,-1,-1,legit-portal-service-1360.com
29,29,0,1,3,0,4,0,0,0.41025641025641024,0.509323116219668,0,-1,-1,legit-portal-service-2343.com
29,29,0,1,3,0,4,0,0,0.41025641025641024,0.509323116219668,0,-1,-1,legit-portal-service-2068.com
28,28,0,1,3,0,3,0,0,0.42105263157894735,0.5113756613756614,0,-1,-1,legit-portal-service-740.com
28,28,0,1,3,0,3,0,0,0.42105263157894735,0.5113756613756614,0,-1,-1,legit-portal-service-358.com
29,29,0,1,3,0,4,0,0,0.41025641025641024,0.509323116219668,0,-1,-1,legit-portal-service-2995.com
29,29,0,1,3,0,4,0,0,0.41025641025641024,0.509323116219668,0,-1,-1,legit-portal-service-3306.com
29,29,0,1,3,0,4,0,0,0.41025641025641024,0.509323116219668,0,-1,-1,legit-portal-service-3850.com
29,29,0,1,3,0,4,0,0,0.41025641025641024,0.509323116219668,0,-1,-1,legit-portal-service-1076.com
29,29,0,1,3,0,4,0,0,0.41025641025641024,0.509323116219668,0,-1,-1,legit-portal-service-1992.com
29,29,0,1,3,0,4,0,0,0.41025641025641024,0.509323116219668,0,-1,-1,legit-portal-service-2592.com
29,29,0,1,3,0,4,0,0,0.41025641025641024,0.509323116219668,0,-1,-1,legit-portal-service-1551.com
29,29,0,1,3,0,4,0,0,0.41025641025641024,0.509323116219668,0,-1,-1,legit-portal-service-2526.com
28,28,0,1,3,0,3,0,0,0.42105263157894735,0.5113756613756614,0,-1,-1,legit-portal-service-910.com
29,29,0,1,3,0,4,0,0,0.41025641025641024,0.509323116219668,0,-1,-1,legit-portal-service-4089.com
29,29,0,1,3,0,4,0,0,0.41025641025641024,0.509323116219668,0,-1,-1,legit-portal-service-1332.com
29,29,0,1,3,0,4,0,0,0.41025641025641024,0.509323116219668,0,-1,-1,legit-portal-service-1505.com
29,29,0,1,3,0,4,0,0,0.41025641025641024,0.509323116219668,0,-1,-1,legit-portal-service-1796.com
27,27,0,1,3,0,2,0,0,0.43243243243243246,0.5308641975308642,0,-1,-1,legit-portal-service-96.com
29,29,0,1,3,0,4,0,0,0.41025641025641024,0.509323116219668,0,-1,-1,legit-portal-service-4578.com
28,28,0,1,3,0,3,0,0,0.42105263157894735,0.5113756613756614,0,-1,-1,legit-portal-service-758.com
29,29,0,1,3,0,4,0,0,0.41025641025641024,0.509323116219668,0,-1,-1,legit-portal-service-2657.com
29,29,0,1,3,0,4,0,0,0.41025641025641024,0.509323116219668,0,-1,-1,legit-portal-service-3965.com
29,29,0,1,3,0,4,0,0,0.41025641025641024,0.509323116219668,0,-1,-1,legit-portal-service-1650.com
29,29,0,1,3,0,4,0,0,0.41025641025641024,0.509323116219668,0,-1,-1,legit-portal-service-2734.com
29,29,0,1,3,0,4,0,0,0.41025641025641024,0.509323116219668,0,-1,-1,legit-portal-service-1110.com
29,29,0,1,3,0,4,0,0,0.41025641025641024,0.509323116219668,0,-1,-1,legit-portal-service-1902.com
28,28,0,1,3,0,3,0,0,0.42105263157894735,0.5113756613756614,0,-1,-1,legit-portal-service-493.com
29,29,0,1,3,0,4,0,0,0.41025641025641024,0.509323116219668,0,-1,-1,legit-portal-service-3014.com
29,29,0,1,3,0,4,0,0,0.41025641025641024,0.509323116219668,0,-1,-1,legit-portal-service-2132.com
28,28,0,1,3,0,3,0,0,0.42105263157894735,0.5113756613756614,0,-1,-1,legit-portal-service-581.com
11,11,0,1,0,0,0,0,0,0.5,0.6515151515151515,0,-1,-1,reuters.com
29,29,0,1,3,0,4,0,0,0.41025641025641024,0.509323116219668,0,-1,-1,legit-portal-service-1721.com
29,29,0,1,3,0,4,0,0,0.41025641025641024,0.509323116219668,0,-1,-1,legit-portal-service-2402.com
29,29,0,1,3,0,4,0,0,0.41025641025641024,0.509323116219668,0,-1,-1,legit-portal-service-1015.com
29,29,0,1,3,0,4,0,0,0.41025641025641024,0.509323116219668,0,-1,-1,legit-portal-service-3094.com
29,29,0,1,3,0,4,0,0,0.41025641025641024,0.509323116219668,0,-1,-1,legit-portal-service-2762.com
29,29,0,1,3,0,4,0,0,0.41025641025641024,0.509323116219668,0,-1,-1,legit-portal-service-1665.com
29,29,0,1,3,0,4,0,0,0.41025641025641024,0.509323116219668,0,-1,-1,legit-portal-service-3356.com
29,29,0,1,3,0,4,0,0,0.41025641025641024,0.509323116219668,0,-1,-1,legit-portal-service-3620.com
13,13,0,1,0,0,0,0,0,0.34782608695652173,0.5692307692307693,0,-1,-1,wikipedia.org
28,28,0,1,3,0,3,0,0,0.42105263157894735,0.5113756613756614,0,-1,-1,legit-portal-service-859.com
28,28,0,1,3,0,3,0,0,0.42105263157894735,0.5113756613756614,0,-1,-1,legit-portal-service-262.com
29,29,0,1,3,0,4,0,0,0.41025641025641024,0.509323116219668,0,-1,-1,legit-portal-service-1398.com
29,29,0,1,3,0,4,0,0,0.41025641025641024,0.509323116219668,0,-1,-1,legit-portal-service-4664.com
29,29,0,1,3,0,4,0,0,0.41025641025641024,0.509323116219668,0,-1,-1,legit-portal-service-4223.com
29,29,0,1,3,0,4,0,0,0.41025641025641024,0.509323116219668,0,-1,-1,legit-portal-service-4606.com
28,28,0,1,3,0,3,0,0,0.42105263157894735,0.5113756613756614,0,-1,-1,legit-portal-service-527.com
29,29,0,1,3,0,4,0,0,0.41025641025641024,0.509323116219668,0,-1,-1,legit-portal-service-4087.com
29,29,0,1,3,0,4,0,0,0.41025641025641024,0.509323116219668,0,-1,-1,legit-portal-service-4332.com
29,29,0,1,3,0,4,0,0,0.41025641025641024,0.509323116219668,0,-1,-1,legit-portal-service-1025.com
28,28,0,1,3,0,3,0,0,0.42105263157894735,0.5113756613756614,0,-1,-1,legit-portal-service-929.com
28,28,0,1,3,0,3,0,0,0.42105263157894735,0.5113756613756614,0,-1,-1,legit-portal-service-420.com
29,29,0,1,3,0,4,0,0,0.41025641025641024,0.509323116219668,0,-1,-1,legit-portal-service-2930.com
29,29,0,1,3,0,4,0,0,0.41025641025641024,0.509323116219668,0,-1,-1,legit-portal-service-1994.com
29,29,0,1,3,0,4,0,0,0.41025641025641024,0.509323116219668,0,-1,-1,legit-portal-service-2213.com
29,29,0,1,3,0,4,0,0,0.41025641025641024,0.509323116219668,0,-1,-1,legit-portal-service-2986.com
29,29,0,1,3,0,4,0,0,0.41025641025641024,0.509323116219668,0,-1,-1,legit-portal-service-3206.com
29,29,0,1,3,0,4,0,0,0.41025641025641024,0.509323116219668,0,-1,-1,legit-portal-service-2680.com
29,29,0,1,3,0,4,0,0,0.41025641025641024,0.509323116219668,0,-1,-1,legit-portal-service-3551.com
29,29,0,1,3,0,4,0,0,0.41025641025641024,0.509323116219668,0,-1,-1,legit-portal-service-1242.com
29,29,0,1,3,0,4,0,0,0.41025641025641024,0.509323116219668,0,-1,-1,legit-portal-service-1017.com
28,28,0,1,3,0,3,0,0,0.42105263157894735,0.5113756613756614,0,-1,-1,legit-portal-service-940.com
29,29,0,1,3,0,4,0,0,0.41025641025641024,0.509323116219668,0,-1,-1,legit-portal-service-1814.com
29,29,0,1,3,0,4,0,0,0.41025641025641024,0.509323116219668,0,-1,-1,legit-portal-service-1098.com
29,29,0,1,3,0,4,0,0,0.41025641025641024,0.509323116219668,0,-1,-1,legit-portal-service-3731.com
29,29,0,1,3,0,4,0,0,0.41025641025641024,0.509323116219668,0,-1,-1,legit-portal-service-4555.com
29,29,0,1,3,0,4,0,0,0.41025641025641024,0.509323116219668,0,-1,-1,legit-portal-service-2602.com
29,29,0,1,3,0,4,0,0,0.41025641025641024,0.509323116219668,0,-1,-1,legit-portal-service-3247.com
29,29,0,1,3,0,4,0,0,0.41025641025641024,0.509323116219668,0,-1,-1,legit-portal-service-4334.com
29,29,0,1,3,0,4,0,0,0.41025641025641024,0.509323116219668,0,-1,-1,legit-portal-service-2472.com
29,29,0,1,3,0,4,0,0,0.41025641025641024,0.509323116219668,0,-1,-1,legit-portal-service-2369.com
28,28,0,1,3,0,3,0,0,0.42105263157894735,0.5113756613756614,0,-1,-1,legit-portal-service-692.com
29,29,0,1,3,0,4,0,0,0.41025641025641024,0.509323116219668,0,-1,-1,legit-portal-service-2475.com
27,27,0,1,3,0,2,0,0,0.43243243243243246,0.5308641975308642,0,-1,-1,legit-portal-service-88.com
29,29,0,1,3,0,4,0,0,0.41025641025641024,0.509323116219668,0,-1,-1,legit-portal-service-1338.com
29,29,0,1,3,0,4,0,0,0.41025641025641024,0.509323116219668,0,-1,-1,legit-portal-service-3734.com
29,29,0,1,3,0,4,0,0,0.41025641025641024,0.509323116219668,0,-1,-1,legit-portal-service-4600.com
29,29,0,1,3,0,4,0,0,0.41025641025641024,0.509323116219668,0,-1,-1,legit-portal-service-1756.com
29,29,0,1,3,0,4,0,0,0.41025641025641024,0.509323116219668,0,-1,-1,legit-portal-service-3821.com
29,29,0,1,3,0,4,0,0,0.41025641025641024,0.509323116219668,0,-1,-1,legit-portal-service-1232.com
29,29,0,1,3,0,4,0,0,0.41025641025641024,0.509323116219668,0,-1,-1,legit-portal-service-2568.com
29,29,0,1,3,0,4,0,0,0.41025641025641024,0.509323116219668,0,-1,-1,legit-portal-service-2747.com
29,29,0,1,3,0,4,0,0,0.41025641025641024,0.509323116219668,0,-1,-1,legit-portal-service-2677.com
29,29,0,1,3,0,4,0,0,0.41025641025641024,0.509323116219668,0,-1,-1,legit-portal-service-4106.com
28,28,0,1,3,0,3,0,0,0.42105263157894735,0.5113756613756614,0,-1,-1,legit-portal-service-953.com
29,29,0,1,3,0,4,0,0,0.41025641025641024,0.509323116219668,0,-1,-1,legit-portal-service-1722.com
28,28,0,1,3,0,3,0,0,0.42105263157894735,0.5113756613756614,0,-1,-1,legit-portal-service-209.com
29,29,0,1,3,0,4,0,0,0.41025641025641024,0.509323116219668,0,-1,-1,legit-portal-service-3793.com
29,29,0,1,3,0,4,0,0,0.41025641025641024,0.509323116219668,0,-1,-1,legit-portal-service-1836.com
28,28,0,1,3,0,3,0,0,0.42105263157894735,0.5113756613756614,0,-1,-1,legit-portal-service-642.com
29,29,0,1,3,0,4,0,0,0.41025641025641024,0.509323116219668,0,-1,-1,legit-portal-service-2302.com
29,29,0,1,3,0,4,0,0,0.41025641025641024,0.509323116219668,0,-1,-1,legit-portal-service-3636.com
29,29,0,1,3,0,4,0,0,0.41025641025641024,0.509323116219668,0,-1,-1,legit-portal-service-3875.com
29,29,0,1,3,0,4,0,0,0.41025641025641024,0.509323116219668,0,-1,-1,legit-portal-service-1146.com
29,29,0,1,3,0,4,0,0,0.41025641025641024,0.509323116219668,0,-1,-1,legit-portal-service-1008.com
29,29,0,1,3,0,4,0,0,0.41025641025641024,0.509323116219668,0,-1,-1,legit-portal-service-1633.com
28,28,0,1,3,0,3,0,0,0.42105263157894735,0.5113756613756614,0,-1,-1,legit-portal-service-928.com
29,29,0,1,3,0,4,0,0,0.41025641025641024,0.509323116219668,0,-1,-1,legit-portal-service-4587.com
29,29,0,1,3,0,4,0,0,0.41025641025641024,0.509323116219668,0,-1,-1,legit-portal-service-1671.com
29,29,0,1,3,0,4,0,0,0.41025641025641024,0.509323116219668,0,-1,-1,legit-portal-service-3526.com
29,29,0,1,3,0,4,0,0,0.41025641025641024,0.509323116219668,0,-1,-1,legit-portal-service-1749.com
29,29,0,1,3,0,4,0,0,0.41025641025641024,0.509323116219668,0,-1,-1,legit-portal-service-2373.com
29,29,0,1,3,0,4,0,0,0.41025641025641024,0.509323116219668,0,-1,-1,legit-portal-service-3497.com
28,28,0,1,3,0,3,0,0,0.42105263157894735,0.5113756613756614,0,-1,-1,legit-portal-service-610.com
29,29,0,1,3,0,4,0,0,0.41025641025641024,0.509323116219668,0,-1,-1,legit-portal-service-1094.com
29,29,0,1,3,0,4,0,0,0.41025641025641024,0.509323116219668,0,-1,-1,legit-portal-service-4470.com
29,29,0,1,3,0,4,0,0,0.41025641025641024,0.509323116219668,0,-1,-1,legit-portal-service-2645.com
29,29,0,1,3,0,4,0,0,0.41025641025641024,0.509323116219668,0,-1,-1,legit-portal-service-4172.com
29,29,0,1,3,0,4,0,0,0.41025641025641024,0.509323116219668,0,-1,-1,legit-portal-service-3130.com
29,29,0,1,3,0,4,0,0,0.41025641025641024,0.509323116219668,0,-1,-1,legit-portal-service-1386.com
29,29,0,1,3,0,4,0,0,0.41025641025641024,0.509323116219668,0,-1,-1,legit-portal-service-2491.com
29,29,0,1,3,0,4,0,0,0.41025641025641024,0.509323116219668,0,-1,-1,legit-portal-service-3640.com
29,29,0,1,3,0,4,0,0,0.41025641025641024,0.509323116219668,0,-1,-1,legit-portal-service-1340.com
29,29,0,1,3,0,4,0,0,0.41025641025641024,0.509323116219668,0,-1,-1,legit-portal-service-2888.com
29,29,0,1,3,0,4,0,0,0.41025641025641024,0.509323116219668,0,-1,-1,legit-portal-service-4984.com
29,29,0,1,3,0,4,0,0,0.41025641025641024,0.509323116219668,0,-1,-1,legit-portal-service-2208.com
29,29,0,1,3,0,4,0,0,0.41025641025641024,0.509323116219668,0,-1,-1,legit-portal-service-3065.com
29,29,0,1,3,0,4,0,0,0.41025641025641024,0.509323116219668,0,-1,-1,legit-portal-service-3254.com
27,27,0,1,3,0,2,0,0,0.43243243243243246,0.5308641975308642,0,-1,-1,legit-portal-service-26.com
29,29,0,1,3,0,4,0,0,0.41025641025641024,0.509323116219668,0,-1,-1,legit-portal-service-2647.com
29,29,0,1,3,0,4,0,0,0.41025641025641024,0.509323116219668,0,-1,-1,legit-portal-service-1898.com
29,29,0,1,3,0,4,0,0,0.41025641025641024,0.509323116219668,0,-1,-1,legit-portal-service-1033.com
29,29,0,1,3,0,4,0,0,0.41025641025641024,0.509323116219668,0,-1,-1,legit-portal-service-1224.com
29,29,0,1,3,0,4,0,0,0.41025641025641024,0.509323116219668,0,-1,-1,legit-portal-service-1617.com
29,29,0,1,3,0,4,0,0,0.41025641025641024,0.509323116219668,0,-1,-1,legit-portal-service-4500.com
29,29,0,1,3,0,4,0,0,0.41025641025641024,0.509323116219668,0,-1,-1,legit-portal-service-2665.com
29,29,0,1,3,0,4,0,0,0.41025641025641024,0.509323116219668,0,-1,-1,legit-portal-service-4122.com
29,29,0,1,3,0,4,0,0,0.41025641025641024,0.509323116219668,0,-1,-1,legit-portal-service-4939.com
29,29,0,1,3,0,4,0,0,0.41025641025641024,0.509323116219668,0,-1,-1,legit-portal-service-4450.com
29,29,0,1,3,0,4,0,0,0.41025641025641024,0.509323116219668,0,-1,-1,legit-portal-service-4265.com
29,29,0,1,3,0,4,0,0,0.41025641025641024,0.509323116219668,0,-1,-1,legit-portal-service-3296.com
29,29,0,1,3,0,4,0,0,0.41025641025641024,0.509323116219668,0,-1,-1,legit-portal-service-4145.com
29,29,0,1,3,0,4,0,0,0.41025641025641024,0.509323116219668,0,-1,-1,legit-portal-service-3486.com
29,29,0,1,3,0,4,0,0,0.41025641025641024,0.509323116219668,0,-1,-1,legit-portal-service-4553.com
29,29,0,1,3,0,4,0,0,0.41025641025641024,0.509323116219668,0,-1,-1,legit-portal-service-1653.com
29,29,0,1,3,0,4,0,0,0.41025641025641024,0.509323116219668,0,-1,-1,legit-portal-service-2447.com
28,28,0,1,3,0,3,0,0,0.42105263157894735,0.5113756613756614,0,-1,-1,legit-portal-service-139.com
29,29,0,1,3,0,4,0,0,0.41025641025641024,0.509323116219668,0,-1,-1,legit-portal-service-1581.com
29,29,0,1,3,0,4,0,0,0.41025641025641024,0.509323116219668,0,-1,-1,legit-portal-service-1893.com
29,29,0,1,3,0,4,0,0,0.41025641025641024,0.509323116219668,0,-1,-1,legit-portal-service-3668.com
29,29,0,1,3,0,4,0,0,0.41025641025641024,0.509323116219668,0,-1,-1,legit-portal-service-4560.com
29,29,0,1,3,0,4,0,0,0.41025641025641024,0.509323116219668,0,-1,-1,legit-portal-service-4707.com
28,28,0,1,3,0,3,0,0,0.42105263157894735,0.5113756613756614,0,-1,-1,legit-portal-service-931.com
29,29,0,1,3,0,4,0,0,0.41025641025641024,0.509323116219668,0,-1,-1,legit-portal-service-3633.com
29,29,0,1,3,0,4,0,0,0.41025641025641024,0.509323116219668,0,-1,-1,legit-portal-service-4404.com
29,29,0,1,3,0,4,0,0,0.41025641025641024,0.509323116219668,0,-1,-1,legit-portal-service-1230.com
29,29,0,1,3,0,4,0,0,0.41025641025641024,0.509323116219668,0,-1,-1,legit-portal-service-4597.com
10,10,0,1,0,0,0,0,0,1.0,1.0,0,-1,-1,google.com
29,29,0,1,3,0,4,0,0,0.41025641025641024,0.509323116219668,0,-1,-1,legit-portal-service-1778.com
29,29,0,1,3,0,4,0,0,0.41025641025641024,0.509323116219668,0,-1,-1,legit-portal-service-2155.com
29,29,0,1,3,0,4,0,0,0.41025641025641024,0.509323116219668,0,-1,-1,legit-portal-service-3281.com
29,29,0,1,3,0,4,0,0,0.41025641025641024,0.509323116219668,0,-1,-1,legit-portal-service-2356.com
29,29,0,1,3,0,4,0,0,0.41025641025641024,0.509323116219668,0,-1,-1,legit-portal-service-1365.com
28,28,0,1,3,0,3,0,0,0.42105263157894735,0.5113756613756614,0,-1,-1,legit-portal-service-173.com
28,28,0,1,3,0,3,0,0,0.42105263157894735,0.5113756613756614,0,-1,-1,legit-portal-service-476.com
28,28,0,1,3,0,3,0,0,0.42105263157894735,0.5113756613756614,0,-1,-1,legit-portal-service-257.com
28,28,0,1,3,0,3,0,0,0.42105263157894735,0.5113756613756614,0,-1,-1,legit-portal-service-382.com
29,29,0,1,3,0,4,0,0,0.41025641025641024,0.509323116219668,0,-1,-1,legit-portal-service-1978.com
29,29,0,1,3,0,4,0,0,0.41025641025641024,0.509323116219668,0,-1,-1,legit-portal-service-4184.com
29,29,0,1,3,0,4,0,0,0.41025641025641024,0.509323116219668,0,-1,-1,legit-portal-service-3943.com
29,29,0,1,3,0,4,0,0,0.41025641025641024,0.509323116219668,0,-1,-1,legit-portal-service-3936.com
29,29,0,1,3,0,4,0,0,0.41025641025641024,0.509323116219668,0,-1,-1,legit-portal-service-1910.com
28,28,0,1,3,0,3,0,0,0.42105263157894735,0.5113756613756614,0,-1,-1,legit-portal-service-393.com
29,29,0,1,3,0,4,0,0,0.41025641025641024,0.509323116219668,0,-1,-1,legit-portal-service-3836.com
29,29,0,1,3,0,4,0,0,0.41025641025641024,0.509323116219668,0,-1,-1,legit-portal-service-4820.com
29,29,0,1,3,0,4,0,0,0.41025641025641024,0.509323116219668,0,-1,-1,legit-portal-service-2026.com
29,29,0,1,3,0,4,0,0,0.41025641025641024,0.509323116219668,0,-1,-1,legit-portal-service-2045.com
29,29,0,1,3,0,4,0,0,0.41025641025641024,0.509323116219668,0,-1,-1,legit-portal-service-2512.com
29,29,0,1,3,0,4,0,0,0.41025641025641024,0.509323116219668,0,-1,-1,legit-portal-service-3361.com
29,29,0,1,3,0,4,0,0,0.41025641025641024,0.509323116219668,0,-1,-1,legit-portal-service-1248.com
28,28,0,1,3,0,3,0,0,0.42105263157894735,0.5113756613756614,0,-1,-1,legit-portal-service-888.com
28,28,0,1,3,0,3,0,0,0.42105263157894735,0.5113756613756614,0,-1,-1,legit-portal-service-743.com
28,28,0,1,3,0,3,0,0,0.42105263157894735,0.5113756613756614,0,-1,-1,legit-portal-service-656.com
29,29,0,1,3,0,4,0,0,0.41025641025641024,0.509323116219668,0,-1,-1,legit-portal-service-1415.com
29,29,0,1,3,0,4,0,0,0.41025641025641024,0.509323116219668,0,-1,-1,legit-portal-service-1509.com
29,29,0,1,3,0,4,0,0,0.41025641025641024,0.509323116219668,0,-1,-1,legit-portal-service-3624.com
29,29,0,1,3,0,4,0,0,0.41025641025641024,0.509323116219668,0,-1,-1,legit-portal-service-3266.com
29,29,0,1,3,0,4,0,0,0.41025641025641024,0.509323116219668,0,-1,-1,legit-portal-service-1503.com
28,28,0,1,3,0,3,0,0,0.42105263157894735,0.5113756613756614,0,-1,-1,legit-portal-service-217.com
29,29,0,1,3,0,4,0,0,0.41025641025641024,0.509323116219668,0,-1,-1,legit-portal-service-1130.com
29,29,0,1,3,0,4,0,0,0.41025641025641024,0.509323116219668,0,-1,-1,legit-portal-service-2099.com
29,29,0,1,3,0,4,0,0,0.41025641025641024,0.509323116219668,0,-1,-1,legit-portal-service-1508.com
28,28,0,1,3,0,3,0,0,0.42105263157894735,0.5113756613756614,0,-1,-1,legit-portal-service-897.com
29,29,0,1,3,0,4,0,0,0.41025641025641024,0.509323116219668,0,-1,-1,legit-portal-service-4616.com
29,29,0,1,3,0,4,0,0,0.41025641025641024,0.509323116219668,0,-1,-1,legit-portal-service-1480.com
28,28,0,1,3,0,3,0,0,0.42105263157894735,0.5113756613756614,0,-1,-1,legit-portal-service-879.com
29,29,0,1,3,0,4,0,0,0.41025641025641024,0.509323116219668,0,-1,-1,legit-portal-service-2902.com
29,29,0,1,3,0,4,0,0,0.41025641025641024,0.509323116219668,0,-1,-1,legit-portal-service-4665.com
28,28,0,1,3,0,3,0,0,0.42105263157894735,0.5113756613756614,0,-1,-1,legit-portal-service-885.com
29,29,0,1,3,0,4,0,0,0.41025641025641024,0.509323116219668,0,-1,-1,legit-portal-service-2242.com
29,29,0,1,3,0,4,0,0,0.41025641025641024,0.509323116219668,0,-1,-1,legit-portal-service-3029.com
29,29,0,1,3,0,4,0,0,0.41025641025641024,0.509323116219668,0,-1,-1,legit-portal-service-4059.com
29,29,0,1,3,0,4,0,0,0.41025641025641024,0.509323116219668,0,-1,-1,legit-portal-service-2818.com
28,28,0,1,3,0,3,0,0,0.42105263157894735,0.5113756613756614,0,-1,-1,legit-portal-service-842.com
29,29,0,1,3,0,4,0,0,0.41025641025641024,0.509323116219668,0,-1,-1,legit-portal-service-4657.com
29,29,0,1,3,0,4,0,0,0.41025641025641024,0.509323116219668,0,-1,-1,legit-portal-service-3413.com
27,27,0,1,3,0,2,0,0,0.43243243243243246,0.5308641975308642,0,-1,-1,legit-portal-service-62.com
29,29,0,1,3,0,4,0,0,0.41025641025641024,0.509323116219668,0,-1,-1,legit-portal-service-2353.com
29,29,0,1,3,0,4,0,0,0.41025641025641024,0.509323116219668,0,-1,-1,legit-portal-service-3125.com
29,29,0,1,3,0,4,0,0,0.41025641025641024,0.509323116219668,0,-1,-1,legit-portal-service-3642.com
28,28,0,1,3,0,3,0,0,0.42105263157894735,0.5113756613756614,0,-1,-1,legit-portal-service-249.com
28,28,0,1,3,0,3,0,0,0.42105263157894735,0.5113756613756614,0,-1,-1,legit-portal-service-490.com
29,29,0,1,3,0,4,0,0,0.41025641025641024,0.509323116219668,0,-1,-1,legit-portal-service-1407.com
29,29,0,1,3,0,4,0,0,0.41025641025641024,0.509323116219668,0,-1,-1,legit-portal-service-2563.com
29,29,0,1,3,0,4,0,0,0.41025641025641024,0.509323116219668,0,-1,-1,legit-portal-service-3463.com
29,29,0,1,3,0,4,0,0,0.41025641025641024,0.509323116219668,0,-1,-1,legit-portal-service-1065.com
29,29,0,1,3,0,4,0,0,0.41025641025641024,0.509323116219668,0,-1,-1,legit-portal-service-4222.com
29,29,0,1,3,0,4,0,0,0.41025641025641024,0.509323116219668,0,-1,-1,legit-portal-service-4988.com
29,29,0,1,3,0,4,0,0,0.41025641025641024,0.509323116219668,0,-1,-1,legit-portal-service-2313.com
29,29,0,1,3,0,4,0,0,0.41025641025641024,0.509323116219668,0,-1,-1,legit-portal-service-3457.com
29,29,0,1,3,0,4,0,0,0.41025641025641024,0.509323116219668,0,-1,-1,legit-portal-service-3941.com
28,28,0,1,3,0,3,0,0,0.42105263157894735,0.5113756613756614,0,-1,-1,legit-portal-service-211.com
29,29,0,1,3,0,4,0,0,0.41025641025641024,0.509323116219668,0,-1,-1,legit-portal-service-3216.com
26,26,0,1,3,0,1,0,0,0.4444444444444444,0.5327635327635328,0,-1,-1,legit-portal-service-3.com
29,29,0,1,3,0,4,0,0,0.41025641025641024,0.509323116219668,0,-1,-1,legit-portal-service-3272.com
28,28,0,1,3,0,3,0,0,0.42105263157894735,0.5113756613756614,0,-1,-1,legit-portal-service-587.com
29,29,0,1,3,0,4,0,0,0.41025641025641024,0.509323116219668,0,-1,-1,legit-portal-service-1068.com
28,28,0,1,3,0,3,0,0,0.42105263157894735,0.5113756613756614,0,-1,-1,legit-portal-service-806.com
29,29,0,1,3,0,4,0,0,0.41025641025641024,0.509323116219668,0,-1,-1,legit-portal-service-3484.com
29,29,0,1,3,0,4,0,0,0.41025641025641024,0.509323116219668,0,-1,-1,legit-portal-service-4964.com
28,28,0,1,3,0,3,0,0,0.42105263157894735,0.5113756613756614,0,-1,-1,legit-portal-service-452.com
29,29,0,1,3,0,4,0,0,0.41025641025641024,0.509323116219668,0,-1,-1,legit-portal-service-2938.com
28,28,0,1,3,0,3,0,0,0.42105263157894735,0.5113756613756614,0,-1,-1,legit-portal-service-443.com
28,28,0,1,3,0,3,0,0,0.42105263157894735,0.5113756613756614,0,-1,-1,legit-portal-service-624.com
29,29,0,1,3,0,4,0,0,0.41025641025641024,0.509323116219668,0,-1,-1,legit-portal-service-2081.com
29,29,0,1,3,0,4,0,0,0.41025641025641024,0.509323116219668,0,-1,-1,legit-portal-service-2238.com
29,29,0,1,3,0,4,0,0,0.41025641025641024,0.509323116219668,0,-1,-1,legit-portal-service-4947.com
29,29,0,1,3,0,4,0,0,0.41025641025641024,0.509323116219668,0,-1,-1,legit-portal-service-1089.com
29,29,0,1,3,0,4,0,0,0.41025641025641024,0.509323116219668,0,-1,-1,legit-portal-service-1140.com
29,29,0,1,3,0,4,0,0,0.41025641025641024,0.509323116219668,0,-1,-1,legit-portal-service-3511.com
28,28,0,1,3,0,3,0,0,0.42105263157894735,0.5113756613756614,0,-1,-1,legit-portal-service-748.com
8,8,0,1,0,0,0,0,0,0.33333333333333337,0.5192307692307693,0,-1,-1,ieee.org
29,29,0,1,3,0,4,0,0,0.41025641025641024,0.509323116219668,0,-1,-1,legit-portal-service-2583.com
29,29,0,1,3,0,4,0,0,0.41025641025641024,0.509323116219668,0,-1,-1,legit-portal-service-2096.com
29,29,0,1,3,0,4,0,0,0.41025641025641024,0.509323116219668,0,-1,-1,legit-portal-service-1740.com
27,27,0,1,3,0,2,0,0,0.43243243243243246,0.5308641975308642,0,-1,-1,legit-portal-service-93.com
29,29,0,1,3,0,4,0,0,0.41025641025641024,0.509323116219668,0,-1,-1,legit-portal-service-1453.com
29,29,0,1,3,0,4,0,0,0.41025641025641024,0.509323116219668,0,-1,-1,legit-portal-service-4692.com
29,29,0,1,3,0,4,0,0,0.41025641025641024,0.509323116219668,0,-1,-1,legit-portal-service-1527.com
28,28,0,1,3,0,3,0,0,0.42105263157894735,0.5113756613756614,0,-1,-1,legit-portal-service-787.com
29,29,0,1,3,0,4,0,0,0.41025641025641024,0.509323116219668,0,-1,-1,legit-portal-service-4864.com
27,27,0,1,3,0,2,0,0,0.43243243243243246,0.5308641975308642,0,-1,-1,legit-portal-service-71.com
29,29,0,1,3,0,4,0,0,0.41025641025641024,0.509323116219668,0,-1,-1,legit-portal-service-2267.com
29,29,0,1,3,0,4,0,0,0.41025641025641024,0.509323116219668,0,-1,-1,legit-portal-service-1969.com
29,29,0,1,3,0,4,0,0,0.41025641025641024,0.509323116219668,0,-1,-1,legit-portal-service-4293.com
29,29,0,1,3,0,4,0,0,0.41025641025641024,0.509323116219668,0,-1,-1,legit-portal-service-3146.com
29,29,0,1,3,0,4,0,0,0.41025641025641024,0.509323116219668,0,-1,-1,legit-portal-service-4515.com
29,29,0,1,3,0,4,0,0,0.41025641025641024,0.509323116219668,0,-1,-1,legit-portal-service-1353.com
29,29,0,1,3,0,4,0,0,0.41025641025641024,0.509323116219668,0,-1,-1,legit-portal-service-2833.com
29,29,0,1,3,0,4,0,0,0.41025641025641024,0.509323116219668,0,-1,-1,legit-portal-service-2433.com
29,29,0,1,3,0,4,0,0,0.41025641025641024,0.509323116219668,0,-1,-1,legit-portal-service-1629.com
29,29,0,1,3,0,4,0,0,0.41025641025641024,0.509323116219668,0,-1,-1,legit-portal-service-1466.com
29,29,0,1,3,0,4,0,0,0.41025641025641024,0.509323116219668,0,-1,-1,legit-portal-service-1442.com
29,29,0,1,3,0,4,0,0,0.41025641025641024,0.509323116219668,0,-1,-1,legit-portal-service-3019.com
28,28,0,1,3,0,3,0,0,0.42105263157894735,0.5113756613756614,0,-1,-1,legit-portal-service-461.com
28,28,0,1,3,0,3,0,0,0.42105263157894735,0.5113756613756614,0,-1,-1,legit-portal-service-366.com
29,29,0,1,3,0,4,0,0,0.41025641025641024,0.509323116219668,0,-1,-1,legit-portal-service-2320.com
28,28,0,1,3,0,3,0,0,0.42105263157894735,0.5113756613756614,0,-1,-1,legit-portal-service-176.com
29,29,0,1,3,0,4,0,0,0.41025641025641024,0.509323116219668,0,-1,-1,legit-portal-service-3701.com
29,29,0,1,3,0,4,0,0,0.41025641025641024,0.509323116219668,0,-1,-1,legit-portal-service-3681.com
29,29,0,1,3,0,4,0,0,0.41025641025641024,0.509323116219668,0,-1,-1,legit-portal-service-1970.com
29,29,0,1,3,0,4,0,0,0.41025641025641024,0.509323116219668,0,-1,-1,legit-portal-service-3129.com
29,29,0,1,3,0,4,0,0,0.41025641025641024,0.509323116219668,0,-1,-1,legit-portal-service-3474.com
28,28,0,1,3,0,3,0,0,0.42105263157894735,0.5113756613756614,0,-1,-1,legit-portal-service-817.com
28,28,0,1,3,0,3,0,0,0.42105263157894735,0.5113756613756614,0,-1,-1,legit-portal-service-687.com
29,29,0,1,3,0,4,0,0,0.41025641025641024,0.509323116219668,0,-1,-1,legit-portal-service-4604.com
29,29,0,1,3,0,4,0,0,0.41025641025641024,0.509323116219668,0,-1,-1,legit-portal-service-1719.com
29,29,0,1,3,0,4,0,0,0.41025641025641024,0.509323116219668,0,-1,-1,legit-portal-service-2446.com
29,29,0,1,3,0,4,0,0,0.41025641025641024,0.509323116219668,0,-1,-1,legit-portal-service-4990.com
29,29,0,1,3,0,4,0,0,0.41025641025641024,0.509323116219668,0,-1,-1,legit-portal-service-4060.com
29,29,0,1,3,0,4,0,0,0.41025641025641024,0.509323116219668,0,-1,-1,legit-portal-service-2536.com
29,29,0,1,3,0,4,0,0,0.41025641025641024,0.509323116219668,0,-1,-1,legit-portal-service-3893.com
29,29,0,1,3,0,4,0,0,0.41025641025641024,0.509323116219668,0,-1,-1,legit-portal-service-2435.com
29,29,0,1,3,0,4,0,0,0.41025641025641024,0.509323116219668,0,-1,-1,legit-portal-service-4463.com
29,29,0,1,3,0,4,0,0,0.41025641025641024,0.509323116219668,0,-1,-1,legit-portal-service-2797.com
29,29,0,1,3,0,4,0,0,0.41025641025641024,0.509323116219668,0,-1,-1,legit-portal-service-2527.com
29,29,0,1,3,0,4,0,0,0.41025641025641024,0.509323116219668,0,-1,-1,legit-portal-service-1435.com
29,29,0,1,3,0,4,0,0,0.41025641025641024,0.509323116219668,0,-1,-1,legit-portal-service-1889.com
28,28,0,1,3,0,3,0,0,0.42105263157894735,0.5113756613756614,0,-1,-1,legit-portal-service-821.com
29,29,0,1,3,0,4,0,0,0.41025641025641024,0.509323116219668,0,-1,-1,legit-portal-service-4548.com
29,29,0,1,3,0,4,0,0,0.41025641025641024,0.509323116219668,0,-1,-1,legit-portal-service-3313.com
29,29,0,1,3,0,4,0,0,0.41025641025641024,0.509323116219668,0,-1,-1,legit-portal-service-1547.com
29,29,0,1,3,0,4,0,0,0.41025641025641024,0.509323116219668,0,-1,-1,legit-portal-service-3790.com
29,29,0,1,3,0,4,0,0,0.41025641025641024,0.509323116219668,0,-1,-1,legit-portal-service-3011.com
28,28,0,1,3,0,3,0,0,0.42105263157894735,0.5113756613756614,0,-1,-1,legit-portal-service-889.com
29,29,0,1,3,0,4,0,0,0.41025641025641024,0.509323116219668,0,-1,-1,legit-portal-service-1616.com
29,29,0,1,3,0,4,0,0,0.41025641025641024,0.509323116219668,0,-1,-1,legit-portal-service-1688.com
29,29,0,1,3,0,4,0,0,0.41025641025641024,0.509323116219668,0,-1,-1,legit-portal-service-4344.com
29,29,0,1,3,0,4,0,0,0.41025641025641024,0.509323116219668,0,-1,-1,legit-portal-service-4694.com
29,29,0,1,3,0,4,0,0,0.41025641025641024,0.509323116219668,0,-1,-1,legit-portal-service-1502.com
29,29,0,1,3,0,4,0,0,0.41025641025641024,0.509323116219668,0,-1,-1,legit-portal-service-2239.com
29,29,0,1,3,0,4,0,0,0.41025641025641024,0.509323116219668,0,-1,-1,legit-portal-service-1532.com
29,29,0,1,3,0,4,0,0,0.41025641025641024,0.509323116219668,0,-1,-1,legit-portal-service-4619.com
29,29,0,1,3,0,4,0,0,0.41025641025641024,0.509323116219668,0,-1,-1,legit-portal-service-4931.com
29,29,0,1,3,0,4,0,0,0.41025641025641024,0.509323116219668,0,-1,-1,legit-portal-service-4141.com
29,29,0,1,3,0,4,0,0,0.41025641025641024,0.509323116219668,0,-1,-1,legit-portal-service-2723.com
29,29,0,1,3,0,4,0,0,0.41025641025641024,0.509323116219668,0,-1,-1,legit-portal-service-4399.com
29,29,0,1,3,0,4,0,0,0.41025641025641024,0.509323116219668,0,-1,-1,legit-portal-service-3649.com
29,29,0,1,3,0,4,0,0,0.41025641025641024,0.509323116219668,0,-1,-1,legit-portal-service-2675.com
28,28,0,1,3,0,3,0,0,0.42105263157894735,0.5113756613756614,0,-1,-1,legit-portal-service-951.com
29,29,0,1,3,0,4,0,0,0.41025641025641024,0.509323116219668,0,-1,-1,legit-portal-service-4432.com
29,29,0,1,3,0,4,0,0,0.41025641025641024,0.509323116219668,0,-1,-1,legit-portal-service-1518.com
29,29,0,1,3,0,4,0,0,0.41025641025641024,0.509323116219668,0,-1,-1,legit-portal-service-3510.com
29,29,0,1,3,0,4,0,0,0.41025641025641024,0.509323116219668,0,-1,-1,legit-portal-service-2009.com
28,28,0,1,3,0,3,0,0,0.42105263157894735,0.5113756613756614,0,-1,-1,legit-portal-service-243.com
29,29,0,1,3,0,4,0,0,0.41025641025641024,0.509323116219668,0,-1,-1,legit-portal-service-2484.com
29,29,0,1,3,0,4,0,0,0.41025641025641024,0.509323116219668,0,-1,-1,legit-portal-service-4049.com
28,28,0,1,3,0,3,0,0,0.42105263157894735,0.5113756613756614,0,-1,-1,legit-portal-service-374.com
29,29,0,1,3,0,4,0,0,0.41025641025641024,0.509323116219668,0,-1,-1,legit-portal-service-1716.com
29,29,0,1,3,0,4,0,0,0.41025641025641024,0.509323116219668,0,-1,-1,legit-portal-service-3889.com
29,29,0,1,3,0,4,0,0,0.41025641025641024,0.509323116219668,0,-1,-1,legit-portal-service-4335.com
29,29,0,1,3,0,4,0,0,0.41025641025641024,0.509323116219668,0,-1,-1,legit-portal-service-4991.com
29,29,0,1,3,0,4,0,0,0.41025641025641024,0.509323116219668,0,-1,-1,legit-portal-service-3769.com
29,29,0,1,3,0,4,0,0,0.41025641025641024,0.509323116219668,0,-1,-1,legit-portal-service-3725.com
29,29,0,1,3,0,4,0,0,0.41025641025641024,0.509323116219668,0,-1,-1,legit-portal-service-4536.com
29,29,0,1,3,0,4,0,0,0.41025641025641024,0.509323116219668,0,-1,-1,legit-portal-service-4038.com
29,29,0,1,3,0,4,0,0,0.41025641025641024,0.509323116219668,0,-1,-1,legit-portal-service-2406.com
28,28,0,1,3,0,3,0,0,0.42105263157894735,0.5113756613756614,0,-1,-1,legit-portal-service-131.com
28,28,0,1,3,0,3,0,0,0.42105263157894735,0.5113756613756614,0,-1,-1,legit-portal-service-936.com
29,29,0,1,3,0,4,0,0,0.41025641025641024,0.509323116219668,0,-1,-1,legit-portal-service-3916.com
29,29,0,1,3,0,4,0,0,0.41025641025641024,0.509323116219668,0,-1,-1,legit-portal-service-3527.com
29,29,0,1,3,0,4,0,0,0.41025641025641024,0.509323116219668,0,-1,-1,legit-portal-service-1070.com
29,29,0,1,3,0,4,0,0,0.41025641025641024,0.509323116219668,0,-1,-1,legit-portal-service-4391.com
29,29,0,1,3,0,4,0,0,0.41025641025641024,0.509323116219668,0,-1,-1,legit-portal-service-3705.com
29,29,0,1,3,0,4,0,0,0.41025641025641024,0.509323116219668,0,-1,-1,legit-portal-service-2204.com
29,29,0,1,3,0,4,0,0,0.41025641025641024,0.509323116219668,0,-1,-1,legit-portal-service-2437.com
29,29,0,1,3,0,4,0,0,0.41025641025641024,0.509323116219668,0,-1,-1,legit-portal-service-1179.com
29,29,0,1,3,0,4,0,0,0.41025641025641024,0.509323116219668,0,-1,-1,legit-portal-service-4709.com
29,29,0,1,3,0,4,0,0,0.41025641025641024,0.509323116219668,0,-1,-1,legit-portal-service-4433.com
28,28,0,1,3,0,3,0,0,0.42105263157894735,0.5113756613756614,0,-1,-1,legit-portal-service-509.com
29,29,0,1,3,0,4,0,0,0.41025641025641024,0.509323116219668,0,-1,-1,legit-portal-service-3609.com
29,29,0,1,3,0,4,0,0,0.41025641025641024,0.509323116219668,0,-1,-1,legit-portal-service-4047.com
29,29,0,1,3,0,4,0,0,0.41025641025641024,0.509323116219668,0,-1,-1,legit-portal-service-4496.com
29,29,0,1,3,0,4,0,0,0.41025641025641024,0.509323116219668,0,-1,-1,legit-portal-service-1207.com
29,29,0,1,3,0,4,0,0,0.41025641025641024,0.509323116219668,0,-1,-1,legit-portal-service-1578.com
29,29,0,1,3,0,4,0,0,0.41025641025641024,0.509323116219668,0,-1,-1,legit-portal-service-2772.com
28,28,0,1,3,0,3,0,0,0.42105263157894735,0.5113756613756614,0,-1,-1,legit-portal-service-380.com
29,29,0,1,3,0,4,0,0,0.41025641025641024,0.509323116219668,0,-1,-1,legit-portal-service-4690.com
29,29,0,1,3,0,4,0,0,0.41025641025641024,0.509323116219668,0,-1,-1,legit-portal-service-3276.com
29,29,0,1,3,0,4,0,0,0.41025641025641024,0.509323116219668,0,-1,-1,legit-portal-service-4837.com
29,29,0,1,3,0,4,0,0,0.41025641025641024,0.509323116219668,0,-1,-1,legit-portal-service-1369.com
29,29,0,1,3,0,4,0,0,0.41025641025641024,0.509323116219668,0,-1,-1,legit-portal-service-1577.com
28,28,0,1,3,0,3,0,0,0.42105263157894735,0.5113756613756614,0,-1,-1,legit-portal-service-809.com
29,29,0,1,3,0,4,0,0,0.41025641025641024,0.509323116219668,0,-1,-1,legit-portal-service-4058.com
29,29,0,1,3,0,4,0,0,0.41025641025641024,0.509323116219668,0,-1,-1,legit-portal-service-2244.com
29,29,0,1,3,0,4,0,0,0.41025641025641024,0.509323116219668,0,-1,-1,legit-portal-service-2570.com
29,29,0,1,3,0,4,0,0,0.41025641025641024,0.509323116219668,0,-1,-1,legit-portal-service-2663.com
29,29,0,1,3,0,4,0,0,0.41025641025641024,0.509323116219668,0,-1,-1,legit-portal-service-3030.com
29,29,0,1,3,0,4,0,0,0.41025641025641024,0.509323116219668,0,-1,-1,legit-portal-service-2492.com
29,29,0,1,3,0,4,0,0,0.41025641025641024,0.509323116219668,0,-1,-1,legit-portal-service-2150.com
29,29,0,1,3,0,4,0,0,0.41025641025641024,0.509323116219668,0,-1,-1,legit-portal-service-1872.com
9,9,0,1,0,0,0,0,0,0.631578947368421,0.7555555555555555,0,-1,-1,adobe.com
29,29,0,1,3,0,4,0,0,0.41025641025641024,0.509323116219668,0,-1,-1,legit-portal-service-3337.com
28,28,0,1,3,0,3,0,0,0.42105263157894735,0.5113756613756614,0,-1,-1,legit-portal-service-924.com
29,29,0,1,3,0,4,0,0,0.41025641025641024,0.509323116219668,0,-1,-1,legit-portal-service-1905.com
29,29,0,1,3,0,4,0,0,0.41025641025641024,0.509323116219668,0,-1,-1,legit-portal-service-3265.com
29,29,0,1,3,0,4,0,0,0.41025641025641024,0.509323116219668,0,-1,-1,legit-portal-service-2693.com
29,29,0,1,3,0,4,0,0,0.41025641025641024,0.509323116219668,0,-1,-1,legit-portal-service-1956.com
29,29,0,1,3,0,4,0,0,0.41025641025641024,0.509323116219668,0,-1,-1,legit-portal-service-3727.com
28,28,0,1,3,0,3,0,0,0.42105263157894735,0.5113756613756614,0,-1,-1,legit-portal-service-101.com
28,28,0,1,3,0,3,0,0,0.42105263157894735,0.5113756613756614,0,-1,-1,legit-portal-service-345.com
29,29,0,1,3,0,4,0,0,0.41025641025641024,0.509323116219668,0,-1,-1,legit-portal-service-3330.com
29,29,0,1,3,0,4,0,0,0.41025641025641024,0.509323116219668,0,-1,-1,legit-portal-service-1874.com
29,29,0,1,3,0,4,0,0,0.41025641025641024,0.509323116219668,0,-1,-1,legit-portal-service-3514.com
29,29,0,1,3,0,4,0,0,0.41025641025641024,0.509323116219668,0,-1,-1,legit-portal-service-2840.com
29,29,0,1,3,0,4,0,0,0.41025641025641024,0.509323116219668,0,-1,-1,legit-portal-service-1806.com
28,28,0,1,3,0,3,0,0,0.42105263157894735,0.5113756613756614,0,-1,-1,legit-portal-service-843.com
29,29,0,1,3,0,4,0,0,0.41025641025641024,0.509323116219668,0,-1,-1,legit-portal-service-3672.com
29,29,0,1,3,0,4,0,0,0.41025641025641024,0.509323116219668,0,-1,-1,legit-portal-service-2418.com
29,29,0,1,3,0,4,0,0,0.41025641025641024,0.509323116219668,0,-1,-1,legit-portal-service-1118.com
29,29,0,1,3,0,4,0,0,0.41025641025641024,0.509323116219668,0,-1,-1,legit-portal-service-4177.com
29,29,0,1,3,0,4,0,0,0.41025641025641024,0.509323116219668,0,-1,-1,legit-portal-service-2023.com
29,29,0,1,3,0,4,0,0,0.41025641025641024,0.509323116219668,0,-1,-1,legit-portal-service-1027.com
29,29,0,1,3,0,4,0,0,0.41025641025641024,0.509323116219668,0,-1,-1,legit-portal-service-3663.com
28,28,0,1,3,0,3,0,0,0.42105263157894735,0.5113756613756614,0,-1,-1,legit-portal-service-747.com
29,29,0,1,3,0,4,0,0,0.41025641025641024,0.509323116219668,0,-1,-1,legit-portal-service-1037.com
29,29,0,1,3,0,4,0,0,0.41025641025641024,0.509323116219668,0,-1,-1,legit-portal-service-1785.com
29,29,0,1,3,0,4,0,0,0.41025641025641024,0.509323116219668,0,-1,-1,legit-portal-service-4563.com
28,28,0,1,3,0,3,0,0,0.42105263157894735,0.5113756613756614,0,-1,-1,legit-portal-service-233.com
13,13,0,1,0,0,0,0,0,0.6153846153846154,0.8065268065268065,0,-1,-1,economist.com
29,29,0,1,3,0,4,0,0,0.41025641025641024,0.509323116219668,0,-1,-1,legit-portal-service-4734.com
29,29,0,1,3,0,4,0,0,0.41025641025641024,0.509323116219668,0,-1,-1,legit-portal-service-2364.com
29,29,0,1,3,0,4,0,0,0.41025641025641024,0.509323116219668,0,-1,-1,legit-portal-service-1155.com
29,29,0,1,3,0,4,0,0,0.41025641025641024,0.509323116219668,0,-1,-1,legit-portal-service-3397.com
29,29,0,1,3,0,4,0,0,0.41025641025641024,0.509323116219668,0,-1,-1,legit-portal-service-4774.com
29,29,0,1,3,0,4,0,0,0.41025641025641024,0.509323116219668,0,-1,-1,legit-portal-service-4295.com
29,29,0,1,3,0,4,0,0,0.41025641025641024,0.509323116219668,0,-1,-1,legit-portal-service-2020.com
29,29,0,1,3,0,4,0,0,0.41025641025641024,0.509323116219668,0,-1,-1,legit-portal-service-4898.com
29,29,0,1,3,0,4,0,0,0.41025641025641024,0.509323116219668,0,-1,-1,legit-portal-service-3984.com
29,29,0,1,3,0,4,0,0,0.41025641025641024,0.509323116219668,0,-1,-1,legit-portal-service-3737.com
29,29,0,1,3,0,4,0,0,0.41025641025641024,0.509323116219668,0,-1,-1,legit-portal-service-4449.com
29,29,0,1,3,0,4,0,0,0.41025641025641024,0.509323116219668,0,-1,-1,legit-portal-service-1510.com
29,29,0,1,3,0,4,0,0,0.41025641025641024,0.509323116219668,0,-1,-1,legit-portal-service-4639.com
29,29,0,1,3,0,4,0,0,0.41025641025641024,0.509323116219668,0,-1,-1,legit-portal-service-1696.com
29,29,0,1,3,0,4,0,0,0.41025641025641024,0.509323116219668,0,-1,-1,legit-portal-service-1051.com
29,29,0,1,3,0,4,0,0,0.41025641025641024,0.509323116219668,0,-1,-1,legit-portal-service-3536.com
29,29,0,1,3,0,4,0,0,0.41025641025641024,0.509323116219668,0,-1,-1,legit-portal-service-1626.com
29,29,0,1,3,0,4,0,0,0.41025641025641024,0.509323116219668,0,-1,-1,legit-portal-service-2958.com
29,29,0,1,3,0,4,0,0,0.41025641025641024,0.509323116219668,0,-1,-1,legit-portal-service-3858.com
29,29,0,1,3,0,4,0,0,0.41025641025641024,0.509323116219668,0,-1,-1,legit-portal-service-3383.com
29,29,0,1,3,0,4,0,0,0.41025641025641024,0.509323116219668,0,-1,-1,legit-portal-service-4741.com
29,29,0,1,3,0,4,0,0,0.41025641025641024,0.509323116219668,0,-1,-1,legit-portal-service-3470.com
29,29,0,1,3,0,4,0,0,0.41025641025641024,0.509323116219668,0,-1,-1,legit-portal-service-2864.com
28,28,0,1,3,0,3,0,0,0.42105263157894735,0.5113756613756614,0,-1,-1,legit-portal-service-811.com
29,29,0,1,3,0,4,0,0,0.41025641025641024,0.509323116219668,0,-1,-1,legit-portal-service-3697.com
28,28,0,1,3,0,3,0,0,0.42105263157894735,0.5113756613756614,0,-1,-1,legit-portal-service-426.com
29,29,0,1,3,0,4,0,0,0.41025641025641024,0.509323116219668,0,-1,-1,legit-portal-service-4725.com
29,29,0,1,3,0,4,0,0,0.41025641025641024,0.509323116219668,0,-1,-1,legit-portal-service-4517.com
29,29,0,1,3,0,4,0,0,0.41025641025641024,0.509323116219668,0,-1,-1,legit-portal-service-4704.com
29,29,0,1,3,0,4,0,0,0.41025641025641024,0.509323116219668,0,-1,-1,legit-portal-service-4992.com
29,29,0,1,3,0,4,0,0,0.41025641025641024,0.509323116219668,0,-1,-1,legit-portal-service-4860.com
28,28,0,1,3,0,3,0,0,0.42105263157894735,0.5113756613756614,0,-1,-1,legit-portal-service-242.com
29,29,0,1,3,0,4,0,0,0.41025641025641024,0.509323116219668,0,-1,-1,legit-portal-service-1876.com
29,29,0,1,3,0,4,0,0,0.41025641025641024,0.509323116219668,0,-1,-1,legit-portal-service-2789.com
29,29,0,1,3,0,4,0,0,0.41025641025641024,0.509323116219668,0,-1,-1,legit-portal-service-2037.com
17,17,0,1,0,0,0,0,0,0.5333333333333333,0.6294620412267471,0,-1,-1,sciencedirect.com
29,29,0,1,3,0,4,0,0,0.41025641025641024,0.509323116219668,0,-1,-1,legit-portal-service-2816.com
29,29,0,1,3,0,4,0,0,0.41025641025641024,0.509323116219668,0,-1,-1,legit-portal-service-1932.com
28,28,0,1,3,0,3,0,0,0.42105263157894735,0.5113756613756614,0,-1,-1,legit-portal-service-448.com
28,28,0,1,3,0,3,0,0,0.42105263157894735,0.5113756613756614,0,-1,-1,legit-portal-service-644.com
29,29,0,1,3,0,4,0,0,0.41025641025641024,0.509323116219668,0,-1,-1,legit-portal-service-1464.com
28,28,0,1,3,0,3,0,0,0.42105263157894735,0.5113756613756614,0,-1,-1,legit-portal-service-435.com
29,29,0,1,3,0,4,0,0,0.41025641025641024,0.509323116219668,0,-1,-1,legit-portal-service-3545.com
29,29,0,1,3,0,4,0,0,0.41025641025641024,0.509323116219668,0,-1,-1,legit-portal-service-2470.com
29,29,0,1,3,0,4,0,0,0.41025641025641024,0.509323116219668,0,-1,-1,legit-portal-service-1371.com
29,29,0,1,3,0,4,0,0,0.41025641025641024,0.509323116219668,0,-1,-1,legit-portal-service-2742.com
29,29,0,1,3,0,4,0,0,0.41025641025641024,0.509323116219668,0,-1,-1,legit-portal-service-3766.com
29,29,0,1,3,0,4,0,0,0.41025641025641024,0.509323116219668,0,-1,-1,legit-portal-service-1339.com
29,29,0,1,3,0,4,0,0,0.41025641025641024,0.509323116219668,0,-1,-1,legit-portal-service-4355.com
29,29,0,1,3,0,4,0,0,0.41025641025641024,0.509323116219668,0,-1,-1,legit-portal-service-3835.com
29,29,0,1,3,0,4,0,0,0.41025641025641024,0.509323116219668,0,-1,-1,legit-portal-service-3366.com
29,29,0,1,3,0,4,0,0,0.41025641025641024,0.509323116219668,0,-1,-1,legit-portal-service-2450.com
29,29,0,1,3,0,4,0,0,0.41025641025641024,0.509323116219668,0,-1,-1,legit-portal-service-3156.com
28,28,0,1,3,0,3,0,0,0.42105263157894735,0.5113756613756614,0,-1,-1,legit-portal-service-701.com
29,29,0,1,3,0,4,0,0,0.41025641025641024,0.509323116219668,0,-1,-1,legit-portal-service-3537.com
29,29,0,1,3,0,4,0,0,0.41025641025641024,0.509323116219668,0,-1,-1,legit-portal-service-1799.com
29,29,0,1,3,0,4,0,0,0.41025641025641024,0.509323116219668,0,-1,-1,legit-portal-service-1975.com
29,29,0,1,3,0,4,0,0,0.41025641025641024,0.509323116219668,0,-1,-1,legit-portal-service-2141.com
29,29,0,1,3,0,4,0,0,0.41025641025641024,0.509323116219668,0,-1,-1,legit-portal-service-3974.com
29,29,0,1,3,0,4,0,0,0.41025641025641024,0.509323116219668,0,-1,-1,legit-portal-service-1724.com
29,29,0,1,3,0,4,0,0,0.41025641025641024,0.509323116219668,0,-1,-1,legit-portal-service-2696.com
29,29,0,1,3,0,4,0,0,0.41025641025641024,0.509323116219668,0,-1,-1,legit-portal-service-2048.com
29,29,0,1,3,0,4,0,0,0.41025641025641024,0.509323116219668,0,-1,-1,legit-portal-service-3338.com
29,29,0,1,3,0,4,0,0,0.41025641025641024,0.509323116219668,0,-1,-1,legit-portal-service-4940.com
29,29,0,1,3,0,4,0,0,0.41025641025641024,0.509323116219668,0,-1,-1,legit-portal-service-1327.com
29,29,0,1,3,0,4,0,0,0.41025641025641024,0.509323116219668,0,-1,-1,legit-portal-service-2981.com
29,29,0,1,3,0,4,0,0,0.41025641025641024,0.509323116219668,0,-1,-1,legit-portal-service-4634.com
29,29,0,1,3,0,4,0,0,0.41025641025641024,0.509323116219668,0,-1,-1,legit-portal-service-1268.com
29,29,0,1,3,0,4,0,0,0.41025641025641024,0.509323116219668,0,-1,-1,legit-portal-service-4552.com
29,29,0,1,3,0,4,0,0,0.41025641025641024,0.509323116219668,0,-1,-1,legit-portal-service-3242.com
29,29,0,1,3,0,4,0,0,0.41025641025641024,0.509323116219668,0,-1,-1,legit-portal-service-3964.com
29,29,0,1,3,0,4,0,0,0.41025641025641024,0.509323116219668,0,-1,-1,legit-portal-service-3657.com
29,29,0,1,3,0,4,0,0,0.41025641025641024,0.509323116219668,0,-1,-1,legit-portal-service-2137.com
29,29,0,1,3,0,4,0,0,0.41025641025641024,0.509323116219668,0,-1,-1,legit-portal-service-2919.com
29,29,0,1,3,0,4,0,0,0.41025641025641024,0.509323116219668,0,-1,-1,legit-portal-service-3105.com
29,29,0,1,3,0,4,0,0,0.41025641025641024,0.509323116219668,0,-1,-1,legit-portal-service-1963.com
29,29,0,1,3,0,4,0,0,0.41025641025641024,0.509323116219668,0,-1,-1,legit-portal-service-4224.com
29,29,0,1,3,0,4,0,0,0.41025641025641024,0.509323116219668,0,-1,-1,legit-portal-service-3645.com
29,29,0,1,3,0,4,0,0,0.41025641025641024,0.509323116219668,0,-1,-1,legit-portal-service-3224.com
29,29,0,1,3,0,4,0,0,0.41025641025641024,0.509323116219668,0,-1,-1,legit-portal-service-1909.com
28,28,0,1,3,0,3,0,0,0.42105263157894735,0.5113756613756614,0,-1,-1,legit-portal-service-336.com
28,28,0,1,3,0,3,0,0,0.42105263157894735,0.5113756613756614,0,-1,-1,legit-portal-service-777.com
28,28,0,1,3,0,3,0,0,0.42105263157894735,0.5113756613756614,0,-1,-1,legit-portal-service-446.com
29,29,0,1,3,0,4,0,0,0.41025641025641024,0.509323116219668,0,-1,-1,legit-portal-service-1588.com
27,27,0,1,3,0,2,0,0,0.43243243243243246,0.5308641975308642,0,-1,-1,legit-portal-service-56.com
28,28,0,1,3,0,3,0,0,0.42105263157894735,0.5113756613756614,0,-1,-1,legit-portal-service-902.com
29,29,0,1,3,0,4,0,0,0.41025641025641024,0.509323116219668,0,-1,-1,legit-portal-service-2551.com
29,29,0,1,3,0,4,0,0,0.41025641025641024,0.509323116219668,0,-1,-1,legit-portal-service-4764.com
29,29,0,1,3,0,4,0,0,0.41025641025641024,0.509323116219668,0,-1,-1,legit-portal-service-1223.com
29,29,0,1,3,0,4,0,0,0.41025641025641024,0.509323116219668,0,-1,-1,legit-portal-service-4439.com
29,29,0,1,3,0,4,0,0,0.41025641025641024,0.509323116219668,0,-1,-1,legit-portal-service-4852.com
29,29,0,1,3,0,4,0,0,0.41025641025641024,0.509323116219668,0,-1,-1,legit-portal-service-4695.com
29,29,0,1,3,0,4,0,0,0.41025641025641024,0.509323116219668,0,-1,-1,legit-portal-service-4270.com
27,27,0,1,3,0,2,0,0,0.43243243243243246,0.5308641975308642,0,-1,-1,legit-portal-service-73.com
29,29,0,1,3,0,4,0,0,0.41025641025641024,0.509323116219668,0,-1,-1,legit-portal-service-3682.com
29,29,0,1,3,0,4,0,0,0.41025641025641024,0.509323116219668,0,-1,-1,legit-portal-service-1346.com
28,28,0,1,3,0,3,0,0,0.42105263157894735,0.5113756613756614,0,-1,-1,legit-portal-service-750.com
29,29,0,1,3,0,4,0,0,0.41025641025641024,0.509323116219668,0,-1,-1,legit-portal-service-3291.com
28,28,0,1,3,0,3,0,0,0.42105263157894735,0.5113756613756614,0,-1,-1,legit-portal-service-265.com
29,29,0,1,3,0,4,0,0,0.41025641025641024,0.509323116219668,0,-1,-1,legit-portal-service-1499.com
29,29,0,1,3,0,4,0,0,0.41025641025641024,0.509323116219668,0,-1,-1,legit-portal-service-2071.com
29,29,0,1,3,0,4,0,0,0.41025641025641024,0.509323116219668,0,-1,-1,legit-portal-service-3920.com
29,29,0,1,3,0,4,0,0,0.41025641025641024,0.509323116219668,0,-1,-1,legit-portal-service-3249.com
29,29,0,1,3,0,4,0,0,0.41025641025641024,0.509323116219668,0,-1,-1,legit-portal-service-2706.com
29,29,0,1,3,0,4,0,0,0.41025641025641024,0.509323116219668,0,-1,-1,legit-portal-service-2429.com
29,29,0,1,3,0,4,0,0,0.41025641025641024,0.509323116219668,0,-1,-1,legit-portal-service-2254.com
29,29,0,1,3,0,4,0,0,0.41025641025641024,0.509323116219668,0,-1,-1,legit-portal-service-3999.com
29,29,0,1,3,0,4,0,0,0.41025641025641024,0.509323116219668,0,-1,-1,legit-portal-service-4702.com
29,29,0,1,3,0,4,0,0,0.41025641025641024,0.509323116219668,0,-1,-1,legit-portal-service-4480.com
29,29,0,1,3,0,4,0,0,0.41025641025641024,0.509323116219668,0,-1,-1,legit-portal-service-3006.com
29,29,0,1,3,0,4,0,0,0.41025641025641024,0.509323116219668,0,-1,-1,legit-portal-service-3252.com
29,29,0,1,3,0,4,0,0,0.41025641025641024,0.509323116219668,0,-1,-1,legit-portal-service-3938.com
29,29,0,1,3,0,4,0,0,0.41025641025641024,0.509323116219668,0,-1,-1,legit-portal-service-4274.com
29,29,0,1,3,0,4,0,0,0.41025641025641024,0.509323116219668,0,-1,-1,legit-portal-service-1860.com
28,28,0,1,3,0,3,0,0,0.42105263157894735,0.5113756613756614,0,-1,-1,legit-portal-service-637.com
28,28,0,1,3,0,3,0,0,0.42105263157894735,0.5113756613756614,0,-1,-1,legit-portal-service-693.com
29,29,0,1,3,0,4,0,0,0.41025641025641024,0.509323116219668,0,-1,-1,legit-portal-service-4811.com
28,28,0,1,3,0,3,0,0,0.42105263157894735,0.5113756613756614,0,-1,-1,legit-portal-service-196.com
29,29,0,1,3,0,4,0,0,0.41025641025641024,0.509323116219668,0,-1,-1,legit-portal-service-1472.com
29,29,0,1,3,0,4,0,0,0.41025641025641024,0.509323116219668,0,-1,-1,legit-portal-service-1381.com
29,29,0,1,3,0,4,0,0,0.41025641025641024,0.509323116219668,0,-1,-1,legit-portal-service-4889.com
29,29,0,1,3,0,4,0,0,0.41025641025641024,0.509323116219668,0,-1,-1,legit-portal-service-4476.com
29,29,0,1,3,0,4,0,0,0.41025641025641024,0.509323116219668,0,-1,-1,legit-portal-service-3467.com
29,29,0,1,3,0,4,0,0,0.41025641025641024,0.509323116219668,0,-1,-1,legit-portal-service-2831.com
29,29,0,1,3,0,4,0,0,0.41025641025641024,0.509323116219668,0,-1,-1,legit-portal-service-4005.com
29,29,0,1,3,0,4,0,0,0.41025641025641024,0.509323116219668,0,-1,-1,legit-portal-service-4599.com
29,29,0,1,3,0,4,0,0,0.41025641025641024,0.509323116219668,0,-1,-1,legit-portal-service-2921.com
29,29,0,1,3,0,4,0,0,0.41025641025641024,0.509323116219668,0,-1,-1,legit-portal-service-4670.com
29,29,0,1,3,0,4,0,0,0.41025641025641024,0.509323116219668,0,-1,-1,legit-portal-service-3399.com
29,29,0,1,3,0,4,0,0,0.41025641025641024,0.509323116219668,0,-1,-1,legit-portal-service-2916.com
29,29,0,1,3,0,4,0,0,0.41025641025641024,0.509323116219668,0,-1,-1,legit-portal-service-1535.com
29,29,0,1,3,0,4,0,0,0.41025641025641024,0.509323116219668,0,-1,-1,legit-portal-service-4785.com
29,29,0,1,3,0,4,0,0,0.41025641025641024,0.509323116219668,0,-1,-1,legit-portal-service-1358.com
29,29,0,1,3,0,4,0,0,0.41025641025641024,0.509323116219668,0,-1,-1,legit-portal-service-1475.com
28,28,0,1,3,0,3,0,0,0.42105263157894735,0.5113756613756614,0,-1,-1,legit-portal-service-103.com
29,29,0,1,3,0,4,0,0,0.41025641025641024,0.509323116219668,0,-1,-1,legit-portal-service-3169.com
29,29,0,1,3,0,4,0,0,0.41025641025641024,0.509323116219668,0,-1,-1,legit-portal-service-1816.com
28,28,0,1,3,0,3,0,0,0.42105263157894735,0.5113756613756614,0,-1,-1,legit-portal-service-436.com
28,28,0,1,3,0,3,0,0,0.42105263157894735,0.5113756613756614,0,-1,-1,legit-portal-service-405.com
28,28,0,1,3,0,3,0,0,0.42105263157894735,0.5113756613756614,0,-1,-1,legit-portal-service-402.com
29,29,0,1,3,0,4,0,0,0.41025641025641024,0.509323116219668,0,-1,-1,legit-portal-service-1859.com
28,28,0,1,3,0,3,0,0,0.42105263157894735,0.5113756613756614,0,-1,-1,legit-portal-service-459.com
29,29,0,1,3,0,4,0,0,0.41025641025641024,0.509323116219668,0,-1,-1,legit-portal-service-4314.com
29,29,0,1,3,0,4,0,0,0.41025641025641024,0.509323116219668,0,-1,-1,legit-portal-service-4675.com
28,28,0,1,3,0,3,0,0,0.42105263157894735,0.5113756613756614,0,-1,-1,legit-portal-service-195.com
29,29,0,1,3,0,4,0,0,0.41025641025641024,0.509323116219668,0,-1,-1,legit-portal-service-1718.com
29,29,0,1,3,0,4,0,0,0.41025641025641024,0.509323116219668,0,-1,-1,legit-portal-service-1632.com
29,29,0,1,3,0,4,0,0,0.41025641025641024,0.509323116219668,0,-1,-1,legit-portal-service-4881.com
29,29,0,1,3,0,4,0,0,0.41025641025641024,0.509323116219668,0,-1,-1,legit-portal-service-3961.com
29,29,0,1,3,0,4,0,0,0.41025641025641024,0.509323116219668,0,-1,-1,legit-portal-service-4390.com
29,29,0,1,3,0,4,0,0,0.41025641025641024,0.509323116219668,0,-1,-1,legit-portal-service-3035.com
29,29,0,1,3,0,4,0,0,0.41025641025641024,0.509323116219668,0,-1,-1,legit-portal-service-3370.com
28,28,0,1,3,0,3,0,0,0.42105263157894735,0.5113756613756614,0,-1,-1,legit-portal-service-431.com
28,28,0,1,3,0,3,0,0,0.42105263157894735,0.5113756613756614,0,-1,-1,legit-portal-service-303.com
29,29,0,1,3,0,4,0,0,0.41025641025641024,0.509323116219668,0,-1,-1,legit-portal-service-2089.com
29,29,0,1,3,0,4,0,0,0.41025641025641024,0.509323116219668,0,-1,-1,legit-portal-service-2412.com
29,29,0,1,3,0,4,0,0,0.41025641025641024,0.509323116219668,0,-1,-1,legit-portal-service-3542.com
29,29,0,1,3,0,4,0,0,0.41025641025641024,0.509323116219668,0,-1,-1,legit-portal-service-3548.com
29,29,0,1,3,0,4,0,0,0.41025641025641024,0.509323116219668,0,-1,-1,legit-portal-service-3775.com
29,29,0,1,3,0,4,0,0,0.41025641025641024,0.509323116219668,0,-1,-1,legit-portal-service-4357.com
29,29,0,1,3,0,4,0,0,0.41025641025641024,0.509323116219668,0,-1,-1,legit-portal-service-3547.com
29,29,0,1,3,0,4,0,0,0.41025641025641024,0.509323116219668,0,-1,-1,legit-portal-service-3199.com
29,29,0,1,3,0,4,0,0,0.41025641025641024,0.509323116219668,0,-1,-1,legit-portal-service-1834.com
29,29,0,1,3,0,4,0,0,0.41025641025641024,0.509323116219668,0,-1,-1,legit-portal-service-1259.com
29,29,0,1,3,0,4,0,0,0.41025641025641024,0.509323116219668,0,-1,-1,legit-portal-service-2768.com
28,28,0,1,3,0,3,0,0,0.42105263157894735,0.5113756613756614,0,-1,-1,legit-portal-service-206.com
29,29,0,1,3,0,4,0,0,0.41025641025641024,0.509323116219668,0,-1,-1,legit-portal-service-4014.com
29,29,0,1,3,0,4,0,0,0.41025641025641024,0.509323116219668,0,-1,-1,legit-portal-service-1334.com
29,29,0,1,3,0,4,0,0,0.41025641025641024,0.509323116219668,0,-1,-1,legit-portal-service-1294.com
29,29,0,1,3,0,4,0,0,0.41025641025641024,0.509323116219668,0,-1,-1,legit-portal-service-4985.com
29,29,0,1,3,0,4,0,0,0.41025641025641024,0.509323116219668,0,-1,-1,legit-portal-service-3621.com
28,28,0,1,3,0,3,0,0,0.42105263157894735,0.5113756613756614,0,-1,-1,legit-portal-service-144.com
29,29,0,1,3,0,4,0,0,0.41025641025641024,0.509323116219668,0,-1,-1,legit-portal-service-3995.com
28,28,0,1,3,0,3,0,0,0.42105263157894735,0.5113756613756614,0,-1,-1,legit-portal-service-962.com
29,29,0,1,3,0,4,0,0,0.41025641025641024,0.509323116219668,0,-1,-1,legit-portal-service-4656.com
7,7,0,1,0,0,0,0,0,0.3529411764705882,0.5738095238095239,0,-1,-1,gnu.org
29,29,0,1,3,0,4,0,0,0.41025641025641024,0.509323116219668,0,-1,-1,legit-portal-service-4646.com
29,29,0,1,3,0,4,0,0,0.41025641025641024,0.509323116219668,0,-1,-1,legit-portal-service-2301.com
29,29,0,1,3,0,4,0,0,0.41025641025641024,0.509323116219668,0,-1,-1,legit-portal-service-4393.com
29,29,0,1,3,0,4,0,0,0.41025641025641024,0.509323116219668,0,-1,-1,legit-portal-service-4770.com
28,28,0,1,3,0,3,0,0,0.42105263157894735,0.5113756613756614,0,-1,-1,legit-portal-service-370.com
29,29,0,1,3,0,4,0,0,0.41025641025641024,0.509323116219668,0,-1,-1,legit-portal-service-1152.com
28,28,0,1,3,0,3,0,0,0.42105263157894735,0.5113756613756614,0,-1,-1,legit-portal-service-453.com
29,29,0,1,3,0,4,0,0,0.41025641025641024,0.509323116219668,0,-1,-1,legit-portal-service-3115.com
29,29,0,1,3,0,4,0,0,0.41025641025641024,0.509323116219668,0,-1,-1,legit-portal-service-1541.com
28,28,0,1,3,0,3,0,0,0.42105263157894735,0.5113756613756614,0,-1,-1,legit-portal-service-603.com
29,29,0,1,3,0,4,0,0,0.41025641025641024,0.509323116219668,0,-1,-1,legit-portal-service-4199.com
29,29,0,1,3,0,4,0,0,0.41025641025641024,0.509323116219668,0,-1,-1,legit-portal-service-3418.com
29,29,0,1,3,0,4,0,0,0.41025641025641024,0.509323116219668,0,-1,-1,legit-portal-service-3118.com
29,29,0,1,3,0,4,0,0,0.41025641025641024,0.509323116219668,0,-1,-1,legit-portal-service-2646.com
29,29,0,1,3,0,4,0,0,0.41025641025641024,0.509323116219668,0,-1,-1,legit-portal-service-2545.com
28,28,0,1,3,0,3,0,0,0.42105263157894735,0.5113756613756614,0,-1,-1,legit-portal-service-566.com
29,29,0,1,3,0,4,0,0,0.41025641025641024,0.509323116219668,0,-1,-1,legit-portal-service-4336.com
29,29,0,1,3,0,4,0,0,0.41025641025641024,0.509323116219668,0,-1,-1,legit-portal-service-3034.com
29,29,0,1,3,0,4,0,0,0.41025641025641024,0.509323116219668,0,-1,-1,legit-portal-service-3315.com
29,29,0,1,3,0,4,0,0,0.41025641025641024,0.509323116219668,0,-1,-1,legit-portal-service-3449.com
28,28,0,1,3,0,3,0,0,0.42105263157894735,0.5113756613756614,0,-1,-1,legit-portal-service-690.com
13,13,0,1,0,0,0,0,0,0.3076923076923077,0.5007122507122507,0,-1,-1,wikimedia.org
29,29,0,1,3,0,4,0,0,0.41025641025641024,0.509323116219668,0,-1,-1,legit-portal-service-3530.com
29,29,0,1,3,0,4,0,0,0.41025641025641024,0.509323116219668,0,-1,-1,legit-portal-service-3802.com
29,29,0,1,3,0,4,0,0,0.41025641025641024,0.509323116219668,0,-1,-1,legit-portal-service-4198.com
29,29,0,1,3,0,4,0,0,0.41025641025641024,0.509323116219668,0,-1,-1,legit-portal-service-2765.com
29,29,0,1,3,0,4,0,0,0.41025641025641024,0.509323116219668,0,-1,-1,legit-portal-service-1573.com
29,29,0,1,3,0,4,0,0,0.41025641025641024,0.509323116219668,0,-1,-1,legit-portal-service-3314.com
29,29,0,1,3,0,4,0,0,0.41025641025641024,0.509323116219668,0,-1,-1,legit-portal-service-4615.com
27,27,0,1,3,0,2,0,0,0.43243243243243246,0.5308641975308642,0,-1,-1,legit-portal-service-67.com
29,29,0,1,3,0,4,0,0,0.41025641025641024,0.509323116219668,0,-1,-1,legit-portal-service-4123.com
28,28,0,1,3,0,3,0,0,0.42105263157894735,0.5113756613756614,0,-1,-1,legit-portal-service-271.com
29,29,0,1,3,0,4,0,0,0.41025641025641024,0.509323116219668,0,-1,-1,legit-portal-service-3040.com
29,29,0,1,3,0,4,0,0,0.41025641025641024,0.509323116219668,0,-1,-1,legit-portal-service-4727.com
28,28,0,1,3,0,3,0,0,0.42105263157894735,0.5113756613756614,0,-1,-1,legit-portal-service-409.com
29,29,0,1,3,0,4,0,0,0.41025641025641024,0.509323116219668,0,-1,-1,legit-portal-service-1776.com
29,29,0,1,3,0,4,0,0,0.41025641025641024,0.509323116219668,0,-1,-1,legit-portal-service-1174.com
29,29,0,1,3,0,4,0,0,0.41025641025641024,0.509323116219668,0,-1,-1,legit-portal-service-1733.com
29,29,0,1,3,0,4,0,0,0.41025641025641024,0.509323116219668,0,-1,-1,legit-portal-service-1894.com
28,28,0,1,3,0,3,0,0,0.42105263157894735,0.5113756613756614,0,-1,-1,legit-portal-service-523.com
29,29,0,1,3,0,4,0,0,0.41025641025641024,0.509323116219668,0,-1,-1,legit-portal-service-1690.com
29,29,0,1,3,0,4,0,0,0.41025641025641024,0.509323116219668,0,-1,-1,legit-portal-service-1067.com
29,29,0,1,3,0,4,0,0,0.41025641025641024,0.509323116219668,0,-1,-1,legit-portal-service-1497.com
29,29,0,1,3,0,4,0,0,0.41025641025641024,0.509323116219668,0,-1,-1,legit-portal-service-4330.com
28,28,0,1,3,0,3,0,0,0.42105263157894735,0.5113756613756614,0,-1,-1,legit-portal-service-647.com
29,29,0,1,3,0,4,0,0,0.41025641025641024,0.509323116219668,0,-1,-1,legit-portal-service-3075.com
29,29,0,1,3,0,4,0,0,0.41025641025641024,0.509323116219668,0,-1,-1,legit-portal-service-3565.com
29,29,0,1,3,0,4,0,0,0.41025641025641024,0.509323116219668,0,-1,-1,legit-portal-service-1745.com
29,29,0,1,3,0,4,0,0,0.41025641025641024,0.509323116219668,0,-1,-1,legit-portal-service-1333.com
28,28,0,1,3,0,3,0,0,0.42105263157894735,0.5113756613756614,0,-1,-1,legit-portal-service-883.com
28,28,0,1,3,0,3,0,0,0.42105263157894735,0.5113756613756614,0,-1,-1,legit-portal-service-628.com
29,29,0,1,3,0,4,0,0,0.41025641025641024,0.509323116219668,0,-1,-1,legit-portal-service-1300.com
28,28,0,1,3,0,3,0,0,0.42105263157894735,0.5113756613756614,0,-1,-1,legit-portal-service-395.com
29,29,0,1,3,0,4,0,0,0.41025641025641024,0.509323116219668,0,-1,-1,legit-portal-service-2315.com
29,29,0,1,3,0,4,0,0,0.41025641025641024,0.509323116219668,0,-1,-1,legit-portal-service-2328.com
29,29,0,1,3,0,4,0,0,0.41025641025641024,0.509323116219668,0,-1,-1,legit-portal-service-2924.com
29,29,0,1,3,0,4,0,0,0.41025641025641024,0.509323116219668,0,-1,-1,legit-portal-service-2852.com
28,28,0,1,3,0,3,0,0,0.42105263157894735,0.5113756613756614,0,-1,-1,legit-portal-service-169.com
28,28,0,1,3,0,3,0,0,0.42105263157894735,0.5113756613756614,0,-1,-1,legit-portal-service-826.com
12,12,0,1,0,0,0,0,0,0.48,0.6441798941798942,0,-1,-1,citibank.com
29,29,0,1,3,0,4,0,0,0.41025641025641024,0.509323116219668,0,-1,-1,legit-portal-service-1882.com
29,29,0,1,3,0,4,0,0,0.41025641025641024,0.509323116219668,0,-1,-1,legit-portal-service-4109.com
29,29,0,1,3,0,4,0,0,0.41025641025641024,0.509323116219668,0,-1,-1,legit-portal-service-4422.com
29,29,0,1,3,0,4,0,0,0.41025641025641024,0.509323116219668,0,-1,-1,legit-portal-service-3096.com
29,29,0,1,3,0,4,0,0,0.41025641025641024,0.509323116219668,0,-1,-1,legit-portal-service-3122.com
29,29,0,1,3,0,4,0,0,0.41025641025641024,0.509323116219668,0,-1,-1,legit-portal-service-1105.com
29,29,0,1,3,0,4,0,0,0.41025641025641024,0.509323116219668,0,-1,-1,legit-portal-service-2994.com
29,29,0,1,3,0,4,0,0,0.41025641025641024,0.509323116219668,0,-1,-1,legit-portal-service-1132.com
27,27,0,1,3,0,2,0,0,0.43243243243243246,0.5308641975308642,0,-1,-1,legit-portal-service-70.com
27,27,0,1,3,0,2,0,0,0.43243243243243246,0.5308641975308642,0,-1,-1,legit-portal-service-21.com
29,29,0,1,3,0,4,0,0,0.41025641025641024,0.509323116219668,0,-1,-1,legit-portal-service-3348.com
29,29,0,1,3,0,4,0,0,0.41025641025641024,0.509323116219668,0,-1,-1,legit-portal-service-1264.com
29,29,0,1,3,0,4,0,0,0.41025641025641024,0.509323116219668,0,-1,-1,legit-portal-service-4481.com
29,29,0,1,3,0,4,0,0,0.41025641025641024,0.509323116219668,0,-1,-1,legit-portal-service-4739.com
28,28,0,1,3,0,3,0,0,0.42105263157894735,0.5113756613756614,0,-1,-1,legit-portal-service-839.com
29,29,0,1,3,0,4,0,0,0.41025641025641024,0.509323116219668,0,-1,-1,legit-portal-service-2335.com
29,29,0,1,3,0,4,0,0,0.41025641025641024,0.509323116219668,0,-1,-1,legit-portal-service-1602.com
29,29,0,1,3,0,4,0,0,0.41025641025641024,0.509323116219668,0,-1,-1,legit-portal-service-4096.com
29,29,0,1,3,0,4,0,0,0.41025641025641024,0.509323116219668,0,-1,-1,legit-portal-service-1987.com
29,29,0,1,3,0,4,0,0,0.41025641025641024,0.509323116219668,0,-1,-1,legit-portal-service-2033.com
29,29,0,1,3,0,4,0,0,0.41025641025641024,0.509323116219668,0,-1,-1,legit-portal-service-4438.com
29,29,0,1,3,0,4,0,0,0.41025641025641024,0.509323116219668,0,-1,-1,legit-portal-service-4817.com
29,29,0,1,3,0,4,0,0,0.41025641025641024,0.509323116219668,0,-1,-1,legit-portal-service-1732.com
29,29,0,1,3,0,4,0,0,0.41025641025641024,0.509323116219668,0,-1,-1,legit-portal-service-4235.com
29,29,0,1,3,0,4,0,0,0.41025641025641024,0.509323116219668,0,-1,-1,legit-portal-service-4064.com
29,29,0,1,3,0,4,0,0,0.41025641025641024,0.509323116219668,0,-1,-1,legit-portal-service-1280.com
29,29,0,1,3,0,4,0,0,0.41025641025641024,0.509323116219668,0,-1,-1,legit-portal-service-1424.com
29,29,0,1,3,0,4,0,0,0.41025641025641024,0.509323116219668,0,-1,-1,legit-portal-service-4722.com
29,29,0,1,3,0,4,0,0,0.41025641025641024,0.509323116219668,0,-1,-1,legit-portal-service-2500.com
29,29,0,1,3,0,4,0,0,0.41025641025641024,0.509323116219668,0,-1,-1,legit-portal-service-4016.com
29,29,0,1,3,0,4,0,0,0.41025641025641024,0.509323116219668,0,-1,-1,legit-portal-service-2528.com
29,29,0,1,3,0,4,0,0,0.41025641025641024,0.509323116219668,0,-1,-1,legit-portal-service-4266.com
29,29,0,1,3,0,4,0,0,0.41025641025641024,0.509323116219668,0,-1,-1,legit-portal-service-4669.com
28,28,0,1,3,0,3,0,0,0.42105263157894735,0.5113756613756614,0,-1,-1,legit-portal-service-379.com
29,29,0,1,3,0,4,0,0,0.41025641025641024,0.509323116219668,0,-1,-1,legit-portal-service-3458.com
28,28,0,1,3,0,3,0,0,0.42105263157894735,0.5113756613756614,0,-1,-1,legit-portal-service-807.com
29,29,0,1,3,0,4,0,0,0.41025641025641024,0.509323116219668,0,-1,-1,legit-portal-service-1667.com
29,29,0,1,3,0,4,0,0,0.41025641025641024,0.509323116219668,0,-1,-1,legit-portal-service-4569.com
29,29,0,1,3,0,4,0,0,0.41025641025641024,0.509323116219668,0,-1,-1,legit-portal-service-1083.com
29,29,0,1,3,0,4,0,0,0.41025641025641024,0.509323116219668,0,-1,-1,legit-portal-service-4339.com
29,29,0,1,3,0,4,0,0,0.41025641025641024,0.509323116219668,0,-1,-1,legit-portal-service-4913.com
29,29,0,1,3,0,4,0,0,0.41025641025641024,0.509323116219668,0,-1,-1,legit-portal-service-1973.com
28,28,0,1,3,0,3,0,0,0.42105263157894735,0.5113756613756614,0,-1,-1,legit-portal-service-203.com
28,28,0,1,3,0,3,0,0,0.42105263157894735,0.5113756613756614,0,-1,-1,legit-portal-service-198.com
28,28,0,1,3,0,3,0,0,0.42105263157894735,0.5113756613756614,0,-1,-1,legit-portal-service-713.com
29,29,0,1,3,0,4,0,0,0.41025641025641024,0.509323116219668,0,-1,-1,legit-portal-service-2291.com
28,28,0,1,3,0,3,0,0,0.42105263157894735,0.5113756613756614,0,-1,-1,legit-portal-service-274.com
29,29,0,1,3,0,4,0,0,0.41025641025641024,0.509323116219668,0,-1,-1,legit-portal-service-1433.com
28,28,0,1,3,0,3,0,0,0.42105263157894735,0.5113756613756614,0,-1,-1,legit-portal-service-819.com
29,29,0,1,3,0,4,0,0,0.41025641025641024,0.509323116219668,0,-1,-1,legit-portal-service-4369.com
29,29,0,1,3,0,4,0,0,0.41025641025641024,0.509323116219668,0,-1,-1,legit-portal-service-4269.com
28,28,0,1,3,0,3,0,0,0.42105263157894735,0.5113756613756614,0,-1,-1,legit-portal-service-513.com
28,28,0,1,3,0,3,0,0,0.42105263157894735,0.5113756613756614,0,-1,-1,legit-portal-service-648.com
29,29,0,1,3,0,4,0,0,0.41025641025641024,0.509323116219668,0,-1,-1,legit-portal-service-2154.com
29,29,0,1,3,0,4,0,0,0.41025641025641024,0.509323116219668,0,-1,-1,legit-portal-service-3757.com
29,29,0,1,3,0,4,0,0,0.41025641025641024,0.509323116219668,0,-1,-1,legit-portal-service-2790.com
29,29,0,1,3,0,4,0,0,0.41025641025641024,0.509323116219668,0,-1,-1,legit-portal-service-4466.com
29,29,0,1,3,0,4,0,0,0.41025641025641024,0.509323116219668,0,-1,-1,legit-portal-service-3347.com
29,29,0,1,3,0,4,0,0,0.41025641025641024,0.509323116219668,0,-1,-1,legit-portal-service-1194.com
29,29,0,1,3,0,4,0,0,0.41025641025641024,0.509323116219668,0,-1,-1,legit-portal-service-1351.com
29,29,0,1,3,0,4,0,0,0.41025641025641024,0.509323116219668,0,-1,-1,legit-portal-service-3322.com
29,29,0,1,3,0,4,0,0,0.41025641025641024,0.509323116219668,0,-1,-1,legit-portal-service-4629.com
29,29,0,1,3,0,4,0,0,0.41025641025641024,0.509323116219668,0,-1,-1,legit-portal-service-1993.com
29,29,0,1,3,0,4,0,0,0.41025641025641024,0.509323116219668,0,-1,-1,legit-portal-service-1349.com
29,29,0,1,3,0,4,0,0,0.41025641025641024,0.509323116219668,0,-1,-1,legit-portal-service-3324.com
29,29,0,1,3,0,4,0,0,0.41025641025641024,0.509323116219668,0,-1,-1,legit-portal-service-3178.com
28,28,0,1,3,0,3,0,0,0.42105263157894735,0.5113756613756614,0,-1,-1,legit-portal-service-269.com
29,29,0,1,3,0,4,0,0,0.41025641025641024,0.509323116219668,0,-1,-1,legit-portal-service-4521.com
29,29,0,1,3,0,4,0,0,0.41025641025641024,0.509323116219668,0,-1,-1,legit-portal-service-4472.com
29,29,0,1,3,0,4,0,0,0.41025641025641024,0.509323116219668,0,-1,-1,legit-portal-service-3176.com
29,29,0,1,3,0,4,0,0,0.41025641025641024,0.509323116219668,0,-1,-1,legit-portal-service-2744.com
29,29,0,1,3,0,4,0,0,0.41025641025641024,0.509323116219668,0,-1,-1,legit-portal-service-1018.com
29,29,0,1,3,0,4,0,0,0.41025641025641024,0.509323116219668,0,-1,-1,legit-portal-service-4771.com
29,29,0,1,3,0,4,0,0,0.41025641025641024,0.509323116219668,0,-1,-1,legit-portal-service-2142.com
29,29,0,1,3,0,4,0,0,0.41025641025641024,0.509323116219668,0,-1,-1,legit-portal-service-1374.com
29,29,0,1,3,0,4,0,0,0.41025641025641024,0.509323116219668,0,-1,-1,legit-portal-service-4730.com
29,29,0,1,3,0,4,0,0,0.41025641025641024,0.509323116219668,0,-1,-1,legit-portal-service-3376.com
29,29,0,1,3,0,4,0,0,0.41025641025641024,0.509323116219668,0,-1,-1,legit-portal-service-1507.com
27,27,0,1,3,0,2,0,0,0.43243243243243246,0.5308641975308642,0,-1,-1,legit-portal-service-74.com
27,27,0,1,3,0,2,0,0,0.43243243243243246,0.5308641975308642,0,-1,-1,legit-portal-service-60.com
28,28,0,1,3,0,3,0,0,0.42105263157894735,0.5113756613756614,0,-1,-1,legit-portal-service-727.com
29,29,0,1,3,0,4,0,0,0.41025641025641024,0.509323116219668,0,-1,-1,legit-portal-service-2610.com
29,29,0,1,3,0,4,0,0,0.41025641025641024,0.509323116219668,0,-1,-1,legit-portal-service-2502.com
29,29,0,1,3,0,4,0,0,0.41025641025641024,0.509323116219668,0,-1,-1,legit-portal-service-1092.com
29,29,0,1,3,0,4,0,0,0.41025641025641024,0.509323116219668,0,-1,-1,legit-portal-service-3196.com
29,29,0,1,3,0,4,0,0,0.41025641025641024,0.509323116219668,0,-1,-1,legit-portal-service-4594.com
28,28,0,1,3,0,3,0,0,0.42105263157894735,0.5113756613756614,0,-1,-1,legit-portal-service-289.com
29,29,0,1,3,0,4,0,0,0.41025641025641024,0.509323116219668,0,-1,-1,legit-portal-service-4127.com
29,29,0,1,3,0,4,0,0,0.41025641025641024,0.509323116219668,0,-1,-1,legit-portal-service-1075.com
29,29,0,1,3,0,4,0,0,0.41025641025641024,0.509323116219668,0,-1,-1,legit-portal-service-4614.com
28,28,0,1,3,0,3,0,0,0.42105263157894735,0.5113756613756614,0,-1,-1,legit-portal-service-179.com
29,29,0,1,3,0,4,0,0,0.41025641025641024,0.509323116219668,0,-1,-1,legit-portal-service-2466.com
29,29,0,1,3,0,4,0,0,0.41025641025641024,0.509323116219668,0,-1,-1,legit-portal-service-3171.com
28,28,0,1,3,0,3,0,0,0.42105263157894735,0.5113756613756614,0,-1,-1,legit-portal-service-804.com
29,29,0,1,3,0,4,0,0,0.41025641025641024,0.509323116219668,0,-1,-1,legit-portal-service-3818.com
28,28,0,1,3,0,3,0,0,0.42105263157894735,0.5113756613756614,0,-1,-1,legit-portal-service-177.com
29,29,0,1,3,0,4,0,0,0.41025641025641024,0.509323116219668,0,-1,-1,legit-portal-service-3797.com
29,29,0,1,3,0,4,0,0,0.41025641025641024,0.509323116219668,0,-1,-1,legit-portal-service-3221.com
29,29,0,1,3,0,4,0,0,0.41025641025641024,0.509323116219668,0,-1,-1,legit-portal-service-3162.com
29,29,0,1,3,0,4,0,0,0.41025641025641024,0.509323116219668,0,-1,-1,legit-portal-service-3791.com
29,29,0,1,3,0,4,0,0,0.41025641025641024,0.509323116219668,0,-1,-1,legit-portal-service-2368.com
12,12,0,1,0,0,0,0,0,0.2857142857142857,0.5092592592592592,0,-1,-1,stanford.edu
29,29,0,1,3,0,4,0,0,0.41025641025641024,0.509323116219668,0,-1,-1,legit-portal-service-3099.com
29,29,0,1,3,0,4,0,0,0.41025641025641024,0.509323116219668,0,-1,-1,legit-portal-service-3877.com
29,29,0,1,3,0,4,0,0,0.41025641025641024,0.509323116219668,0,-1,-1,legit-portal-service-2134.com
29,29,0,1,3,0,4,0,0,0.41025641025641024,0.509323116219668,0,-1,-1,legit-portal-service-1195.com
28,28,0,1,3,0,3,0,0,0.42105263157894735,0.5113756613756614,0,-1,-1,legit-portal-service-204.com
29,29,0,1,3,0,4,0,0,0.41025641025641024,0.509323116219668,0,-1,-1,legit-portal-service-3664.com
29,29,0,1,3,0,4,0,0,0.41025641025641024,0.509323116219668,0,-1,-1,legit-portal-service-4671.com
28,28,0,1,3,0,3,0,0,0.42105263157894735,0.5113756613756614,0,-1,-1,legit-portal-service-557.com
29,29,0,1,3,0,4,0,0,0.41025641025641024,0.509323116219668,0,-1,-1,legit-portal-service-1128.com
29,29,0,1,3,0,4,0,0,0.41025641025641024,0.509323116219668,0,-1,-1,legit-portal-service-1202.com
28,28,0,1,3,0,3,0,0,0.42105263157894735,0.5113756613756614,0,-1,-1,legit-portal-service-622.com
28,28,0,1,3,0,3,0,0,0.42105263157894735,0.5113756613756614,0,-1,-1,legit-portal-service-596.com
29,29,0,1,3,0,4,0,0,0.41025641025641024,0.509323116219668,0,-1,-1,legit-portal-service-1521.com
27,27,0,1,3,0,2,0,0,0.43243243243243246,0.5308641975308642,0,-1,-1,legit-portal-service-31.com
29,29,0,1,3,0,4,0,0,0.41025641025641024,0.509323116219668,0,-1,-1,legit-portal-service-1123.com
29,29,0,1,3,0,4,0,0,0.41025641025641024,0.509323116219668,0,-1,-1,legit-portal-service-2198.com
29,29,0,1,3,0,4,0,0,0.41025641025641024,0.509323116219668,0,-1,-1,legit-portal-service-4805.com
27,27,0,1,3,0,2,0,0,0.43243243243243246,0.5308641975308642,0,-1,-1,legit-portal-service-13.com
29,29,0,1,3,0,4,0,0,0.41025641025641024,0.509323116219668,0,-1,-1,legit-portal-service-2814.com
29,29,0,1,3,0,4,0,0,0.41025641025641024,0.509323116219668,0,-1,-1,legit-portal-service-2773.com
29,29,0,1,3,0,4,0,0,0.41025641025641024,0.509323116219668,0,-1,-1,legit-portal-service-4349.com
29,29,0,1,3,0,4,0,0,0.41025641025641024,0.509323116219668,0,-1,-1,legit-portal-service-1839.com
29,29,0,1,3,0,4,0,0,0.41025641025641024,0.509323116219668,0,-1,-1,legit-portal-service-2803.com
28,28,0,1,3,0,3,0,0,0.42105263157894735,0.5113756613756614,0,-1,-1,legit-portal-service-264.com
29,29,0,1,3,0,4,0,0,0.41025641025641024,0.509323116219668,0,-1,-1,legit-portal-service-4128.com
29,29,0,1,3,0,4,0,0,0.41025641025641024,0.509323116219668,0,-1,-1,legit-portal-service-1698.com
29,29,0,1,3,0,4,0,0,0.41025641025641024,0.509323116219668,0,-1,-1,legit-portal-service-4065.com
29,29,0,1,3,0,4,0,0,0.41025641025641024,0.509323116219668,0,-1,-1,legit-portal-service-2228.com
29,29,0,1,3,0,4,0,0,0.41025641025641024,0.509323116219668,0,-1,-1,legit-portal-service-3795.com
29,29,0,1,3,0,4,0,0,0.41025641025641024,0.509323116219668,0,-1,-1,legit-portal-service-1592.com
28,28,0,1,3,0,3,0,0,0.42105263157894735,0.5113756613756614,0,-1,-1,legit-portal-service-905.com
29,29,0,1,3,0,4,0,0,0.41025641025641024,0.509323116219668,0,-1,-1,legit-portal-service-1481.com
28,28,0,1,3,0,3,0,0,0.42105263157894735,0.5113756613756614,0,-1,-1,legit-portal-service-605.com
27,27,0,1,3,0,2,0,0,0.43243243243243246,0.5308641975308642,0,-1,-1,legit-portal-service-81.com
29,29,0,1,3,0,4,0,0,0.41025641025641024,0.509323116219668,0,-1,-1,legit-portal-service-2509.com
28,28,0,1,3,0,3,0,0,0.42105263157894735,0.5113756613756614,0,-1,-1,legit-portal-service-697.com
29,29,0,1,3,0,4,0,0,0.41025641025641024,0.509323116219668,0,-1,-1,legit-portal-service-2903.com
29,29,0,1,3,0,4,0,0,0.41025641025641024,0.509323116219668,0,-1,-1,legit-portal-service-3966.com
29,29,0,1,3,0,4,0,0,0.41025641025641024,0.509323116219668,0,-1,-1,legit-portal-service-1827.com
29,29,0,1,3,0,4,0,0,0.41025641025641024,0.509323116219668,0,-1,-1,legit-portal-service-2375.com
29,29,0,1,3,0,4,0,0,0.41025641025641024,0.509323116219668,0,-1,-1,legit-portal-service-2945.com
29,29,0,1,3,0,4,0,0,0.41025641025641024,0.509323116219668,0,-1,-1,legit-portal-service-2849.com
27,27,0,1,3,0,2,0,0,0.43243243243243246,0.5308641975308642,0,-1,-1,legit-portal-service-65.com
29,29,0,1,3,0,4,0,0,0.41025641025641024,0.509323116219668,0,-1,-1,legit-portal-service-3442.com
29,29,0,1,3,0,4,0,0,0.41025641025641024,0.509323116219668,0,-1,-1,legit-portal-service-4361.com
29,29,0,1,3,0,4,0,0,0.41025641025641024,0.509323116219668,0,-1,-1,legit-portal-service-2211.com
28,28,0,1,3,0,3,0,0,0.42105263157894735,0.5113756613756614,0,-1,-1,legit-portal-service-812.com
29,29,0,1,3,0,4,0,0,0.41025641025641024,0.509323116219668,0,-1,-1,legit-portal-service-3958.com
29,29,0,1,3,0,4,0,0,0.41025641025641024,0.509323116219668,0,-1,-1,legit-portal-service-3391.com
29,29,0,1,3,0,4,0,0,0.41025641025641024,0.509323116219668,0,-1,-1,legit-portal-service-4636.com
29,29,0,1,3,0,4,0,0,0.41025641025641024,0.509323116219668,0,-1,-1,legit-portal-service-3837.com
29,29,0,1,3,0,4,0,0,0.41025641025641024,0.509323116219668,0,-1,-1,legit-portal-service-1737.com
29,29,0,1,3,0,4,0,0,0.41025641025641024,0.509323116219668,0,-1,-1,legit-portal-service-1093.com
29,29,0,1,3,0,4,0,0,0.41025641025641024,0.509323116219668,0,-1,-1,legit-portal-service-2534.com
29,29,0,1,3,0,4,0,0,0.41025641025641024,0.509323116219668,0,-1,-1,legit-portal-service-2125.com
29,29,0,1,3,0,4,0,0,0.41025641025641024,0.509323116219668,0,-1,-1,legit-portal-service-4952.com
29,29,0,1,3,0,4,0,0,0.41025641025641024,0.509323116219668,0,-1,-1,legit-portal-service-3495.com
29,29,0,1,3,0,4,0,0,0.41025641025641024,0.509323116219668,0,-1,-1,legit-portal-service-4994.com
29,29,0,1,3,0,4,0,0,0.41025641025641024,0.509323116219668,0,-1,-1,legit-portal-service-4322.com
29,29,0,1,3,0,4,0,0,0.41025641025641024,0.509323116219668,0,-1,-1,legit-portal-service-1030.com
29,29,0,1,3,0,4,0,0,0.41025641025641024,0.509323116219668,0,-1,-1,legit-portal-service-3666.com
29,29,0,1,3,0,4,0,0,0.41025641025641024,0.509323116219668,0,-1,-1,legit-portal-service-1941.com
29,29,0,1,3,0,4,0,0,0.41025641025641024,0.509323116219668,0,-1,-1,legit-portal-service-4874.com
29,29,0,1,3,0,4,0,0,0.41025641025641024,0.509323116219668,0,-1,-1,legit-portal-service-4505.com
29,29,0,1,3,0,4,0,0,0.41025641025641024,0.509323116219668,0,-1,-1,legit-portal-service-3570.com
29,29,0,1,3,0,4,0,0,0.41025641025641024,0.509323116219668,0,-1,-1,legit-portal-service-3157.com
28,28,0,1,3,0,3,0,0,0.42105263157894735,0.5113756613756614,0,-1,-1,legit-portal-service-132.com
29,29,0,1,3,0,4,0,0,0.41025641025641024,0.509323116219668,0,-1,-1,legit-portal-service-1979.com
29,29,0,1,3,0,4,0,0,0.41025641025641024,0.509323116219668,0,-1,-1,legit-portal-service-3204.com
29,29,0,1,3,0,4,0,0,0.41025641025641024,0.509323116219668,0,-1,-1,legit-portal-service-3531.com
28,28,0,1,3,0,3,0,0,0.42105263157894735,0.5113756613756614,0,-1,-1,legit-portal-service-729.com
29,29,0,1,3,0,4,0,0,0.41025641025641024,0.509323116219668,0,-1,-1,legit-portal-service-3794.com
29,29,0,1,3,0,4,0,0,0.41025641025641024,0.509323116219668,0,-1,-1,legit-portal-service-4289.com
29,29,0,1,3,0,4,0,0,0.41025641025641024,0.509323116219668,0,-1,-1,legit-portal-service-4024.com
29,29,0,1,3,0,4,0,0,0.41025641025641024,0.509323116219668,0,-1,-1,legit-portal-service-3042.com
29,29,0,1,3,0,4,0,0,0.41025641025641024,0.509323116219668,0,-1,-1,legit-portal-service-1470.com
29,29,0,1,3,0,4,0,0,0.41025641025641024,0.509323116219668,0,-1,-1,legit-portal-service-4162.com
28,28,0,1,3,0,3,0,0,0.42105263157894735,0.5113756613756614,0,-1,-1,legit-portal-service-849.com
29,29,0,1,3,0,4,0,0,0.41025641025641024,0.509323116219668,0,-1,-1,legit-portal-service-3543.com
28,28,0,1,3,0,3,0,0,0.42105263157894735,0.5113756613756614,0,-1,-1,legit-portal-service-732.com
9,9,0,1,0,0,0,0,0,0.5263157894736843,0.6851851851851851,0,-1,-1,fedex.com
28,28,0,1,3,0,3,0,0,0.42105263157894735,0.5113756613756614,0,-1,-1,legit-portal-service-542.com
29,29,0,1,3,0,4,0,0,0.41025641025641024,0.509323116219668,0,-1,-1,legit-portal-service-2197.com
28,28,0,1,3,0,3,0,0,0.42105263157894735,0.5113756613756614,0,-1,-1,legit-portal-service-698.com
29,29,0,1,3,0,4,0,0,0.41025641025641024,0.509323116219668,0,-1,-1,legit-portal-service-4259.com
29,29,0,1,3,0,4,0,0,0.41025641025641024,0.509323116219668,0,-1,-1,legit-portal-service-1126.com
29,29,0,1,3,0,4,0,0,0.41025641025641024,0.509323116219668,0,-1,-1,legit-portal-service-4674.com
29,29,0,1,3,0,4,0,0,0.41025641025641024,0.509323116219668,0,-1,-1,legit-portal-service-1611.com
29,29,0,1,3,0,4,0,0,0.41025641025641024,0.509323116219668,0,-1,-1,legit-portal-service-2222.com
29,29,0,1,3,0,4,0,0,0.41025641025641024,0.509323116219668,0,-1,-1,legit-portal-service-3452.com
29,29,0,1,3,0,4,0,0,0.41025641025641024,0.509323116219668,0,-1,-1,legit-portal-service-2531.com
29,29,0,1,3,0,4,0,0,0.41025641025641024,0.509323116219668,0,-1,-1,legit-portal-service-1366.com
29,29,0,1,3,0,4,0,0,0.41025641025641024,0.509323116219668,0,-1,-1,legit-portal-service-4821.com
29,29,0,1,3,0,4,0,0,0.41025641025641024,0.509323116219668,0,-1,-1,legit-portal-service-3010.com
29,29,0,1,3,0,4,0,0,0.41025641025641024,0.509323116219668,0,-1,-1,legit-portal-service-2191.com
28,28,0,1,3,0,3,0,0,0.42105263157894735,0.5113756613756614,0,-1,-1,legit-portal-service-347.com
28,28,0,1,3,0,3,0,0,0.42105263157894735,0.5113756613756614,0,-1,-1,legit-portal-service-422.com
29,29,0,1,3,0,4,0,0,0.41025641025641024,0.509323116219668,0,-1,-1,legit-portal-service-3852.com
29,29,0,1,3,0,4,0,0,0.41025641025641024,0.509323116219668,0,-1,-1,legit-portal-service-4436.com
29,29,0,1,3,0,4,0,0,0.41025641025641024,0.509323116219668,0,-1,-1,legit-portal-service-1831.com
29,29,0,1,3,0,4,0,0,0.41025641025641024,0.509323116219668,0,-1,-1,legit-portal-service-4875.com
28,28,0,1,3,0,3,0,0,0.42105263157894735,0.5113756613756614,0,-1,-1,legit-portal-service-935.com
29,29,0,1,3,0,4,0,0,0.41025641025641024,0.509323116219668,0,-1,-1,legit-portal-service-4812.com
29,29,0,1,3,0,4,0,0,0.41025641025641024,0.509323116219668,0,-1,-1,legit-portal-service-3740.com
8,8,0,1,0,0,0,0,0,0.4444444444444444,0.6333333333333333,0,-1,-1,nasa.gov
29,29,0,1,3,0,4,0,0,0.41025641025641024,0.509323116219668,0,-1,-1,legit-portal-service-3792.com
28,28,0,1,3,0,3,0,0,0.42105263157894735,0.5113756613756614,0,-1,-1,legit-portal-service-837.com
29,29,0,1,3,0,4,0,0,0.41025641025641024,0.509323116219668,0,-1,-1,legit-portal-service-3924.com
28,28,0,1,3,0,3,0,0,0.42105263157894735,0.5113756613756614,0,-1,-1,legit-portal-service-775.com
29,29,0,1,3,0,4,0,0,0.41025641025641024,0.509323116219668,0,-1,-1,legit-portal-service-2918.com
29,29,0,1,3,0,4,0,0,0.41025641025641024,0.509323116219668,0,-1,-1,legit-portal-service-1887.com
29,29,0,1,3,0,4,0,0,0.41025641025641024,0.509323116219668,0,-1,-1,legit-portal-service-3986.com
29,29,0,1,3,0,4,0,0,0.41025641025641024,0.509323116219668,0,-1,-1,legit-portal-service-4298.com
27,27,0,1,3,0,2,0,0,0.43243243243243246,0.5308641975308642,0,-1,-1,legit-portal-service-80.com
29,29,0,1,3,0,4,0,0,0.41025641025641024,0.509323116219668,0,-1,-1,legit-portal-service-4593.com
29,29,0,1,3,0,4,0,0,0.41025641025641024,0.509323116219668,0,-1,-1,legit-portal-service-2397.com
28,28,0,1,3,0,3,0,0,0.42105263157894735,0.5113756613756614,0,-1,-1,legit-portal-service-412.com
29,29,0,1,3,0,4,0,0,0.41025641025641024,0.509323116219668,0,-1,-1,legit-portal-service-3745.com
29,29,0,1,3,0,4,0,0,0.41025641025641024,0.509323116219668,0,-1,-1,legit-portal-service-3629.com
29,29,0,1,3,0,4,0,0,0.41025641025641024,0.509323116219668,0,-1,-1,legit-portal-service-3738.com
29,29,0,1,3,0,4,0,0,0.41025641025641024,0.509323116219668,0,-1,-1,legit-portal-service-3043.com
29,29,0,1,3,0,4,0,0,0.41025641025641024,0.509323116219668,0,-1,-1,legit-portal-service-1352.com
29,29,0,1,3,0,4,0,0,0.41025641025641024,0.509323116219668,0,-1,-1,legit-portal-service-4121.com
29,29,0,1,3,0,4,0,0,0.41025641025641024,0.509323116219668,0,-1,-1,legit-portal-service-2441.com
29,29,0,1,3,0,4,0,0,0.41025641025641024,0.509323116219668,0,-1,-1,legit-portal-service-2800.com
29,29,0,1,3,0,4,0,0,0.41025641025641024,0.509323116219668,0,-1,-1,legit-portal-service-1642.com
29,29,0,1,3,0,4,0,0,0.41025641025641024,0.509323116219668,0,-1,-1,legit-portal-service-1553.com
28,28,0,1,3,0,3,0,0,0.42105263157894735,0.5113756613756614,0,-1,-1,legit-portal-service-354.com
29,29,0,1,3,0,4,0,0,0.41025641025641024,0.509323116219668,0,-1,-1,legit-portal-service-2296.com
28,28,0,1,3,0,3,0,0,0.42105263157894735,0.5113756613756614,0,-1,-1,legit-portal-service-342.com
29,29,0,1,3,0,4,0,0,0.41025641025641024,0.509323116219668,0,-1,-1,legit-portal-service-2357.com
29,29,0,1,3,0,4,0,0,0.41025641025641024,0.509323116219668,0,-1,-1,legit-portal-service-2659.com
29,29,0,1,3,0,4,0,0,0.41025641025641024,0.509323116219668,0,-1,-1,legit-portal-service-2791.com
28,28,0,1,3,0,3,0,0,0.42105263157894735,0.5113756613756614,0,-1,-1,legit-portal-service-738.com
28,28,0,1,3,0,3,0,0,0.42105263157894735,0.5113756613756614,0,-1,-1,legit-portal-service-917.com
29,29,0,1,3,0,4,0,0,0.41025641025641024,0.509323116219668,0,-1,-1,legit-portal-service-1727.com
29,29,0,1,3,0,4,0,0,0.41025641025641024,0.509323116219668,0,-1,-1,legit-portal-service-4598.com
29,29,0,1,3,0,4,0,0,0.41025641025641024,0.509323116219668,0,-1,-1,legit-portal-service-1795.com
29,29,0,1,3,0,4,0,0,0.41025641025641024,0.509323116219668,0,-1,-1,legit-portal-service-3557.com
29,29,0,1,3,0,4,0,0,0.41025641025641024,0.509323116219668,0,-1,-1,legit-portal-service-1873.com
28,28,0,1,3,0,3,0,0,0.42105263157894735,0.5113756613756614,0,-1,-1,legit-portal-service-279.com
29,29,0,1,3,0,4,0,0,0.41025641025641024,0.509323116219668,0,-1,-1,legit-portal-service-3897.com
29,29,0,1,3,0,4,0,0,0.41025641025641024,0.509323116219668,0,-1,-1,legit-portal-service-2128.com
28,28,0,1,3,0,3,0,0,0.42105263157894735,0.5113756613756614,0,-1,-1,legit-portal-service-332.com
29,29,0,1,3,0,4,0,0,0.41025641025641024,0.509323116219668,0,-1,-1,legit-portal-service-1747.com
28,28,0,1,3,0,3,0,0,0.42105263157894735,0.5113756613756614,0,-1,-1,legit-portal-service-215.com
29,29,0,1,3,0,4,0,0,0.41025641025641024,0.509323116219668,0,-1,-1,legit-portal-service-1917.com
29,29,0,1,3,0,4,0,0,0.41025641025641024,0.509323116219668,0,-1,-1,legit-portal-service-4653.com
29,29,0,1,3,0,4,0,0,0.41025641025641024,0.509323116219668,0,-1,-1,legit-portal-service-1686.com
28,28,0,1,3,0,3,0,0,0.42105263157894735,0.5113756613756614,0,-1,-1,legit-portal-service-865.com
29,29,0,1,3,0,4,0,0,0.41025641025641024,0.509323116219668,0,-1,-1,legit-portal-service-4067.com
29,29,0,1,3,0,4,0,0,0.41025641025641024,0.509323116219668,0,-1,-1,legit-portal-service-4982.com
29,29,0,1,3,0,4,0,0,0.41025641025641024,0.509323116219668,0,-1,-1,legit-portal-service-4392.com
29,29,0,1,3,0,4,0,0,0.41025641025641024,0.509323116219668,0,-1,-1,legit-portal-service-1329.com
27,27,0,1,3,0,2,0,0,0.43243243243243246,0.5308641975308642,0,-1,-1,legit-portal-service-30.com
29,29,0,1,3,0,4,0,0,0.41025641025641024,0.509323116219668,0,-1,-1,legit-portal-service-2404.com
28,28,0,1,3,0,3,0,0,0.42105263157894735,0.5113756613756614,0,-1,-1,legit-portal-service-938.com
29,29,0,1,3,0,4,0,0,0.41025641025641024,0.509323116219668,0,-1,-1,legit-portal-service-1643.com
29,29,0,1,3,0,4,0,0,0.41025641025641024,0.509323116219668,0,-1,-1,legit-portal-service-3274.com
29,29,0,1,3,0,4,0,0,0.41025641025641024,0.509323116219668,0,-1,-1,legit-portal-service-1612.com
29,29,0,1,3,0,4,0,0,0.41025641025641024,0.509323116219668,0,-1,-1,legit-portal-service-3546.com
29,29,0,1,3,0,4,0,0,0.41025641025641024,0.509323116219668,0,-1,-1,legit-portal-service-3269.com
12,12,0,1,0,0,0,0,0,0.56,0.7072649572649573,0,-1,-1,facebook.com
29,29,0,1,3,0,4,0,0,0.41025641025641024,0.509323116219668,0,-1,-1,legit-portal-service-1677.com
29,29,0,1,3,0,4,0,0,0.41025641025641024,0.509323116219668,0,-1,-1,legit-portal-service-2286.com
10,10,0,1,0,0,0,0,0,0.5217391304347826,0.6316239316239316,0,-1,-1,medium.com
28,28,0,1,3,0,3,0,0,0.42105263157894735,0.5113756613756614,0,-1,-1,legit-portal-service-251.com
29,29,0,1,3,0,4,0,0,0.41025641025641024,0.509323116219668,0,-1,-1,legit-portal-service-4348.com
29,29,0,1,3,0,4,0,0,0.41025641025641024,0.509323116219668,0,-1,-1,legit-portal-service-1380.com
28,28,0,1,3,0,3,0,0,0.42105263157894735,0.5113756613756614,0,-1,-1,legit-portal-service-328.com
29,29,0,1,3,0,4,0,0,0.41025641025641024,0.509323116219668,0,-1,-1,legit-portal-service-1793.com
29,29,0,1,3,0,4,0,0,0.41025641025641024,0.509323116219668,0,-1,-1,legit-portal-service-2926.com
28,28,0,1,3,0,3,0,0,0.42105263157894735,0.5113756613756614,0,-1,-1,legit-portal-service-484.com
29,29,0,1,3,0,4,0,0,0.41025641025641024,0.509323116219668,0,-1,-1,legit-portal-service-3884.com
29,29,0,1,3,0,4,0,0,0.41025641025641024,0.509323116219668,0,-1,-1,legit-portal-service-2854.com
29,29,0,1,3,0,4,0,0,0.41025641025641024,0.509323116219668,0,-1,-1,legit-portal-service-4354.com
28,28,0,1,3,0,3,0,0,0.42105263157894735,0.5113756613756614,0,-1,-1,legit-portal-service-709.com
29,29,0,1,3,0,4,0,0,0.41025641025641024,0.509323116219668,0,-1,-1,legit-portal-service-3017.com
29,29,0,1,3,0,4,0,0,0.41025641025641024,0.509323116219668,0,-1,-1,legit-portal-service-4894.com
29,29,0,1,3,0,4,0,0,0.41025641025641024,0.509323116219668,0,-1,-1,legit-portal-service-1296.com
28,28,0,1,3,0,3,0,0,0.42105263157894735,0.5113756613756614,0,-1,-1,legit-portal-service-880.com
29,29,0,1,3,0,4,0,0,0.41025641025641024,0.509323116219668,0,-1,-1,legit-portal-service-4187.com
29,29,0,1,3,0,4,0,0,0.41025641025641024,0.509323116219668,0,-1,-1,legit-portal-service-3872.com
29,29,0,1,3,0,4,0,0,0.41025641025641024,0.509323116219668,0,-1,-1,legit-portal-service-1345.com
29,29,0,1,3,0,4,0,0,0.41025641025641024,0.509323116219668,0,-1,-1,legit-portal-service-2640.com
29,29,0,1,3,0,4,0,0,0.41025641025641024,0.509323116219668,0,-1,-1,legit-portal-service-2963.com
29,29,0,1,3,0,4,0,0,0.41025641025641024,0.509323116219668,0,-1,-1,legit-portal-service-1324.com
11,11,0,1,0,0,0,0,0,0.2857142857142857,0.5242424242424243,0,-1,-1,weather.gov
28,28,0,1,3,0,3,0,0,0.42105263157894735,0.5113756613756614,0,-1,-1,legit-portal-service-107.com
29,29,0,1,3,0,4,0,0,0.41025641025641024,0.509323116219668,0,-1,-1,legit-portal-service-3203.com
29,29,0,1,3,0,4,0,0,0.41025641025641024,0.509323116219668,0,-1,-1,legit-portal-service-1729.com
29,29,0,1,3,0,4,0,0,0.41025641025641024,0.509323116219668,0,-1,-1,legit-portal-service-3653.com
29,29,0,1,3,0,4,0,0,0.41025641025641024,0.509323116219668,0,-1,-1,legit-portal-service-1235.com
29,29,0,1,3,0,4,0,0,0.41025641025641024,0.509323116219668,0,-1,-1,legit-portal-service-1735.com
29,29,0,1,3,0,4,0,0,0.41025641025641024,0.509323116219668,0,-1,-1,legit-portal-service-1486.com
29,29,0,1,3,0,4,0,0,0.41025641025641024,0.509323116219668,0,-1,-1,legit-portal-service-3652.com
29,29,0,1,3,0,4,0,0,0.41025641025641024,0.509323116219668,0,-1,-1,legit-portal-service-4903.com
28,28,0,1,3,0,3,0,0,0.42105263157894735,0.5113756613756614,0,-1,-1,legit-portal-service-531.com
28,28,0,1,3,0,3,0,0,0.42105263157894735,0.5113756613756614,0,-1,-1,legit-portal-service-368.com
29,29,0,1,3,0,4,0,0,0.41025641025641024,0.509323116219668,0,-1,-1,legit-portal-service-2513.com
29,29,0,1,3,0,4,0,0,0.41025641025641024,0.509323116219668,0,-1,-1,legit-portal-service-3475.com
29,29,0,1,3,0,4,0,0,0.41025641025641024,0.509323116219668,0,-1,-1,legit-portal-service-1655.com
29,29,0,1,3,0,4,0,0,0.41025641025641024,0.509323116219668,0,-1,-1,legit-portal-service-3189.com
29,29,0,1,3,0,4,0,0,0.41025641025641024,0.509323116219668,0,-1,-1,legit-portal-service-2073.com
29,29,0,1,3,0,4,0,0,0.41025641025641024,0.509323116219668,0,-1,-1,legit-portal-service-1114.com
28,28,0,1,3,0,3,0,0,0.42105263157894735,0.5113756613756614,0,-1,-1,legit-portal-service-283.com
29,29,0,1,3,0,4,0,0,0.41025641025641024,0.509323116219668,0,-1,-1,legit-portal-service-3634.com
29,29,0,1,3,0,4,0,0,0.41025641025641024,0.509323116219668,0,-1,-1,legit-portal-service-3349.com
28,28,0,1,3,0,3,0,0,0.42105263157894735,0.5113756613756614,0,-1,-1,legit-portal-service-273.com
28,28,0,1,3,0,3,0,0,0.42105263157894735,0.5113756613756614,0,-1,-1,legit-portal-service-715.com
29,29,0,1,3,0,4,0,0,0.41025641025641024,0.509323116219668,0,-1,-1,legit-portal-service-2250.com
29,29,0,1,3,0,4,0,0,0.41025641025641024,0.509323116219668,0,-1,-1,legit-portal-service-3351.com
29,29,0,1,3,0,4,0,0,0.41025641025641024,0.509323116219668,0,-1,-1,legit-portal-service-4744.com
29,29,0,1,3,0,4,0,0,0.41025641025641024,0.509323116219668,0,-1,-1,legit-portal-service-2870.com
28,28,0,1,3,0,3,0,0,0.42105263157894735,0.5113756613756614,0,-1,-1,legit-portal-service-881.com
29,29,0,1,3,0,4,0,0,0.41025641025641024,0.509323116219668,0,-1,-1,legit-portal-service-4188.com
29,29,0,1,3,0,4,0,0,0.41025641025641024,0.509323116219668,0,-1,-1,legit-portal-service-2439.com
29,29,0,1,3,0,4,0,0,0.41025641025641024,0.509323116219668,0,-1,-1,legit-portal-service-1862.com
29,29,0,1,3,0,4,0,0,0.41025641025641024,0.509323116219668,0,-1,-1,legit-portal-service-1591.com
28,28,0,1,3,0,3,0,0,0.42105263157894735,0.5113756613756614,0,-1,-1,legit-portal-service-863.com
29,29,0,1,3,0,4,0,0,0.41025641025641024,0.509323116219668,0,-1,-1,legit-portal-service-3100.com
29,29,0,1,3,0,4,0,0,0.41025641025641024,0.509323116219668,0,-1,-1,legit-portal-service-4531.com
28,28,0,1,3,0,3,0,0,0.42105263157894735,0.5113756613756614,0,-1,-1,legit-portal-service-944.com
29,29,0,1,3,0,4,0,0,0.41025641025641024,0.509323116219668,0,-1,-1,legit-portal-service-4570.com
29,29,0,1,3,0,4,0,0,0.41025641025641024,0.509323116219668,0,-1,-1,legit-portal-service-1880.com
29,29,0,1,3,0,4,0,0,0.41025641025641024,0.509323116219668,0,-1,-1,legit-portal-service-2806.com
29,29,0,1,3,0,4,0,0,0.41025641025641024,0.509323116219668,0,-1,-1,legit-portal-service-3994.com
28,28,0,1,3,0,3,0,0,0.42105263157894735,0.5113756613756614,0,-1,-1,legit-portal-service-535.com
29,29,0,1,3,0,4,0,0,0.41025641025641024,0.509323116219668,0,-1,-1,legit-portal-service-3577.com
29,29,0,1,3,0,4,0,0,0.41025641025641024,0.509323116219668,0,-1,-1,legit-portal-service-4367.com
15,15,0,1,0,0,0,0,0,0.48,0.6666666666666666,0,-1,-1,theguardian.com
29,29,0,1,3,0,4,0,0,0.41025641025641024,0.509323116219668,0,-1,-1,legit-portal-service-1423.com
29,29,0,1,3,0,4,0,0,0.41025641025641024,0.509323116219668,0,-1,-1,legit-portal-service-4343.com
29,29,0,1,3,0,4,0,0,0.41025641025641024,0.509323116219668,0,-1,-1,legit-portal-service-4672.com
29,29,0,1,3,0,4,0,0,0.41025641025641024,0.509323116219668,0,-1,-1,legit-portal-service-4978.com
29,29,0,1,3,0,4,0,0,0.41025641025641024,0.509323116219668,0,-1,-1,legit-portal-service-1421.com
29,29,0,1,3,0,4,0,0,0.41025641025641024,0.509323116219668,0,-1,-1,legit-portal-service-1163.com
29,29,0,1,3,0,4,0,0,0.41025641025641024,0.509323116219668,0,-1,-1,legit-portal-service-1047.com
29,29,0,1,3,0,4,0,0,0.41025641025641024,0.509323116219668,0,-1,-1,legit-portal-service-3161.com
29,29,0,1,3,0,4,0,0,0.41025641025641024,0.509323116219668,0,-1,-1,legit-portal-service-4351.com
29,29,0,1,3,0,4,0,0,0.41025641025641024,0.509323116219668,0,-1,-1,legit-portal-service-4069.com
29,29,0,1,3,0,4,0,0,0.41025641025641024,0.509323116219668,0,-1,-1,legit-portal-service-1936.com
29,29,0,1,3,0,4,0,0,0.41025641025641024,0.509323116219668,0,-1,-1,legit-portal-service-2562.com
27,27,0,1,3,0,2,0,0,0.43243243243243246,0.5308641975308642,0,-1,-1,legit-portal-service-58.com
29,29,0,1,3,0,4,0,0,0.41025641025641024,0.509323116219668,0,-1,-1,legit-portal-service-3284.com
29,29,0,1,3,0,4,0,0,0.41025641025641024,0.509323116219668,0,-1,-1,legit-portal-service-3220.com
29,29,0,1,3,0,4,0,0,0.41025641025641024,0.509323116219668,0,-1,-1,legit-portal-service-1593.com
29,29,0,1,3,0,4,0,0,0.41025641025641024,0.509323116219668,0,-1,-1,legit-portal-service-4210.com
29,29,0,1,3,0,4,0,0,0.41025641025641024,0.509323116219668,0,-1,-1,legit-portal-service-2809.com
29,29,0,1,3,0,4,0,0,0.41025641025641024,0.509323116219668,0,-1,-1,legit-portal-service-1838.com
29,29,0,1,3,0,4,0,0,0.41025641025641024,0.509323116219668,0,-1,-1,legit-portal-service-3646.com
28,28,0,1,3,0,3,0,0,0.42105263157894735,0.5113756613756614,0,-1,-1,legit-portal-service-575.com
29,29,0,1,3,0,4,0,0,0.41025641025641024,0.509323116219668,0,-1,-1,legit-portal-service-4471.com
29,29,0,1,3,0,4,0,0,0.41025641025641024,0.509323116219668,0,-1,-1,legit-portal-service-2636.com
29,29,0,1,3,0,4,0,0,0.41025641025641024,0.509323116219668,0,-1,-1,legit-portal-service-3923.com
29,29,0,1,3,0,4,0,0,0.41025641025641024,0.509323116219668,0,-1,-1,legit-portal-service-1488.com
28,28,0,1,3,0,3,0,0,0.42105263157894735,0.5113756613756614,0,-1,-1,legit-portal-service-423.com
29,29,0,1,3,0,4,0,0,0.41025641025641024,0.509323116219668,0,-1,-1,legit-portal-service-2907.com
29,29,0,1,3,0,4,0,0,0.41025641025641024,0.509323116219668,0,-1,-1,legit-portal-service-3494.com
29,29,0,1,3,0,4,0,0,0.41025641025641024,0.509323116219668,0,-1,-1,legit-portal-service-4034.com
29,29,0,1,3,0,4,0,0,0.41025641025641024,0.509323116219668,0,-1,-1,legit-portal-service-4161.com
29,29,0,1,3,0,4,0,0,0.41025641025641024,0.509323116219668,0,-1,-1,legit-portal-service-1815.com
29,29,0,1,3,0,4,0,0,0.41025641025641024,0.509323116219668,0,-1,-1,legit-portal-service-1587.com
29,29,0,1,3,0,4,0,0,0.41025641025641024,0.509323116219668,0,-1,-1,legit-portal-service-3138.com
28,28,0,1,3,0,3,0,0,0.42105263157894735,0.5113756613756614,0,-1,-1,legit-portal-service-489.com
29,29,0,1,3,0,4,0,0,0.41025641025641024,0.509323116219668,0,-1,-1,legit-portal-service-2520.com
29,29,0,1,3,0,4,0,0,0.41025641025641024,0.509323116219668,0,-1,-1,legit-portal-service-1096.com
28,28,0,1,3,0,3,0,0,0.42105263157894735,0.5113756613756614,0,-1,-1,legit-portal-service-549.com
27,27,0,1,3,0,2,0,0,0.43243243243243246,0.5308641975308642,0,-1,-1,legit-portal-service-38.com
29,29,0,1,3,0,4,0,0,0.41025641025641024,0.509323116219668,0,-1,-1,legit-portal-service-2043.com
28,28,0,1,3,0,3,0,0,0.42105263157894735,0.5113756613756614,0,-1,-1,legit-portal-service-573.com
6,6,0,1,0,0,1,0,0,0.25,0.48888888888888893,0,-1,-1,w3.org
29,29,0,1,3,0,4,0,0,0.41025641025641024,0.509323116219668,0,-1,-1,legit-portal-service-1989.com
29,29,0,1,3,0,4,0,0,0.41025641025641024,0.509323116219668,0,-1,-1,legit-portal-service-3728.com
29,29,0,1,3,0,4,0,0,0.41025641025641024,0.509323116219668,0,-1,-1,legit-portal-service-1533.com
29,29,0,1,3,0,4,0,0,0.41025641025641024,0.509323116219668,0,-1,-1,legit-portal-service-1197.com
29,29,0,1,3,0,4,0,0,0.41025641025641024,0.509323116219668,0,-1,-1,legit-portal-service-1866.com
29,29,0,1,3,0,4,0,0,0.41025641025641024,0.509323116219668,0,-1,-1,legit-portal-service-2626.com
29,29,0,1,3,0,4,0,0,0.41025641025641024,0.509323116219668,0,-1,-1,legit-portal-service-4668.com
29,29,0,1,3,0,4,0,0,0.41025641025641024,0.509323116219668,0,-1,-1,legit-portal-service-2465.com
29,29,0,1,3,0,4,0,0,0.41025641025641024,0.509323116219668,0,-1,-1,legit-portal-service-2998.com
29,29,0,1,3,0,4,0,0,0.41025641025641024,0.509323116219668,0,-1,-1,legit-portal-service-4854.com
29,29,0,1,3,0,4,0,0,0.41025641025641024,0.509323116219668,0,-1,-1,legit-portal-service-3489.com
29,29,0,1,3,0,4,0,0,0.41025641025641024,0.509323116219668,0,-1,-1,legit-portal-service-1723.com
27,27,0,1,3,0,2,0,0,0.43243243243243246,0.5308641975308642,0,-1,-1,legit-portal-service-15.com
29,29,0,1,3,0,4,0,0,0.41025641025641024,0.509323116219668,0,-1,-1,legit-portal-service-4592.com
29,29,0,1,3,0,4,0,0,0.41025641025641024,0.509323116219668,0,-1,-1,legit-portal-service-1684.com
29,29,0,1,3,0,4,0,0,0.41025641025641024,0.509323116219668,0,-1,-1,legit-portal-service-3207.com
29,29,0,1,3,0,4,0,0,0.41025641025641024,0.509323116219668,0,-1,-1,legit-portal-service-2455.com
29,29,0,1,3,0,4,0,0,0.41025641025641024,0.509323116219668,0,-1,-1,legit-portal-service-1401.com
29,29,0,1,3,0,4,0,0,0.41025641025641024,0.509323116219668,0,-1,-1,legit-portal-service-4215.com
29,29,0,1,3,0,4,0,0,0.41025641025641024,0.509323116219668,0,-1,-1,legit-portal-service-3752.com
28,28,0,1,3,0,3,0,0,0.42105263157894735,0.5113756613756614,0,-1,-1,legit-portal-service-202.com
29,29,0,1,3,0,4,0,0,0.41025641025641024,0.509323116219668,0,-1,-1,legit-portal-service-1150.com
29,29,0,1,3,0,4,0,0,0.41025641025641024,0.509323116219668,0,-1,-1,legit-portal-service-2015.com
29,29,0,1,3,0,4,0,0,0.41025641025641024,0.509323116219668,0,-1,-1,legit-portal-service-2673.com
28,28,0,1,3,0,3,0,0,0.42105263157894735,0.5113756613756614,0,-1,-1,legit-portal-service-841.com
26,26,0,1,3,0,1,0,0,0.4444444444444444,0.5327635327635328,0,-1,-1,legit-portal-service-6.com
29,29,0,1,3,0,4,0,0,0.41025641025641024,0.509323116219668,0,-1,-1,legit-portal-service-1305.com
28,28,0,1,3,0,3,0,0,0.42105263157894735,0.5113756613756614,0,-1,-1,legit-portal-service-314.com
28,28,0,1,3,0,3,0,0,0.42105263157894735,0.5113756613756614,0,-1,-1,legit-portal-service-825.com
29,29,0,1,3,0,4,0,0,0.41025641025641024,0.509323116219668,0,-1,-1,legit-portal-service-4715.com
29,29,0,1,3,0,4,0,0,0.41025641025641024,0.509323116219668,0,-1,-1,legit-portal-service-3765.com
29,29,0,1,3,0,4,0,0,0.41025641025641024,0.509323116219668,0,-1,-1,legit-portal-service-3280.com
29,29,0,1,3,0,4,0,0,0.41025641025641024,0.509323116219668,0,-1,-1,legit-portal-service-1995.com
29,29,0,1,3,0,4,0,0,0.41025641025641024,0.509323116219668,0,-1,-1,legit-portal-service-4193.com
29,29,0,1,3,0,4,0,0,0.41025641025641024,0.509323116219668,0,-1,-1,legit-portal-service-2131.com
28,28,0,1,3,0,3,0,0,0.42105263157894735,0.5113756613756614,0,-1,-1,legit-portal-service-958.com
29,29,0,1,3,0,4,0,0,0.41025641025641024,0.509323116219668,0,-1,-1,legit-portal-service-2697.com
29,29,0,1,3,0,4,0,0,0.41025641025641024,0.509323116219668,0,-1,-1,legit-portal-service-2868.com
29,29,0,1,3,0,4,0,0,0.41025641025641024,0.509323116219668,0,-1,-1,legit-portal-service-3502.com
28,28,0,1,3,0,3,0,0,0.42105263157894735,0.5113756613756614,0,-1,-1,legit-portal-service-820.com
29,29,0,1,3,0,4,0,0,0.41025641025641024,0.509323116219668,0,-1,-1,legit-portal-service-2281.com
29,29,0,1,3,0,4,0,0,0.41025641025641024,0.509323116219668,0,-1,-1,legit-portal-service-1680.com
29,29,0,1,3,0,4,0,0,0.41025641025641024,0.509323116219668,0,-1,-1,legit-portal-service-4457.com
29,29,0,1,3,0,4,0,0,0.41025641025641024,0.509323116219668,0,-1,-1,legit-portal-service-2722.com
28,28,0,1,3,0,3,0,0,0.42105263157894735,0.5113756613756614,0,-1,-1,legit-portal-service-907.com
29,29,0,1,3,0,4,0,0,0.41025641025641024,0.509323116219668,0,-1,-1,legit-portal-service-4510.com
29,29,0,1,3,0,4,0,0,0.41025641025641024,0.509323116219668,0,-1,-1,legit-portal-service-1985.com
29,29,0,1,3,0,4,0,0,0.41025641025641024,0.509323116219668,0,-1,-1,legit-portal-service-4241.com
28,28,0,1,3,0,3,0,0,0.42105263157894735,0.5113756613756614,0,-1,-1,legit-portal-service-356.com
29,29,0,1,3,0,4,0,0,0.41025641025641024,0.509323116219668,0,-1,-1,legit-portal-service-4938.com
29,29,0,1,3,0,4,0,0,0.41025641025641024,0.509323116219668,0,-1,-1,legit-portal-service-4628.com
28,28,0,1,3,0,3,0,0,0.42105263157894735,0.5113756613756614,0,-1,-1,legit-portal-service-696.com
28,28,0,1,3,0,3,0,0,0.42105263157894735,0.5113756613756614,0,-1,-1,legit-portal-service-719.com
29,29,0,1,3,0,4,0,0,0.41025641025641024,0.509323116219668,0,-1,-1,legit-portal-service-4260.com
29,29,0,1,3,0,4,0,0,0.41025641025641024,0.509323116219668,0,-1,-1,legit-portal-service-2391.com
29,29,0,1,3,0,4,0,0,0.41025641025641024,0.509323116219668,0,-1,-1,legit-portal-service-1436.com
29,29,0,1,3,0,4,0,0,0.41025641025641024,0.509323116219668,0,-1,-1,legit-portal-service-4044.com
29,29,0,1,3,0,4,0,0,0.41025641025641024,0.509323116219668,0,-1,-1,legit-portal-service-4659.com
29,29,0,1,3,0,4,0,0,0.41025641025641024,0.509323116219668,0,-1,-1,legit-portal-service-1220.com
29,29,0,1,3,0,4,0,0,0.41025641025641024,0.509323116219668,0,-1,-1,legit-portal-service-2862.com
29,29,0,1,3,0,4,0,0,0.41025641025641024,0.509323116219668,0,-1,-1,legit-portal-service-1826.com
29,29,0,1,3,0,4,0,0,0.41025641025641024,0.509323116219668,0,-1,-1,legit-portal-service-2850.com
29,29,0,1,3,0,4,0,0,0.41025641025641024,0.509323116219668,0,-1,-1,legit-portal-service-4017.com
29,29,0,1,3,0,4,0,0,0.41025641025641024,0.509323116219668,0,-1,-1,legit-portal-service-1244.com
29,29,0,1,3,0,4,0,0,0.41025641025641024,0.509323116219668,0,-1,-1,legit-portal-service-3164.com
29,29,0,1,3,0,4,0,0,0.41025641025641024,0.509323116219668,0,-1,-1,legit-portal-service-2201.com
29,29,0,1,3,0,4,0,0,0.41025641025641024,0.509323116219668,0,-1,-1,legit-portal-service-1054.com
29,29,0,1,3,0,4,0,0,0.41025641025641024,0.509323116219668,0,-1,-1,legit-portal-service-1857.com
29,29,0,1,3,0,4,0,0,0.41025641025641024,0.509323116219668,0,-1,-1,legit-portal-service-1954.com
29,29,0,1,3,0,4,0,0,0.41025641025641024,0.509323116219668,0,-1,-1,legit-portal-service-3047.com
29,29,0,1,3,0,4,0,0,0.41025641025641024,0.509323116219668,0,-1,-1,legit-portal-service-1514.com
29,29,0,1,3,0,4,0,0,0.41025641025641024,0.509323116219668,0,-1,-1,legit-portal-service-4645.com
29,29,0,1,3,0,4,0,0,0.41025641025641024,0.509323116219668,0,-1,-1,legit-portal-service-4963.com
29,29,0,1,3,0,4,0,0,0.41025641025641024,0.509323116219668,0,-1,-1,legit-portal-service-3930.com
29,29,0,1,3,0,4,0,0,0.41025641025641024,0.509323116219668,0,-1,-1,legit-portal-service-4487.com
29,29,0,1,3,0,4,0,0,0.41025641025641024,0.509323116219668,0,-1,-1,legit-portal-service-2393.com
29,29,0,1,3,0,4,0,0,0.41025641025641024,0.509323116219668,0,-1,-1,legit-portal-service-4300.com
29,29,0,1,3,0,4,0,0,0.41025641025641024,0.509323116219668,0,-1,-1,legit-portal-service-1234.com
29,29,0,1,3,0,4,0,0,0.41025641025641024,0.509323116219668,0,-1,-1,legit-portal-service-3811.com
29,29,0,1,3,0,4,0,0,0.41025641025641024,0.509323116219668,0,-1,-1,legit-portal-service-4650.com
29,29,0,1,3,0,4,0,0,0.41025641025641024,0.509323116219668,0,-1,-1,legit-portal-service-3070.com
29,29,0,1,3,0,4,0,0,0.41025641025641024,0.509323116219668,0,-1,-1,legit-portal-service-2426.com
28,28,0,1,3,0,3,0,0,0.42105263157894735,0.5113756613756614,0,-1,-1,legit-portal-service-301.com
29,29,0,1,3,0,4,0,0,0.41025641025641024,0.509323116219668,0,-1,-1,legit-portal-service-2182.com
29,29,0,1,3,0,4,0,0,0.41025641025641024,0.509323116219668,0,-1,-1,legit-portal-service-3168.com
29,29,0,1,3,0,4,0,0,0.41025641025641024,0.509323116219668,0,-1,-1,legit-portal-service-2052.com
29,29,0,1,3,0,4,0,0,0.41025641025641024,0.509323116219668,0,-1,-1,legit-portal-service-3686.com
28,28,0,1,3,0,3,0,0,0.42105263157894735,0.5113756613756614,0,-1,-1,legit-portal-service-665.com
28,28,0,1,3,0,3,0,0,0.42105263157894735,0.5113756613756614,0,-1,-1,legit-portal-service-699.com
28,28,0,1,3,0,3,0,0,0.42105263157894735,0.5113756613756614,0,-1,-1,legit-portal-service-281.com
13,13,0,1,0,0,0,0,0,0.6086956521739131,0.752991452991453,0,-1,-1,bloomberg.com
29,29,0,1,3,0,4,0,0,0.41025641025641024,0.509323116219668,0,-1,-1,legit-portal-service-2643.com
29,29,0,1,3,0,4,0,0,0.41025641025641024,0.509323116219668,0,-1,-1,legit-portal-service-4291.com
28,28,0,1,3,0,3,0,0,0.42105263157894735,0.5113756613756614,0,-1,-1,legit-portal-service-805.com
28,28,0,1,3,0,3,0,0,0.42105263157894735,0.5113756613756614,0,-1,-1,legit-portal-service-353.com
28,28,0,1,3,0,3,0,0,0.42105263157894735,0.5113756613756614,0,-1,-1,legit-portal-service-126.com
29,29,0,1,3,0,4,0,0,0.41025641025641024,0.509323116219668,0,-1,-1,legit-portal-service-3517.com
28,28,0,1,3,0,3,0,0,0.42105263157894735,0.5113756613756614,0,-1,-1,legit-portal-service-339.com
29,29,0,1,3,0,4,0,0,0.41025641025641024,0.509323116219668,0,-1,-1,legit-portal-service-4208.com
28,28,0,1,3,0,3,0,0,0.42105263157894735,0.5113756613756614,0,-1,-1,legit-portal-service-470.com
17,17,0,1,0,0,0,0,0,0.4666666666666667,0.5703242835595778,0,-1,-1,bankofamerica.com
28,28,0,1,3,0,3,0,0,0.42105263157894735,0.5113756613756614,0,-1,-1,legit-portal-service-116.com
29,29,0,1,3,0,4,0,0,0.41025641025641024,0.509323116219668,0,-1,-1,legit-portal-service-1998.com
29,29,0,1,3,0,4,0,0,0.41025641025641024,0.509323116219668,0,-1,-1,legit-portal-service-3933.com
28,28,0,1,3,0,3,0,0,0.42105263157894735,0.5113756613756614,0,-1,-1,legit-portal-service-134.com
29,29,0,1,3,0,4,0,0,0.41025641025641024,0.509323116219668,0,-1,-1,legit-portal-service-2216.com
28,28,0,1,3,0,3,0,0,0.42105263157894735,0.5113756613756614,0,-1,-1,legit-portal-service-287.com
29,29,0,1,3,0,4,0,0,0.41025641025641024,0.509323116219668,0,-1,-1,legit-portal-service-3480.com
29,29,0,1,3,0,4,0,0,0.41025641025641024,0.509323116219668,0,-1,-1,legit-portal-service-1467.com
29,29,0,1,3,0,4,0,0,0.41025641025641024,0.509323116219668,0,-1,-1,legit-portal-service-1867.com
29,29,0,1,3,0,4,0,0,0.41025641025641024,0.509323116219668,0,-1,-1,legit-portal-service-2174.com
29,29,0,1,3,0,4,0,0,0.41025641025641024,0.509323116219668,0,-1,-1,legit-portal-service-4871.com
29,29,0,1,3,0,4,0,0,0.41025641025641024,0.509323116219668,0,-1,-1,legit-portal-service-4689.com
29,29,0,1,3,0,4,0,0,0.41025641025641024,0.509323116219668,0,-1,-1,legit-portal-service-3492.com
28,28,0,1,3,0,3,0,0,0.42105263157894735,0.5113756613756614,0,-1,-1,legit-portal-service-425.com
29,29,0,1,3,0,4,0,0,0.41025641025641024,0.509323116219668,0,-1,-1,legit-portal-service-3024.com
29,29,0,1,3,0,4,0,0,0.41025641025641024,0.509323116219668,0,-1,-1,legit-portal-service-4066.com
29,29,0,1,3,0,4,0,0,0.41025641025641024,0.509323116219668,0,-1,-1,legit-portal-service-4683.com
29,29,0,1,3,0,4,0,0,0.41025641025641024,0.509323116219668,0,-1,-1,legit-portal-service-3617.com
29,29,0,1,3,0,4,0,0,0.41025641025641024,0.509323116219668,0,-1,-1,legit-portal-service-2326.com
29,29,0,1,3,0,4,0,0,0.41025641025641024,0.509323116219668,0,-1,-1,legit-portal-service-3823.com
29,29,0,1,3,0,4,0,0,0.41025641025641024,0.509323116219668,0,-1,-1,legit-portal-service-1359.com
29,29,0,1,3,0,4,0,0,0.41025641025641024,0.509323116219668,0,-1,-1,legit-portal-service-2644.com
9,9,0,1,0,0,0,0,0,0.5263157894736843,0.6444444444444444,0,-1,-1,slack.com
29,29,0,1,3,0,4,0,0,0.41025641025641024,0.509323116219668,0,-1,-1,legit-portal-service-3090.com
29,29,0,1,3,0,4,0,0,0.41025641025641024,0.509323116219668,0,-1,-1,legit-portal-service-4041.com
29,29,0,1,3,0,4,0,0,0.41025641025641024,0.509323116219668,0,-1,-1,legit-portal-service-2133.com
26,26,0,1,3,0,1,0,0,0.4444444444444444,0.5327635327635328,0,-1,-1,legit-portal-service-5.com
29,29,0,1,3,0,4,0,0,0.41025641025641024,0.509323116219668,0,-1,-1,legit-portal-service-3696.com
28,28,0,1,3,0,3,0,0,0.42105263157894735,0.5113756613756614,0,-1,-1,legit-portal-service-975.com
29,29,0,1,3,0,4,0,0,0.41025641025641024,0.509323116219668,0,-1,-1,legit-portal-service-4090.com
29,29,0,1,3,0,4,0,0,0.41025641025641024,0.509323116219668,0,-1,-1,legit-portal-service-4324.com
28,28,0,1,3,0,3,0,0,0.42105263157894735,0.5113756613756614,0,-1,-1,legit-portal-service-316.com
28,28,0,1,3,0,3,0,0,0.42105263157894735,0.5113756613756614,0,-1,-1,legit-portal-service-664.com
28,28,0,1,3,0,3,0,0,0.42105263157894735,0.5113756613756614,0,-1,-1,legit-portal-service-966.com
29,29,0,1,3,0,4,0,0,0.41025641025641024,0.509323116219668,0,-1,-1,legit-portal-service-4523.com
29,29,0,1,3,0,4,0,0,0.41025641025641024,0.509323116219668,0,-1,-1,legit-portal-service-2143.com
28,28,0,1,3,0,3,0,0,0.42105263157894735,0.5113756613756614,0,-1,-1,legit-portal-service-331.com
28,28,0,1,3,0,3,0,0,0.42105263157894735,0.5113756613756614,0,-1,-1,legit-portal-service-294.com
29,29,0,1,3,0,4,0,0,0.41025641025641024,0.509323116219668,0,-1,-1,legit-portal-service-1810.com
29,29,0,1,3,0,4,0,0,0.41025641025641024,0.509323116219668,0,-1,-1,legit-portal-service-4055.com
28,28,0,1,3,0,3,0,0,0.42105263157894735,0.5113756613756614,0,-1,-1,legit-portal-service-916.com
28,28,0,1,3,0,3,0,0,0.42105263157894735,0.5113756613756614,0,-1,-1,legit-portal-service-860.com
29,29,0,1,3,0,4,0,0,0.41025641025641024,0.509323116219668,0,-1,-1,legit-portal-service-4204.com
29,29,0,1,3,0,4,0,0,0.41025641025641024,0.509323116219668,0,-1,-1,legit-portal-service-4273.com
29,29,0,1,3,0,4,0,0,0.41025641025641024,0.509323116219668,0,-1,-1,legit-portal-service-3544.com
29,29,0,1,3,0,4,0,0,0.41025641025641024,0.509323116219668,0,-1,-1,legit-portal-service-2951.com
29,29,0,1,3,0,4,0,0,0.41025641025641024,0.509323116219668,0,-1,-1,legit-portal-service-1597.com
29,29,0,1,3,0,4,0,0,0.41025641025641024,0.509323116219668,0,-1,-1,legit-portal-service-3951.com
29,29,0,1,3,0,4,0,0,0.41025641025641024,0.509323116219668,0,-1,-1,legit-portal-service-1487.com
29,29,0,1,3,0,4,0,0,0.41025641025641024,0.509323116219668,0,-1,-1,legit-portal-service-2231.com
29,29,0,1,3,0,4,0,0,0.41025641025641024,0.509323116219668,0,-1,-1,legit-portal-service-4579.com
29,29,0,1,3,0,4,0,0,0.41025641025641024,0.509323116219668,0,-1,-1,legit-portal-service-4979.com
29,29,0,1,3,0,4,0,0,0.41025641025641024,0.509323116219668,0,-1,-1,legit-portal-service-1261.com
29,29,0,1,3,0,4,0,0,0.41025641025641024,0.509323116219668,0,-1,-1,legit-portal-service-2538.com
29,29,0,1,3,0,4,0,0,0.41025641025641024,0.509323116219668,0,-1,-1,legit-portal-service-4261.com
29,29,0,1,3,0,4,0,0,0.41025641025641024,0.509323116219668,0,-1,-1,legit-portal-service-3591.com
29,29,0,1,3,0,4,0,0,0.41025641025641024,0.509323116219668,0,-1,-1,legit-portal-service-2612.com
28,28,0,1,3,0,3,0,0,0.42105263157894735,0.5113756613756614,0,-1,-1,legit-portal-service-162.com
29,29,0,1,3,0,4,0,0,0.41025641025641024,0.509323116219668,0,-1,-1,legit-portal-service-2815.com
29,29,0,1,3,0,4,0,0,0.41025641025641024,0.509323116219668,0,-1,-1,legit-portal-service-3490.com
28,28,0,1,3,0,3,0,0,0.42105263157894735,0.5113756613756614,0,-1,-1,legit-portal-service-228.com
29,29,0,1,3,0,4,0,0,0.41025641025641024,0.509323116219668,0,-1,-1,legit-portal-service-2285.com
29,29,0,1,3,0,4,0,0,0.41025641025641024,0.509323116219668,0,-1,-1,legit-portal-service-3528.com
28,28,0,1,3,0,3,0,0,0.42105263157894735,0.5113756613756614,0,-1,-1,legit-portal-service-797.com
29,29,0,1,3,0,4,0,0,0.41025641025641024,0.509323116219668,0,-1,-1,legit-portal-service-4908.com
29,29,0,1,3,0,4,0,0,0.41025641025641024,0.509323116219668,0,-1,-1,legit-portal-service-4031.com
28,28,0,1,3,0,3,0,0,0.42105263157894735,0.5113756613756614,0,-1,-1,legit-portal-service-718.com
29,29,0,1,3,0,4,0,0,0.41025641025641024,0.509323116219668,0,-1,-1,legit-portal-service-1515.com
29,29,0,1,3,0,4,0,0,0.41025641025641024,0.509323116219668,0,-1,-1,legit-portal-service-3080.com
29,29,0,1,3,0,4,0,0,0.41025641025641024,0.509323116219668,0,-1,-1,legit-portal-service-2745.com
29,29,0,1,3,0,4,0,0,0.41025641025641024,0.509323116219668,0,-1,-1,legit-portal-service-1881.com
29,29,0,1,3,0,4,0,0,0.41025641025641024,0.509323116219668,0,-1,-1,legit-portal-service-2555.com
28,28,0,1,3,0,3,0,0,0.42105263157894735,0.5113756613756614,0,-1,-1,legit-portal-service-957.com
29,29,0,1,3,0,4,0,0,0.41025641025641024,0.509323116219668,0,-1,-1,legit-portal-service-4483.com
29,29,0,1,3,0,4,0,0,0.41025641025641024,0.509323116219668,0,-1,-1,legit-portal-service-2967.com
29,29,0,1,3,0,4,0,0,0.41025641025641024,0.509323116219668,0,-1,-1,legit-portal-service-3359.com
29,29,0,1,3,0,4,0,0,0.41025641025641024,0.509323116219668,0,-1,-1,legit-portal-service-3842.com
29,29,0,1,3,0,4,0,0,0.41025641025641024,0.509323116219668,0,-1,-1,legit-portal-service-1791.com
29,29,0,1,3,0,4,0,0,0.41025641025641024,0.509323116219668,0,-1,-1,legit-portal-service-1919.com
29,29,0,1,3,0,4,0,0,0.41025641025641024,0.509323116219668,0,-1,-1,legit-portal-service-2190.com
29,29,0,1,3,0,4,0,0,0.41025641025641024,0.509323116219668,0,-1,-1,legit-portal-service-2874.com
28,28,0,1,3,0,3,0,0,0.42105263157894735,0.5113756613756614,0,-1,-1,legit-portal-service-543.com
29,29,0,1,3,0,4,0,0,0.41025641025641024,0.509323116219668,0,-1,-1,legit-portal-service-3278.com
29,29,0,1,3,0,4,0,0,0.41025641025641024,0.509323116219668,0,-1,-1,legit-portal-service-1344.com
29,29,0,1,3,0,4,0,0,0.41025641025641024,0.509323116219668,0,-1,-1,legit-portal-service-1406.com
28,28,0,1,3,0,3,0,0,0.42105263157894735,0.5113756613756614,0,-1,-1,legit-portal-service-121.com
29,29,0,1,3,0,4,0,0,0.41025641025641024,0.509323116219668,0,-1,-1,legit-portal-service-1263.com
29,29,0,1,3,0,4,0,0,0.41025641025641024,0.509323116219668,0,-1,-1,legit-portal-service-4706.com
29,29,0,1,3,0,4,0,0,0.41025641025641024,0.509323116219668,0,-1,-1,legit-portal-service-4767.com
29,29,0,1,3,0,4,0,0,0.41025641025641024,0.509323116219668,0,-1,-1,legit-portal-service-3597.com
29,29,0,1,3,0,4,0,0,0.41025641025641024,0.509323116219668,0,-1,-1,legit-portal-service-3430.com
29,29,0,1,3,0,4,0,0,0.41025641025641024,0.509323116219668,0,-1,-1,legit-portal-service-3273.com
29,29,0,1,3,0,4,0,0,0.41025641025641024,0.509323116219668,0,-1,-1,legit-portal-service-4995.com
28,28,0,1,3,0,3,0,0,0.42105263157894735,0.5113756613756614,0,-1,-1,legit-portal-service-311.com
29,29,0,1,3,0,4,0,0,0.41025641025641024,0.509323116219668,0,-1,-1,legit-portal-service-1661.com
28,28,0,1,3,0,3,0,0,0.42105263157894735,0.5113756613756614,0,-1,-1,legit-portal-service-996.com
28,28,0,1,3,0,3,0,0,0.42105263157894735,0.5113756613756614,0,-1,-1,legit-portal-service-731.com
28,28,0,1,3,0,3,0,0,0.42105263157894735,0.5113756613756614,0,-1,-1,legit-portal-service-102.com
29,29,0,1,3,0,4,0,0,0.41025641025641024,0.509323116219668,0,-1,-1,legit-portal-service-3904.com
29,29,0,1,3,0,4,0,0,0.41025641025641024,0.509323116219668,0,-1,-1,legit-portal-service-1291.com
29,29,0,1,3,0,4,0,0,0.41025641025641024,0.509323116219668,0,-1,-1,legit-portal-service-2362.com
28,28,0,1,3,0,3,0,0,0.42105263157894735,0.5113756613756614,0,-1,-1,legit-portal-service-221.com
29,29,0,1,3,0,4,0,0,0.41025641025641024,0.509323116219668,0,-1,-1,legit-portal-service-3804.com
29,29,0,1,3,0,4,0,0,0.41025641025641024,0.509323116219668,0,-1,-1,legit-portal-service-1850.com
29,29,0,1,3,0,4,0,0,0.41025641025641024,0.509323116219668,0,-1,-1,legit-portal-service-4792.com
28,28,0,1,3,0,3,0,0,0.42105263157894735,0.5113756613756614,0,-1,-1,legit-portal-service-340.com
28,28,0,1,3,0,3,0,0,0.42105263157894735,0.5113756613756614,0,-1,-1,legit-portal-service-579.com
29,29,0,1,3,0,4,0,0,0.41025641025641024,0.509323116219668,0,-1,-1,legit-portal-service-2209.com
29,29,0,1,3,0,4,0,0,0.41025641025641024,0.509323116219668,0,-1,-1,legit-portal-service-4756.com
29,29,0,1,3,0,4,0,0,0.41025641025641024,0.509323116219668,0,-1,-1,legit-portal-service-1428.com
29,29,0,1,3,0,4,0,0,0.41025641025641024,0.509323116219668,0,-1,-1,legit-portal-service-4101.com
29,29,0,1,3,0,4,0,0,0.41025641025641024,0.509323116219668,0,-1,-1,legit-portal-service-3377.com
28,28,0,1,3,0,3,0,0,0.42105263157894735,0.5113756613756614,0,-1,-1,legit-portal-service-708.com
29,29,0,1,3,0,4,0,0,0.41025641025641024,0.509323116219668,0,-1,-1,legit-portal-service-4242.com
29,29,0,1,3,0,4,0,0,0.41025641025641024,0.509323116219668,0,-1,-1,legit-portal-service-4124.com
29,29,0,1,3,0,4,0,0,0.41025641025641024,0.509323116219668,0,-1,-1,legit-portal-service-1127.com
29,29,0,1,3,0,4,0,0,0.41025641025641024,0.509323116219668,0,-1,-1,legit-portal-service-4138.com
29,29,0,1,3,0,4,0,0,0.41025641025641024,0.509323116219668,0,-1,-1,legit-portal-service-3532.com
29,29,0,1,3,0,4,0,0,0.41025641025641024,0.509323116219668,0,-1,-1,legit-portal-service-3555.com
28,28,0,1,3,0,3,0,0,0.42105263157894735,0.5113756613756614,0,-1,-1,legit-portal-service-337.com
29,29,0,1,3,0,4,0,0,0.41025641025641024,0.509323116219668,0,-1,-1,legit-portal-service-3592.com
29,29,0,1,3,0,4,0,0,0.41025641025641024,0.509323116219668,0,-1,-1,legit-portal-service-4195.com
29,29,0,1,3,0,4,0,0,0.41025641025641024,0.509323116219668,0,-1,-1,legit-portal-service-2656.com
29,29,0,1,3,0,4,0,0,0.41025641025641024,0.509323116219668,0,-1,-1,legit-portal-service-3927.com
29,29,0,1,3,0,4,0,0,0.41025641025641024,0.509323116219668,0,-1,-1,legit-portal-service-1363.com
29,29,0,1,3,0,4,0,0,0.41025641025641024,0.509323116219668,0,-1,-1,legit-portal-service-2923.com
28,28,0,1,3,0,3,0,0,0.42105263157894735,0.5113756613756614,0,-1,-1,legit-portal-service-315.com
29,29,0,1,3,0,4,0,0,0.41025641025641024,0.509323116219668,0,-1,-1,legit-portal-service-1782.com
29,29,0,1,3,0,4,0,0,0.41025641025641024,0.509323116219668,0,-1,-1,legit-portal-service-3700.com
28,28,0,1,3,0,3,0,0,0.42105263157894735,0.5113756613756614,0,-1,-1,legit-portal-service-661.com
29,29,0,1,3,0,4,0,0,0.41025641025641024,0.509323116219668,0,-1,-1,legit-portal-service-3774.com
29,29,0,1,3,0,4,0,0,0.41025641025641024,0.509323116219668,0,-1,-1,legit-portal-service-1846.com
29,29,0,1,3,0,4,0,0,0.41025641025641024,0.509323116219668,0,-1,-1,legit-portal-service-4684.com
29,29,0,1,3,0,4,0,0,0.41025641025641024,0.509323116219668,0,-1,-1,legit-portal-service-3523.com
29,29,0,1,3,0,4,0,0,0.41025641025641024,0.509323116219668,0,-1,-1,legit-portal-service-4677.com
29,29,0,1,3,0,4,0,0,0.41025641025641024,0.509323116219668,0,-1,-1,legit-portal-service-4353.com
28,28,0,1,3,0,3,0,0,0.42105263157894735,0.5113756613756614,0,-1,-1,legit-portal-service-189.com
29,29,0,1,3,0,4,0,0,0.41025641025641024,0.509323116219668,0,-1,-1,legit-portal-service-3972.com
29,29,0,1,3,0,4,0,0,0.41025641025641024,0.509323116219668,0,-1,-1,legit-portal-service-2738.com
29,29,0,1,3,0,4,0,0,0.41025641025641024,0.509323116219668,0,-1,-1,legit-portal-service-2419.com
28,28,0,1,3,0,3,0,0,0.42105263157894735,0.5113756613756614,0,-1,-1,legit-portal-service-808.com
29,29,0,1,3,0,4,0,0,0.41025641025641024,0.509323116219668,0,-1,-1,legit-portal-service-4666.com
29,29,0,1,3,0,4,0,0,0.41025641025641024,0.509323116219668,0,-1,-1,legit-portal-service-4082.com
28,28,0,1,3,0,3,0,0,0.42105263157894735,0.5113756613756614,0,-1,-1,legit-portal-service-609.com
29,29,0,1,3,0,4,0,0,0.41025641025641024,0.509323116219668,0,-1,-1,legit-portal-service-4254.com
28,28,0,1,3,0,3,0,0,0.42105263157894735,0.5113756613756614,0,-1,-1,legit-portal-service-343.com
28,28,0,1,3,0,3,0,0,0.42105263157894735,0.5113756613756614,0,-1,-1,legit-portal-service-502.com
28,28,0,1,3,0,3,0,0,0.42105263157894735,0.5113756613756614,0,-1,-1,legit-portal-service-813.com
29,29,0,1,3,0,4,0,0,0.41025641025641024,0.509323116219668,0,-1,-1,legit-portal-service-2671.com
28,28,0,1,3,0,3,0,0,0.42105263157894735,0.5113756613756614,0,-1,-1,legit-portal-service-877.com
28,28,0,1,3,0,3,0,0,0.42105263157894735,0.5113756613756614,0,-1,-1,legit-portal-service-285.com
28,28,0,1,3,0,3,0,0,0.42105263157894735,0.5113756613756614,0,-1,-1,legit-portal-service-445.com
28,28,0,1,3,0,3,0,0,0.42105263157894735,0.5113756613756614,0,-1,-1,legit-portal-service-831.com
29,29,0,1,3,0,4,0,0,0.41025641025641024,0.509323116219668,0,-1,-1,legit-portal-service-1180.com
29,29,0,1,3,0,4,0,0,0.41025641025641024,0.509323116219668,0,-1,-1,legit-portal-service-2756.com
29,29,0,1,3,0,4,0,0,0.41025641025641024,0.509323116219668,0,-1,-1,legit-portal-service-1147.com
29,29,0,1,3,0,4,0,0,0.41025641025641024,0.509323116219668,0,-1,-1,legit-portal-service-4752.com
28,28,0,1,3,0,3,0,0,0.42105263157894735,0.5113756613756614,0,-1,-1,legit-portal-service-175.com
29,29,0,1,3,0,4,0,0,0.41025641025641024,0.509323116219668,0,-1,-1,legit-portal-service-2332.com
29,29,0,1,3,0,4,0,0,0.41025641025641024,0.509323116219668,0,-1,-1,legit-portal-service-1211.com
28,28,0,1,3,0,3,0,0,0.42105263157894735,0.5113756613756614,0,-1,-1,legit-portal-service-140.com
29,29,0,1,3,0,4,0,0,0.41025641025641024,0.509323116219668,0,-1,-1,legit-portal-service-2430.com
29,29,0,1,3,0,4,0,0,0.41025641025641024,0.509323116219668,0,-1,-1,legit-portal-service-1269.com
29,29,0,1,3,0,4,0,0,0.41025641025641024,0.509323116219668,0,-1,-1,legit-portal-service-2611.com
29,29,0,1,3,0,4,0,0,0.41025641025641024,0.509323116219668,0,-1,-1,legit-portal-service-1584.com
29,29,0,1,3,0,4,0,0,0.41025641025641024,0.509323116219668,0,-1,-1,legit-portal-service-4825.com
29,29,0,1,3,0,4,0,0,0.41025641025641024,0.509323116219668,0,-1,-1,legit-portal-service-1215.com
29,29,0,1,3,0,4,0,0,0.41025641025641024,0.509323116219668,0,-1,-1,legit-portal-service-4015.com
29,29,0,1,3,0,4,0,0,0.41025641025641024,0.509323116219668,0,-1,-1,legit-portal-service-1563.com
29,29,0,1,3,0,4,0,0,0.41025641025641024,0.509323116219668,0,-1,-1,legit-portal-service-2038.com
28,28,0,1,3,0,3,0,0,0.42105263157894735,0.5113756613756614,0,-1,-1,legit-portal-service-525.com
29,29,0,1,3,0,4,0,0,0.41025641025641024,0.509323116219668,0,-1,-1,legit-portal-service-4676.com
28,28,0,1,3,0,3,0,0,0.42105263157894735,0.5113756613756614,0,-1,-1,legit-portal-service-578.com
29,29,0,1,3,0,4,0,0,0.41025641025641024,0.509323116219668,0,-1,-1,legit-portal-service-3554.com
29,29,0,1,3,0,4,0,0,0.41025641025641024,0.509323116219668,0,-1,-1,legit-portal-service-2058.com
29,29,0,1,3,0,4,0,0,0.41025641025641024,0.509323116219668,0,-1,-1,legit-portal-service-3813.com
29,29,0,1,3,0,4,0,0,0.41025641025641024,0.509323116219668,0,-1,-1,legit-portal-service-3198.com
28,28,0,1,3,0,3,0,0,0.42105263157894735,0.5113756613756614,0,-1,-1,legit-portal-service-261.com
29,29,0,1,3,0,4,0,0,0.41025641025641024,0.509323116219668,0,-1,-1,legit-portal-service-4137.com
29,29,0,1,3,0,4,0,0,0.41025641025641024,0.509323116219668,0,-1,-1,legit-portal-service-3441.com
29,29,0,1,3,0,4,0,0,0.41025641025641024,0.509323116219668,0,-1,-1,legit-portal-service-3350.com
29,29,0,1,3,0,4,0,0,0.41025641025641024,0.509323116219668,0,-1,-1,legit-portal-service-4924.com
28,28,0,1,3,0,3,0,0,0.42105263157894735,0.5113756613756614,0,-1,-1,legit-portal-service-785.com
29,29,0,1,3,0,4,0,0,0.41025641025641024,0.509323116219668,0,-1,-1,legit-portal-service-1069.com
29,29,0,1,3,0,4,0,0,0.41025641025641024,0.509323116219668,0,-1,-1,legit-portal-service-2825.com
29,29,0,1,3,0,4,0,0,0.41025641025641024,0.509323116219668,0,-1,-1,legit-portal-service-2666.com
29,29,0,1,3,0,4,0,0,0.41025641025641024,0.509323116219668,0,-1,-1,legit-portal-service-1307.com
29,29,0,1,3,0,4,0,0,0.41025641025641024,0.509323116219668,0,-1,-1,legit-portal-service-2743.com
29,29,0,1,3,0,4,0,0,0.41025641025641024,0.509323116219668,0,-1,-1,legit-portal-service-1086.com
29,29,0,1,3,0,4,0,0,0.41025641025641024,0.509323116219668,0,-1,-1,legit-portal-service-1997.com
29,29,0,1,3,0,4,0,0,0.41025641025641024,0.509323116219668,0,-1,-1,legit-portal-service-2030.com
29,29,0,1,3,0,4,0,0,0.41025641025641024,0.509323116219668,0,-1,-1,legit-portal-service-4452.com
29,29,0,1,3,0,4,0,0,0.41025641025641024,0.509323116219668,0,-1,-1,legit-portal-service-4182.com
29,29,0,1,3,0,4,0,0,0.41025641025641024,0.509323116219668,0,-1,-1,legit-portal-service-3453.com
29,29,0,1,3,0,4,0,0,0.41025641025641024,0.509323116219668,0,-1,-1,legit-portal-service-2001.com
29,29,0,1,3,0,4,0,0,0.41025641025641024,0.509323116219668,0,-1,-1,legit-portal-service-2170.com
28,28,0,1,3,0,3,0,0,0.42105263157894735,0.5113756613756614,0,-1,-1,legit-portal-service-565.com
29,29,0,1,3,0,4,0,0,0.41025641025641024,0.509323116219668,0,-1,-1,legit-portal-service-1562.com
27,27,0,1,3,0,2,0,0,0.43243243243243246,0.5308641975308642,0,-1,-1,legit-portal-service-78.com
28,28,0,1,3,0,3,0,0,0.42105263157894735,0.5113756613756614,0,-1,-1,legit-portal-service-427.com
29,29,0,1,3,0,4,0,0,0.41025641025641024,0.509323116219668,0,-1,-1,legit-portal-service-3471.com
29,29,0,1,3,0,4,0,0,0.41025641025641024,0.509323116219668,0,-1,-1,legit-portal-service-2255.com
29,29,0,1,3,0,4,0,0,0.41025641025641024,0.509323116219668,0,-1,-1,legit-portal-service-3661.com
29,29,0,1,3,0,4,0,0,0.41025641025641024,0.509323116219668,0,-1,-1,legit-portal-service-4119.com
29,29,0,1,3,0,4,0,0,0.41025641025641024,0.509323116219668,0,-1,-1,legit-portal-service-2076.com
29,29,0,1,3,0,4,0,0,0.41025641025641024,0.509323116219668,0,-1,-1,legit-portal-service-2566.com
29,29,0,1,3,0,4,0,0,0.41025641025641024,0.509323116219668,0,-1,-1,legit-portal-service-4698.com
28,28,0,1,3,0,3,0,0,0.42105263157894735,0.5113756613756614,0,-1,-1,legit-portal-service-325.com
29,29,0,1,3,0,4,0,0,0.41025641025641024,0.509323116219668,0,-1,-1,legit-portal-service-1122.com
29,29,0,1,3,0,4,0,0,0.41025641025641024,0.509323116219668,0,-1,-1,legit-portal-service-3283.com
27,27,0,1,3,0,2,0,0,0.43243243243243246,0.5308641975308642,0,-1,-1,legit-portal-service-57.com
29,29,0,1,3,0,4,0,0,0.41025641025641024,0.509323116219668,0,-1,-1,legit-portal-service-2627.com
29,29,0,1,3,0,4,0,0,0.41025641025641024,0.509323116219668,0,-1,-1,legit-portal-service-3594.com
29,29,0,1,3,0,4,0,0,0.41025641025641024,0.509323116219668,0,-1,-1,legit-portal-service-2847.com
29,29,0,1,3,0,4,0,0,0.41025641025641024,0.509323116219668,0,-1,-1,legit-portal-service-4409.com
29,29,0,1,3,0,4,0,0,0.41025641025641024,0.509323116219668,0,-1,-1,legit-portal-service-3445.com
29,29,0,1,3,0,4,0,0,0.41025641025641024,0.509323116219668,0,-1,-1,legit-portal-service-2047.com
29,29,0,1,3,0,4,0,0,0.41025641025641024,0.509323116219668,0,-1,-1,legit-portal-service-4743.com
28,28,0,1,3,0,3,0,0,0.42105263157894735,0.5113756613756614,0,-1,-1,legit-portal-service-188.com
28,28,0,1,3,0,3,0,0,0.42105263157894735,0.5113756613756614,0,-1,-1,legit-portal-service-387.com
28,28,0,1,3,0,3,0,0,0.42105263157894735,0.5113756613756614,0,-1,-1,legit-portal-service-232.com
29,29,0,1,3,0,4,0,0,0.41025641025641024,0.509323116219668,0,-1,-1,legit-portal-service-1709.com
28,28,0,1,3,0,3,0,0,0.42105263157894735,0.5113756613756614,0,-1,-1,legit-portal-service-677.com
29,29,0,1,3,0,4,0,0,0.41025641025641024,0.509323116219668,0,-1,-1,legit-portal-service-3509.com
29,29,0,1,3,0,4,0,0,0.41025641025641024,0.509323116219668,0,-1,-1,legit-portal-service-3611.com
29,29,0,1,3,0,4,0,0,0.41025641025641024,0.509323116219668,0,-1,-1,legit-portal-service-1006.com
28,28,0,1,3,0,3,0,0,0.42105263157894735,0.5113756613756614,0,-1,-1,legit-portal-service-150.com
29,29,0,1,3,0,4,0,0,0.41025641025641024,0.509323116219668,0,-1,-1,legit-portal-service-1884.com
16,16,0,2,0,0,0,0,0,0.5263157894736843,0.6851851851851851,0,-1,-1,portal.azure.com
9,9,0,2,0,0,0,0,0,0.36363636363636365,0.5444444444444444,0,-1,-1,bbc.co.uk
29,29,0,1,3,0,4,0,0,0.41025641025641024,0.509323116219668,0,-1,-1,legit-portal-service-2031.com
29,29,0,1,3,0,4,0,0,0.41025641025641024,0.509323116219668,0,-1,-1,legit-portal-service-3488.com
29,29,0,1,3,0,4,0,0,0.41025641025641024,0.509323116219668,0,-1,-1,legit-portal-service-3310.com
29,29,0,1,3,0,4,0,0,0.41025641025641024,0.509323116219668,0,-1,-1,legit-portal-service-1730.com
29,29,0,1,3,0,4,0,0,0.41025641025641024,0.509323116219668,0,-1,-1,legit-portal-service-4093.com
28,28,0,1,3,0,3,0,0,0.42105263157894735,0.5113756613756614,0,-1,-1,legit-portal-service-640.com
28,28,0,1,3,0,3,0,0,0.42105263157894735,0.5113756613756614,0,-1,-1,legit-portal-service-793.com
29,29,0,1,3,0,4,0,0,0.41025641025641024,0.509323116219668,0,-1,-1,legit-portal-service-4826.com
29,29,0,1,3,0,4,0,0,0.41025641025641024,0.509323116219668,0,-1,-1,legit-portal-service-2227.com
29,29,0,1,3,0,4,0,0,0.41025641025641024,0.509323116219668,0,-1,-1,legit-portal-service-4474.com
29,29,0,1,3,0,4,0,0,0.41025641025641024,0.509323116219668,0,-1,-1,legit-portal-service-1549.com
29,29,0,1,3,0,4,0,0,0.41025641025641024,0.509323116219668,0,-1,-1,legit-portal-service-2061.com
28,28,0,1,3,0,3,0,0,0.42105263157894735,0.5113756613756614,0,-1,-1,legit-portal-service-118.com
29,29,0,1,3,0,4,0,0,0.41025641025641024,0.509323116219668,0,-1,-1,legit-portal-service-4033.com
28,28,0,1,3,0,3,0,0,0.42105263157894735,0.5113756613756614,0,-1,-1,legit-portal-service-350.com
28,28,0,1,3,0,3,0,0,0.42105263157894735,0.5113756613756614,0,-1,-1,legit-portal-service-396.com
28,28,0,1,3,0,3,0,0,0.42105263157894735,0.5113756613756614,0,-1,-1,legit-portal-service-532.com
28,28,0,1,3,0,3,0,0,0.42105263157894735,0.5113756613756614,0,-1,-1,legit-portal-service-237.com
29,29,0,1,3,0,4,0,0,0.41025641025641024,0.509323116219668,0,-1,-1,legit-portal-service-4134.com
29,29,0,1,3,0,4,0,0,0.41025641025641024,0.509323116219668,0,-1,-1,legit-portal-service-1372.com
29,29,0,1,3,0,4,0,0,0.41025641025641024,0.509323116219668,0,-1,-1,legit-portal-service-4381.com
29,29,0,1,3,0,4,0,0,0.41025641025641024,0.509323116219668,0,-1,-1,legit-portal-service-1539.com
29,29,0,1,3,0,4,0,0,0.41025641025641024,0.509323116219668,0,-1,-1,legit-portal-service-4879.com
29,29,0,1,3,0,4,0,0,0.41025641025641024,0.509323116219668,0,-1,-1,legit-portal-service-1081.com
29,29,0,1,3,0,4,0,0,0.41025641025641024,0.509323116219668,0,-1,-1,legit-portal-service-4169.com
29,29,0,1,3,0,4,0,0,0.41025641025641024,0.509323116219668,0,-1,-1,legit-portal-service-1821.com
29,29,0,1,3,0,4,0,0,0.41025641025641024,0.509323116219668,0,-1,-1,legit-portal-service-3784.com
29,29,0,1,3,0,4,0,0,0.41025641025641024,0.509323116219668,0,-1,-1,legit-portal-service-4797.com
29,29,0,1,3,0,4,0,0,0.41025641025641024,0.509323116219668,0,-1,-1,legit-portal-service-2372.com
26,26,0,1,3,0,1,0,0,0.4444444444444444,0.5327635327635328,0,-1,-1,legit-portal-service-9.com
29,29,0,1,3,0,4,0,0,0.41025641025641024,0.509323116219668,0,-1,-1,legit-portal-service-3390.com
28,28,0,1,3,0,3,0,0,0.42105263157894735,0.5113756613756614,0,-1,-1,legit-portal-service-976.com
29,29,0,1,3,0,4,0,0,0.41025641025641024,0.509323116219668,0,-1,-1,legit-portal-service-4759.com
29,29,0,1,3,0,4,0,0,0.41025641025641024,0.509323116219668,0,-1,-1,legit-portal-service-1918.com
29,29,0,1,3,0,4,0,0,0.41025641025641024,0.509323116219668,0,-1,-1,legit-portal-service-3529.com
29,29,0,1,3,0,4,0,0,0.41025641025641024,0.509323116219668,0,-1,-1,legit-portal-service-1270.com
28,28,0,1,3,0,3,0,0,0.42105263157894735,0.5113756613756614,0,-1,-1,legit-portal-service-153.com
29,29,0,1,3,0,4,0,0,0.41025641025641024,0.509323116219668,0,-1,-1,legit-portal-service-3586.com
29,29,0,1,3,0,4,0,0,0.41025641025641024,0.509323116219668,0,-1,-1,legit-portal-service-2830.com
29,29,0,1,3,0,4,0,0,0.41025641025641024,0.509323116219668,0,-1,-1,legit-portal-service-1670.com
29,29,0,1,3,0,4,0,0,0.41025641025641024,0.509323116219668,0,-1,-1,legit-portal-service-2423.com
29,29,0,1,3,0,4,0,0,0.41025641025641024,0.509323116219668,0,-1,-1,legit-portal-service-4608.com
29,29,0,1,3,0,4,0,0,0.41025641025641024,0.509323116219668,0,-1,-1,legit-portal-service-4737.com
29,29,0,1,3,0,4,0,0,0.41025641025641024,0.509323116219668,0,-1,-1,legit-portal-service-4342.com
29,29,0,1,3,0,4,0,0,0.41025641025641024,0.509323116219668,0,-1,-1,legit-portal-service-4328.com
28,28,0,1,3,0,3,0,0,0.42105263157894735,0.5113756613756614,0,-1,-1,legit-portal-service-540.com
29,29,0,1,3,0,4,0,0,0.41025641025641024,0.509323116219668,0,-1,-1,legit-portal-service-2552.com
29,29,0,1,3,0,4,0,0,0.41025641025641024,0.509323116219668,0,-1,-1,legit-portal-service-2479.com
29,29,0,1,3,0,4,0,0,0.41025641025641024,0.509323116219668,0,-1,-1,legit-portal-service-1516.com
29,29,0,1,3,0,4,0,0,0.41025641025641024,0.509323116219668,0,-1,-1,legit-portal-service-4625.com
29,29,0,1,3,0,4,0,0,0.41025641025641024,0.509323116219668,0,-1,-1,legit-portal-service-3248.com
28,28,0,1,3,0,3,0,0,0.42105263157894735,0.5113756613756614,0,-1,-1,legit-portal-service-782.com
29,29,0,1,3,0,4,0,0,0.41025641025641024,0.509323116219668,0,-1,-1,legit-portal-service-2556.com
29,29,0,1,3,0,4,0,0,0.41025641025641024,0.509323116219668,0,-1,-1,legit-portal-service-4185.com
28,28,0,1,3,0,3,0,0,0.42105263157894735,0.5113756613756614,0,-1,-1,legit-portal-service-499.com
28,28,0,1,3,0,3,0,0,0.42105263157894735,0.5113756613756614,0,-1,-1,legit-portal-service-522.com
29,29,0,1,3,0,4,0,0,0.41025641025641024,0.509323116219668,0,-1,-1,legit-portal-service-4935.com
29,29,0,1,3,0,4,0,0,0.41025641025641024,0.509323116219668,0,-1,-1,legit-portal-service-4085.com
29,29,0,1,3,0,4,0,0,0.41025641025641024,0.509323116219668,0,-1,-1,legit-portal-service-4716.com
28,28,0,1,3,0,3,0,0,0.42105263157894735,0.5113756613756614,0,-1,-1,legit-portal-service-981.com
29,29,0,1,3,0,4,0,0,0.41025641025641024,0.509323116219668,0,-1,-1,legit-portal-service-2785.com
29,29,0,1,3,0,4,0,0,0.41025641025641024,0.509323116219668,0,-1,-1,legit-portal-service-2593.com
29,29,0,1,3,0,4,0,0,0.41025641025641024,0.509323116219668,0,-1,-1,legit-portal-service-1331.com
29,29,0,1,3,0,4,0,0,0.41025641025641024,0.509323116219668,0,-1,-1,legit-portal-service-1864.com
28,28,0,1,3,0,3,0,0,0.42105263157894735,0.5113756613756614,0,-1,-1,legit-portal-service-990.com
29,29,0,1,3,0,4,0,0,0.41025641025641024,0.509323116219668,0,-1,-1,legit-portal-service-3270.com
29,29,0,1,3,0,4,0,0,0.41025641025641024,0.509323116219668,0,-1,-1,legit-portal-service-2915.com
28,28,0,1,3,0,3,0,0,0.42105263157894735,0.5113756613756614,0,-1,-1,legit-portal-service-761.com
29,29,0,1,3,0,4,0,0,0.41025641025641024,0.509323116219668,0,-1,-1,legit-portal-service-2382.com
29,29,0,1,3,0,4,0,0,0.41025641025641024,0.509323116219668,0,-1,-1,legit-portal-service-1468.com
20,20,0,1,1,0,0,0,0,0.303030303030303,0.5342490842490842,0,-1,-1,stanford-support.edu
27,27,0,1,3,0,3,0,0,0.19999999999999996,0.4246913580246914,0,-1,-1,secure-auth-589-harvard.edu
27,27,0,1,3,0,3,0,0,0.44999999999999996,0.4703703703703703,0,-1,-1,secure-auth-406-spotify.com
25,25,0,1,3,0,3,0,0,0.368421052631579,0.47333333333333333,0,-1,-1,secure-auth-920-adobe.com
26,26,0,1,3,0,3,0,0,0.5555555555555556,0.4256410256410256,0,-1,-1,secure-auth-770-paypal.com
23,23,0,1,3,0,3,0,0,0.2777777777777778,0.5246376811594203,0,-1,-1,secure-auth-980-zoom.us
28,28,0,1,3,0,3,0,0,0.24390243902439024,0.469047619047619,0,-1,-1,secure-auth-467-stanford.edu
25,25,0,1,3,0,3,0,0,0.368421052631579,0.4615384615384615,0,-1,-1,secure-auth-884-chase.com
8,8,0,1,0,0,0,0,0,0.47619047619047616,0.6260683760683761,0,-1,-1,usbc.com
11,11,0,1,0,0,0,0,0,0.30000000000000004,0.5242424242424243,0,-1,-1,uarvard.edu
21,21,0,1,1,0,0,0,0,0.7647058823529411,0.9084249084249084,0,-1,-1,microsoft-account.com
24,24,0,2,3,0,3,0,0,0.303030303030303,0.5148046398046398,0,-1,-1,secure-auth-784-ox.ac.uk
18,18,0,1,1,0,0,0,0,0.5,0.6648148148148149,0,-1,-1,portal-dropbox.com
17,17,0,1,0,0,0,0,0,0.4666666666666667,0.6294620412267471,0,-1,-1,bankofameroca.com
24,24,0,1,1,0,0,0,0,0.43243243243243246,0.646950271950272,0,-1,-1,bankofamerica-secure.com
30,30,0,3,3,0,3,0,0,1.0,1.0,0,-1,-1,secure-auth-992-vtop.vit.ac.in
25,25,0,2,3,0,3,0,0,0.2941176470588235,0.47333333333333333,0,-1,-1,secure-auth-654-cam.ac.uk
32,32,0,2,3,0,3,0,0,0.5263157894736843,0.6851851851851851,0,-1,-1,secure-auth-492-portal.azure.com
19,19,0,1,1,0,0,0,0,0.5517241379310345,0.6371457489878543,0,-1,-1,barclays-update.com
26,26,0,1,3,0,3,0,0,0.3589743589743589,0.44943019943019946,0,-1,-1,secure-auth-664-github.com
23,23,0,1,3,0,3,0,0,0.2777777777777778,0.5246376811594203,0,-1,-1,secure-auth-676-zoom.us
19,19,0,1,1,0,0,0,0,0.4375,0.6108861898335581,0,-1,-1,support-dropbox.com
23,23,0,1,3,0,3,0,0,0.2777777777777778,0.5246376811594203,0,-1,-1,secure-auth-719-zoom.us
24,24,0,1,3,0,3,0,0,0.3783783783783784,0.5662393162393162,0,-1,-1,secure-auth-418-hsbc.com
25,25,0,1,3,0,3,0,0,0.368421052631579,0.4615384615384615,0,-1,-1,secure-auth-317-chase.com
25,25,0,1,3,0,3,0,0,0.368421052631579,0.47333333333333333,0,-1,-1,secure-auth-632-adobe.com
28,28,0,1,3,0,3,0,0,0.368421052631579,0.4543956043956044,0,-1,-1,secure-auth-623-barclays.com
25,25,0,1,3,0,3,0,0,0.4,0.4266666666666667,0,-1,-1,secure-auth-544-apple.com
26,26,0,1,3,0,3,0,0,0.3589743589743589,0.44943019943019946,0,-1,-1,secure-auth-925-github.com
17,17,0,1,1,0,0,0,0,0.4666666666666667,0.6086834733893558,0,-1,-1,adobe-account.com
27,27,0,1,3,0,3,0,0,0.35,0.44753086419753085,0,-1,-1,secure-auth-525-twitter.com
28,28,0,1,3,0,3,0,0,0.3414634146341463,0.5113756613756614,0,-1,-1,secure-auth-223-linkedin.com
16,16,0,1,1,0,0,0,0,0.48275862068965514,0.6634615384615384,0,-1,-1,auth-dropbox.com
9,9,0,1,0,0,0,0,0,0.631578947368421,0.7555555555555555,0,-1,-1,sdobe.com
19,19,0,1,1,0,0,0,0,0.5,0.6108861898335581,0,-1,-1,account-dropbox.com
10,10,0,1,0,0,0,0,0,0.5217391304347826,0.6666666666666666,0,-1,-1,githjb.com
27,27,0,1,3,0,3,0,0,0.35,0.44753086419753085,0,-1,-1,secure-auth-475-netflix.com
25,25,0,1,3,0,3,0,0,0.368421052631579,0.47333333333333333,0,-1,-1,secure-auth-652-adobe.com
28,28,0,1,3,0,3,0,0,0.3902439024390244,0.5009157509157509,0,-1,-1,secure-auth-782-facebook.com
24,24,0,2,3,0,3,0,0,0.303030303030303,0.5148046398046398,0,-1,-1,secure-auth-261-ox.ac.uk
27,27,0,1,3,0,3,0,0,0.35,0.44753086419753085,0,-1,-1,secure-auth-319-twitter.com
27,27,0,1,3,0,3,0,0,0.44999999999999996,0.4703703703703703,0,-1,-1,secure-auth-348-spotify.com
19,19,0,1,1,0,0,0,0,0.4375,0.6371457489878543,0,-1,-1,barclays-verify.com
11,11,0,1,0,0,0,0,0,0.5833333333333333,0.8261072261072261,0,-1,-1,sootify.com
30,30,0,3,3,0,3,0,0,1.0,1.0,0,-1,-1,secure-auth-916-vtop.vit.ac.in
26,26,0,1,3,0,3,0,0,0.5555555555555556,0.4256410256410256,0,-1,-1,secure-auth-323-paypal.com
25,25,0,1,3,0,3,0,0,0.368421052631579,0.47333333333333333,0,-1,-1,secure-auth-726-adobe.com
26,26,0,1,3,0,3,0,0,0.3589743589743589,0.452991452991453,0,-1,-1,secure-auth-999-amazon.com
23,23,0,1,3,0,3,0,0,0.2222222222222222,0.47681159420289854,0,-1,-1,secure-auth-742-mit.edu
28,28,0,1,3,0,3,0,0,0.24390243902439024,0.469047619047619,0,-1,-1,secure-auth-902-stanford.edu
33,33,0,1,3,0,3,0,0,0.34782608695652173,0.5070707070707071,0,-1,-1,secure-auth-557-bankofamerica.com
12,12,0,1,0,0,0,0,0,0.5454545454545454,0.7000000000000001,0,-1,-1,lknkedin.com
21,21,0,1,1,0,0,0,0,0.4516129032258065,0.5821123321123322,0,-1,-1,wellsfargo-signin.com
28,28,0,1,3,0,3,0,0,0.24390243902439024,0.469047619047619,0,-1,-1,secure-auth-610-stanford.edu
32,32,0,2,3,0,3,0,0,0.5263157894736843,0.6851851851851851,0,-1,-1,secure-auth-705-portal.azure.com
28,28,0,1,3,0,3,0,0,0.24390243902439024,0.469047619047619,0,-1,-1,secure-auth-457-stanford.edu
25,25,0,1,3,0,3,0,0,0.368421052631579,0.4615384615384615,0,-1,-1,secure-auth-538-chase.com
12,12,0,1,0,0,0,0,0,0.5454545454545454,0.7000000000000001,0,-1,-1,linekdin.com
30,30,0,1,3,0,3,0,0,0.37209302325581395,0.48888888888888893,0,-1,-1,secure-auth-323-salesforce.com
32,32,0,2,3,0,3,0,0,0.5263157894736843,0.6851851851851851,0,-1,-1,secure-auth-456-portal.azure.com
27,27,0,1,3,0,3,0,0,0.4,0.4703703703703703,0,-1,-1,secure-auth-607-dropbox.com
25,25,0,2,3,0,3,0,0,0.2941176470588235,0.47333333333333333,0,-1,-1,secure-auth-176-cam.ac.uk
28,28,0,1,3,0,3,0,0,0.3902439024390244,0.5009157509157509,0,-1,-1,secure-auth-273-facebook.com
12,12,0,1,0,0,0,0,0,0.31999999999999995,0.5092592592592592,0,-1,-1,stanforf.edu
25,25,0,1,3,0,3,0,0,0.368421052631579,0.47333333333333333,0,-1,-1,secure-auth-145-adobe.com
17,17,0,1,1,0,0,0,0,0.5185185185185186,0.6735294117647058,0,-1,-1,dropbox-login.com
23,23,0,1,3,0,3,0,0,0.2222222222222222,0.47681159420289854,0,-1,-1,secure-auth-395-mit.edu
30,30,0,1,3,0,3,0,0,0.37209302325581395,0.44273504273504277,0,-1,-1,secure-auth-433-wellsfargo.com
14,14,0,1,1,0,0,0,0,0.5,0.6761904761904761,0,-1,-1,auth-adobe.com
12,12,0,1,0,0,0,0,0,0.6363636363636364,0.7072649572649573,0,-1,-1,facebool.com
29,29,0,1,3,0,3,0,0,0.6190476190476191,0.45042314007831247,0,-1,-1,secure-auth-102-microsoft.com
27,27,0,1,3,0,3,0,0,0.19999999999999996,0.4246913580246914,0,-1,-1,secure-auth-627-harvard.edu
23,23,0,1,3,0,3,0,0,0.2222222222222222,0.47681159420289854,0,-1,-1,secure-auth-565-mit.edu
11,11,0,1,0,0,0,0,0,0.30000000000000004,0.5242424242424243,0,-1,-1,harvrad.edu
27,27,0,1,3,0,3,0,0,0.4,0.4703703703703703,0,-1,-1,secure-auth-947-dropbox.com
13,13,0,1,0,0,0,0,0,0.9230769230769231,0.9358974358974359,0,-1,-1,microslft.com
27,27,0,1,3,0,3,0,0,0.19999999999999996,0.4246913580246914,0,-1,-1,secure-auth-919-harvard.edu
23,23,0,1,3,0,3,0,0,0.2777777777777778,0.5246376811594203,0,-1,-1,secure-auth-265-zoom.us
28,28,0,1,3,0,3,0,0,0.24390243902439024,0.469047619047619,0,-1,-1,secure-auth-380-stanford.edu
30,30,0,1,3,0,3,0,0,0.37209302325581395,0.44273504273504277,0,-1,-1,secure-auth-993-wellsfargo.com
23,23,0,1,3,0,3,0,0,0.2222222222222222,0.47681159420289854,0,-1,-1,secure-auth-760-mit.edu
30,30,0,1,3,0,3,0,0,0.37209302325581395,0.44273504273504277,0,-1,-1,secure-auth-737-wellsfargo.com
7,7,0,1,0,0,0,0,0,0.3529411764705882,0.5761904761904763,0,-1,-1,zolm.us
27,27,0,1,3,0,3,0,0,0.19999999999999996,0.4246913580246914,0,-1,-1,secure-auth-915-harvard.edu
17,17,0,2,1,0,0,0,0,0.6923076923076923,0.5620915032679737,0,-1,-1,account-vit.ac.in
25,25,0,1,3,0,3,0,0,0.368421052631579,0.4615384615384615,0,-1,-1,secure-auth-278-slack.com
32,32,0,2,3,0,3,0,0,0.5263157894736843,0.6851851851851851,0,-1,-1,secure-auth-513-portal.azure.com
26,26,0,1,3,0,3,0,0,0.5555555555555556,0.4256410256410256,0,-1,-1,secure-auth-114-paypal.com
25,25,0,1,3,0,3,0,0,0.368421052631579,0.4615384615384615,0,-1,-1,secure-auth-508-chase.com
7,7,0,1,0,0,0,0,0,0.5,0.5873015873015873,0,-1,-1,mit.net
27,27,0,1,3,0,3,0,0,0.44999999999999996,0.4703703703703703,0,-1,-1,secure-auth-825-spotify.com
13,13,0,1,0,0,1,0,0,0.5217391304347826,0.5970695970695971,0,-1,-1,1nstagram.com
25,25,0,1,3,0,3,0,0,0.4,0.4266666666666667,0,-1,-1,secure-auth-107-apple.com
28,28,0,1,3,0,3,0,0,0.3902439024390244,0.5009157509157509,0,-1,-1,secure-auth-371-facebook.com
26,26,0,1,3,0,3,0,0,0.5555555555555556,0.47179487179487173,0,-1,-1,secure-auth-164-google.com
26,26,0,1,3,0,3,0,0,0.3589743589743589,0.452991452991453,0,-1,-1,secure-auth-472-amazon.com
29,29,0,1,3,0,3,0,0,0.6190476190476191,0.45042314007831247,0,-1,-1,secure-auth-639-microsoft.com
26,26,0,1,3,0,3,0,0,0.5555555555555556,0.47179487179487173,0,-1,-1,secure-auth-263-google.com
10,10,0,1,0,0,0,0,0,0.5217391304347826,0.6666666666666666,0,-1,-1,amwzon.com
18,18,0,1,1,0,0,0,0,0.5806451612903225,0.7307692307692308,0,-1,-1,amazon-support.com
10,10,0,1,0,0,0,0,0,0.9,0.96,0,-1,-1,paypap.com
12,12,0,1,0,0,0,0,0,0.48,0.638888888888889,0,-1,-1,cifibank.com
11,11,0,1,0,0,0,0,0,0.5,0.6515151515151515,0,-1,-1,ctibank.com
30,30,0,1,3,0,3,0,0,0.37209302325581395,0.48888888888888893,0,-1,-1,secure-auth-287-salesforce.com
26,26,0,1,3,0,3,0,0,0.5555555555555556,0.47179487179487173,0,-1,-1,secure-auth-303-google.com
12,12,0,1,0,0,0,0,0,0.5454545454545454,0.5888888888888889,0,-1,-1,linkedim.com
30,30,0,3,3,0,3,0,0,1.0,1.0,0,-1,-1,secure-auth-194-vtop.vit.ac.in
33,33,0,1,3,0,3,0,0,0.34782608695652173,0.5070707070707071,0,-1,-1,secure-auth-943-bankofamerica.com
25,25,0,1,3,0,3,0,0,0.368421052631579,0.4615384615384615,0,-1,-1,secure-auth-313-chase.com
14,14,0,1,0,0,0,0,0,0.4444444444444444,0.6039377289377289,0,-1,-1,wellsfarvo.com
28,28,0,1,3,0,3,0,0,0.24390243902439024,0.469047619047619,0,-1,-1,secure-auth-274-stanford.edu
12,12,0,1,0,0,0,0,0,0.56,0.7072649572649573,0,-1,-1,facebooi.com
28,28,0,1,3,0,3,0,0,0.3414634146341463,0.4543956043956044,0,-1,-1,secure-auth-402-citibank.com
14,14,0,1,0,0,0,0,0,0.5,0.638095238095238,0,-1,-1,wellstargo.com
14,14,0,1,0,0,0,0,0,0.5,0.6672771672771672,0,-1,-1,salezforce.com
17,17,0,1,0,0,0,0,0,0.4444444444444444,0.5703242835595778,0,-1,-1,bankofamerkca.com
11,11,0,1,0,0,0,0,0,0.5,0.6515151515151515,0,-1,-1,fwitter.com
30,30,0,1,3,0,3,0,0,0.37209302325581395,0.44273504273504277,0,-1,-1,secure-auth-791-wellsfargo.com
24,24,0,1,3,0,3,0,0,0.3783783783783784,0.5662393162393162,0,-1,-1,secure-auth-316-hsbc.com
10,10,0,1,0,0,0,0,0,0.30000000000000004,0.5166666666666667,0,-1,-1,amazon.xyz
13,13,0,1,0,0,0,0,0,0.5384615384615384,0.6602564102564102,0,-1,-1,instagrwm.com
25,25,0,2,3,0,3,0,0,0.2941176470588235,0.47333333333333333,0,-1,-1,secure-auth-507-cam.ac.uk
25,25,0,1,3,0,3,0,0,0.368421052631579,0.4615384615384615,0,-1,-1,secure-auth-270-slack.com
28,28,0,1,3,0,3,0,0,0.3414634146341463,0.4543956043956044,0,-1,-1,secure-auth-731-citibank.com
18,18,0,1,1,0,0,0,0,0.4285714285714286,0.6486772486772486,0,-1,-1,netflix-update.com
23,23,0,1,3,0,3,0,0,0.2777777777777778,0.5246376811594203,0,-1,-1,secure-auth-122-zoom.us
28,28,0,1,3,0,3,0,0,0.368421052631579,0.4543956043956044,0,-1,-1,secure-auth-150-barclays.com
25,25,0,1,3,0,3,0,0,0.368421052631579,0.4615384615384615,0,-1,-1,secure-auth-855-chase.com
23,23,0,1,3,0,3,0,0,0.2222222222222222,0.47681159420289854,0,-1,-1,secure-auth-637-mit.edu
25,25,0,1,3,0,3,0,0,0.4,0.4266666666666667,0,-1,-1,secure-auth-951-apple.com
28,28,0,1,3,0,3,0,0,0.3414634146341463,0.4543956043956044,0,-1,-1,secure-auth-703-citibank.com
26,26,0,1,3,0,3,0,0,0.5555555555555556,0.47179487179487173,0,-1,-1,secure-auth-620-google.com
29,29,0,1,3,0,3,0,0,0.38095238095238093,0.509323116219668,0,-1,-1,secure-auth-272-instagram.com
9,9,0,1,0,0,0,0,0,0.5263157894736843,0.6444444444444444,0,-1,-1,elack.com
25,25,0,1,3,0,3,0,0,0.368421052631579,0.4615384615384615,0,-1,-1,secure-auth-154-slack.com
27,27,0,1,3,0,3,0,0,0.35,0.44753086419753085,0,-1,-1,secure-auth-598-netflix.com
25,25,0,1,3,0,3,0,0,0.368421052631579,0.4615384615384615,0,-1,-1,secure-auth-526-chase.com
28,28,0,1,3,0,3,0,0,0.3414634146341463,0.5113756613756614,0,-1,-1,secure-auth-729-linkedin.com
17,17,0,1,1,0,0,0,0,0.5185185185185186,0.6563025210084034,0,-1,-1,portal-github.com
10,10,0,1,0,0,0,0,0,0.9,0.9066666666666667,0,-1,-1,pwypal.com
28,28,0,1,3,0,3,0,0,0.3414634146341463,0.5113756613756614,0,-1,-1,secure-auth-225-linkedin.com
10,10,0,1,0,0,0,0,0,0.5217391304347826,0.6666666666666666,0,-1,-1,gitbub.com
32,32,0,2,3,0,3,0,0,0.5263157894736843,0.6851851851851851,0,-1,-1,secure-auth-789-portal.azure.com
27,27,0,1,3,0,3,0,0,0.35,0.44753086419753085,0,-1,-1,secure-auth-599-netflix.com
26,26,0,1,3,0,3,0,0,0.3589743589743589,0.44943019943019946,0,-1,-1,secure-auth-417-github.com
12,12,0,1,0,0,0,0,0,0.2857142857142857,0.5092592592592592,0,-1,-1,stanrord.edu
17,17,0,1,1,0,0,0,0,0.4444444444444444,0.6509803921568628,0,-1,-1,linkedin-auth.com
25,25,0,1,3,0,3,0,0,0.368421052631579,0.4615384615384615,0,-1,-1,secure-auth-778-chase.com
28,28,0,1,3,0,3,0,0,0.3414634146341463,0.5113756613756614,0,-1,-1,secure-auth-309-linkedin.com
11,11,0,1,0,0,0,0,0,0.30000000000000004,0.5242424242424243,0,-1,-1,harvatd.edu
27,27,0,1,3,0,3,0,0,0.19999999999999996,0.4246913580246914,0,-1,-1,secure-auth-502-harvard.edu
9,9,0,1,0,0,0,0,0,0.33333333333333337,0.5444444444444444,0,-1,-1,adobe.net
12,12,0,1,0,0,0,0,0,0.2857142857142857,0.5166666666666667,0,-1,-1,stanflrd.edu
23,23,0,1,3,0,3,0,0,0.2777777777777778,0.5246376811594203,0,-1,-1,secure-auth-246-zoom.us
32,32,0,2,3,0,3,0,0,0.5263157894736843,0.6851851851851851,0,-1,-1,secure-auth-559-portal.azure.com
24,24,0,1,3,0,0,0,0,0.3529411764705882,0.5662393162393162,1,-1,-1,xn--bankofameria-jhk.com
25,25,0,1,3,0,3,0,0,0.368421052631579,0.4615384615384615,0,-1,-1,secure-auth-183-chase.com
11,11,0,1,0,0,0,0,0,0.5,0.6515151515151515,0,-1,-1,dropbix.com
23,23,0,1,3,0,3,0,0,0.2777777777777778,0.5246376811594203,0,-1,-1,secure-auth-748-zoom.us
28,28,0,1,3,0,3,0,0,0.24390243902439024,0.469047619047619,0,-1,-1,secure-auth-507-stanford.edu
28,28,0,1,3,0,3,0,0,0.368421052631579,0.4543956043956044,0,-1,-1,secure-auth-287-barclays.com
28,28,0,1,3,0,3,0,0,0.3902439024390244,0.5009157509157509,0,-1,-1,secure-auth-484-facebook.com
33,33,0,1,3,0,3,0,0,0.34782608695652173,0.5070707070707071,0,-1,-1,secure-auth-765-bankofamerica.com
16,16,0,1,0,0,0,0,0,0.48275862068965514,0.6027777777777777,0,-1,-1,bankfamerica.com
7,7,0,1,0,0,0,0,0,0.3529411764705882,0.5761904761904763,0,-1,-1,zoon.us
30,30,0,3,3,0,3,0,0,1.0,1.0,0,-1,-1,secure-auth-936-vtop.vit.ac.in
20,20,0,1,1,0,0,0,0,0.27586206896551724,0.565954415954416,0,-1,-1,stanford-account.edu
27,27,0,1,3,0,3,0,0,0.35,0.44753086419753085,0,-1,-1,secure-auth-189-netflix.com
7,7,0,1,0,0,0,0,0,0.3529411764705882,0.49523809523809526,0,-1,-1,zlom.us
23,23,0,1,3,0,3,0,0,0.2777777777777778,0.5246376811594203,0,-1,-1,secure-auth-522-zoom.us
29,29,0,1,3,0,3,0,0,0.6190476190476191,0.45042314007831247,0,-1,-1,secure-auth-677-microsoft.com
9,9,0,1,0,0,0,0,0,0.42105263157894735,0.6185185185185186,0,-1,-1,apple.xyz
29,29,0,1,3,0,3,0,0,0.38095238095238093,0.509323116219668,0,-1,-1,secure-auth-781-instagram.com
26,26,0,1,3,0,3,0,0,0.3589743589743589,0.44943019943019946,0,-1,-1,secure-auth-572-github.com
25,25,0,1,3,0,3,0,0,0.4,0.4266666666666667,0,-1,-1,secure-auth-513-apple.com
25,25,0,1,3,0,3,0,0,0.368421052631579,0.4615384615384615,0,-1,-1,secure-auth-379-slack.com
27,27,0,1,3,0,3,0,0,0.4,0.4703703703703703,0,-1,-1,secure-auth-178-dropbox.com
24,24,0,1,3,0,3,0,0,0.3783783783783784,0.5662393162393162,0,-1,-1,secure-auth-587-hsbc.com
16,16,0,1,1,0,0,0,0,0.4137931034482759,0.6110347985347985,0,-1,-1,secure-azure.com
25,25,0,1,3,0,3,0,0,0.4,0.4266666666666667,0,-1,-1,secure-auth-412-apple.com
30,30,0,1,3,0,3,0,0,0.37209302325581395,0.44273504273504277,0,-1,-1,secure-auth-776-wellsfargo.com
24,24,0,1,1,0,0,0,0,0.4864864864864865,0.7243589743589745,0,-1,-1,bankofamerica-portal.com
16,16,0,2,1,0,0,0,0,0.72,0.8201388888888889,0,-1,-1,vit-signin.ac.in
28,28,0,1,3,0,3,0,0,0.3414634146341463,0.4543956043956044,0,-1,-1,secure-auth-907-citibank.com
25,25,0,1,3,0,3,0,0,0.368421052631579,0.47333333333333333,0,-1,-1,secure-auth-546-adobe.com
20,20,0,1,1,0,0,0,0,0.4666666666666667,0.6400284900284899,0,-1,-1,support-linkedin.com
27,27,0,1,3,0,3,0,0,0.44999999999999996,0.4703703703703703,0,-1,-1,secure-auth-526-spotify.com
28,28,0,1,3,0,3,0,0,0.3902439024390244,0.5009157509157509,0,-1,-1,secure-auth-305-facebook.com
17,17,0,1,0,0,0,0,0,0.4666666666666667,0.5703242835595778,0,-1,-1,banjofamerica.com
28,28,0,1,3,0,3,0,0,0.368421052631579,0.4543956043956044,0,-1,-1,secure-auth-970-barclays.com
11,11,0,1,0,0,0,0,0,0.5714285714285714,0.7311688311688312,0,-1,-1,negflix.com
25,25,0,2,3,0,3,0,0,0.2941176470588235,0.47333333333333333,0,-1,-1,secure-auth-560-cam.ac.uk
10,10,0,1,0,0,0,0,0,0.9,0.9533333333333333,0,-1,-1,payoal.com
27,27,0,1,3,0,3,0,0,0.4,0.4703703703703703,0,-1,-1,secure-auth-569-dropbox.com
29,29,0,1,3,0,3,0,0,0.6190476190476191,0.45042314007831247,0,-1,-1,secure-auth-229-microsoft.com
25,25,0,2,3,0,3,0,0,0.2941176470588235,0.47333333333333333,0,-1,-1,secure-auth-710-cam.ac.uk
24,24,0,1,1,0,0,0,0,0.3783783783783784,0.5245726495726496,0,-1,-1,verify-bankofamerica.com
18,18,0,1,1,0,0,0,0,0.2962962962962963,0.47222222222222215,0,-1,-1,harvard-secure.edu
12,12,0,1,1,0,0,0,0,0.31999999999999995,0.547008547008547,0,-1,-1,auth-mit.edu
32,32,0,2,3,0,3,0,0,0.5263157894736843,0.6851851851851851,0,-1,-1,secure-auth-479-portal.azure.com
26,26,0,1,3,0,3,0,0,0.3589743589743589,0.452991452991453,0,-1,-1,secure-auth-848-amazon.com
29,29,0,1,3,0,3,0,0,0.38095238095238093,0.509323116219668,0,-1,-1,secure-auth-685-instagram.com
9,9,0,1,0,0,0,0,0,0.5454545454545454,0.6851851851851851,0,-1,-1,chaes.com
30,30,0,1,3,0,3,0,0,0.37209302325581395,0.48888888888888893,0,-1,-1,secure-auth-495-salesforce.com
30,30,0,3,3,0,3,0,0,1.0,1.0,0,-1,-1,secure-auth-227-vtop.vit.ac.in
27,27,0,1,3,0,3,0,0,0.19999999999999996,0.4246913580246914,0,-1,-1,secure-auth-791-harvard.edu
32,32,0,2,3,0,3,0,0,0.5263157894736843,0.6851851851851851,0,-1,-1,secure-auth-751-portal.azure.com
17,17,0,1,0,0,0,0,0,0.2666666666666667,0.5398692810457516,0,-1,-1,bankofamerica.xyz
17,17,0,1,0,0,0,0,0,0.4666666666666667,0.5703242835595778,0,-1,-1,bamkofamerica.com
27,27,0,1,3,0,3,0,0,0.35,0.44753086419753085,0,-1,-1,secure-auth-585-netflix.com
15,15,0,1,0,0,0,0,0,0.31999999999999995,0.5555555555555555,0,-1,-1,wellsfargo.club
32,32,0,2,3,0,3,0,0,0.5263157894736843,0.6851851851851851,0,-1,-1,secure-auth-144-portal.azure.com
21,21,0,1,1,0,0,0,0,0.4117647058823529,0.5404456654456654,0,-1,-1,verify-wellsfargo.com
27,27,0,1,3,0,3,0,0,0.4,0.4703703703703703,0,-1,-1,secure-auth-611-dropbox.com
11,11,0,1,0,0,0,0,0,0.4,0.5242424242424243,0,-1,-1,harvard.biz
28,28,0,1,3,0,3,0,0,0.24390243902439024,0.469047619047619,0,-1,-1,secure-auth-747-stanford.edu
26,26,0,1,3,0,3,0,0,0.3589743589743589,0.44943019943019946,0,-1,-1,secure-auth-469-github.com
23,23,0,1,3,0,3,0,0,0.2777777777777778,0.5246376811594203,0,-1,-1,secure-auth-394-zoom.us
18,18,0,1,1,0,0,0,0,0.5,0.6518518518518518,0,-1,-1,facebook-login.com
27,27,0,1,3,0,3,0,0,0.35,0.44753086419753085,0,-1,-1,secure-auth-760-twitter.com
14,14,0,1,0,0,0,0,0,0.5,0.638095238095238,0,-1,-1,wellsfwrgo.com
25,25,0,1,3,0,3,0,0,0.368421052631579,0.4615384615384615,0,-1,-1,secure-auth-755-chase.com
18,18,0,1,1,0,0,0,0,0.5,0.6962962962962962,0,-1,-1,update-netflix.com
9,9,0,1,0,0,0,0,0,0.5454545454545454,0.6851851851851851,0,-1,-1,cjase.com
24,24,0,2,3,0,3,0,0,0.303030303030303,0.5148046398046398,0,-1,-1,secure-auth-629-ox.ac.uk
26,26,0,1,3,0,3,0,0,0.5555555555555556,0.47179487179487173,0,-1,-1,secure-auth-756-google.com
28,28,0,1,3,0,3,0,0,0.3414634146341463,0.5113756613756614,0,-1,-1,secure-auth-303-linkedin.com
9,9,0,1,0,0,0,0,0,0.631578947368421,0.7555555555555555,0,-1,-1,adoeb.com
23,23,0,1,3,0,3,0,0,0.2222222222222222,0.47681159420289854,0,-1,-1,secure-auth-284-mit.edu
30,30,0,1,3,0,3,0,0,0.37209302325581395,0.44273504273504277,0,-1,-1,secure-auth-693-wellsfargo.com
9,9,0,1,0,0,0,0,0,0.42105263157894735,0.7000000000000001,0,-1,-1,amazon.ml
21,21,0,1,1,0,0,0,0,0.5161290322580645,0.5821123321123322,0,-1,-1,update-salesforce.com
32,32,0,2,3,0,3,0,0,0.5263157894736843,0.6851851851851851,0,-1,-1,secure-auth-932-portal.azure.com
30,30,0,1,3,0,3,0,0,0.37209302325581395,0.44273504273504277,0,-1,-1,secure-auth-501-wellsfargo.com
13,13,0,1,0,0,0,0,0,0.9230769230769231,0.9538461538461539,0,-1,-1,mucrosoft.com
12,12,0,1,0,0,0,0,0,0.56,0.6773504273504273,0,-1,-1,instagrm.com
27,27,0,1,3,0,3,0,0,0.19999999999999996,0.4246913580246914,0,-1,-1,secure-auth-201-harvard.edu
30,30,0,1,3,0,3,0,0,0.37209302325581395,0.44273504273504277,0,-1,-1,secure-auth-439-wellsfargo.com
23,23,0,1,3,0,3,0,0,0.2777777777777778,0.5246376811594203,0,-1,-1,secure-auth-826-zoom.us
29,29,0,1,3,0,3,0,0,0.38095238095238093,0.509323116219668,0,-1,-1,secure-auth-788-instagram.com
28,28,0,1,3,0,3,0,0,0.3414634146341463,0.5113756613756614,0,-1,-1,secure-auth-263-linkedin.com
26,26,0,1,3,0,3,0,0,0.3589743589743589,0.452991452991453,0,-1,-1,secure-auth-953-amazon.com
13,13,0,1,0,0,0,0,0,0.5384615384615384,0.6602564102564102,0,-1,-1,instavram.com
17,17,0,1,1,0,0,0,0,0.5185185185185186,0.7151960784313726,0,-1,-1,login-netflix.com
25,25,0,1,3,0,3,0,0,0.368421052631579,0.4615384615384615,0,-1,-1,secure-auth-152-chase.com
27,27,0,1,3,0,3,0,0,0.4,0.4703703703703703,0,-1,-1,secure-auth-207-dropbox.com
19,19,0,1,1,0,0,0,0,0.5,0.6849602639076323,0,-1,-1,facebook-update.com
27,27,0,1,3,0,3,0,0,0.19999999999999996,0.4246913580246914,0,-1,-1,secure-auth-121-harvard.edu
27,27,0,1,3,0,3,0,0,0.44999999999999996,0.4703703703703703,0,-1,-1,secure-auth-734-spotify.com
26,26,0,1,3,0,3,0,0,0.3589743589743589,0.44943019943019946,0,-1,-1,secure-auth-177-github.com
26,26,0,1,3,0,3,0,0,0.5555555555555556,0.47179487179487173,0,-1,-1,secure-auth-882-google.com
10,10,0,1,0,0,0,0,0,0.9,0.9274074074074075,0,-1,-1,paylal.com
27,27,0,1,3,0,3,0,0,0.19999999999999996,0.4246913580246914,0,-1,-1,secure-auth-608-harvard.edu
23,23,0,1,3,0,3,0,0,0.2222222222222222,0.47681159420289854,0,-1,-1,secure-auth-268-mit.edu
11,11,0,1,0,0,0,0,0,0.5714285714285714,0.7151515151515152,0,-1,-1,twitger.com
12,12,0,1,0,0,0,0,0,0.5454545454545454,0.7134920634920635,0,-1,-1,fafebook.com
30,30,0,1,3,0,3,0,0,0.37209302325581395,0.48888888888888893,0,-1,-1,secure-auth-586-salesforce.com
24,24,0,2,3,0,3,0,0,0.303030303030303,0.5148046398046398,0,-1,-1,secure-auth-246-ox.ac.uk
25,25,0,1,3,0,3,0,0,0.368421052631579,0.4615384615384615,0,-1,-1,secure-auth-624-chase.com
27,27,0,1,3,0,3,0,0,0.4,0.4703703703703703,0,-1,-1,secure-auth-353-dropbox.com
30,30,0,3,3,0,3,0,0,1.0,1.0,0,-1,-1,secure-auth-627-vtop.vit.ac.in
10,10,0,1,0,0,1,0,0,0.9,0.94,0,-1,-1,g0ogle.com
25,25,0,1,3,0,3,0,0,0.4,0.4266666666666667,0,-1,-1,secure-auth-829-apple.com
17,17,0,1,0,0,0,0,0,0.4666666666666667,0.5548373195432018,0,-1,-1,bankoramerica.com
28,28,0,1,3,0,3,0,0,0.3902439024390244,0.5009157509157509,0,-1,-1,secure-auth-495-facebook.com
11,11,0,1,0,0,0,0,0,0.5833333333333333,0.724941724941725,0,-1,-1,dropobx.com
11,11,0,1,0,0,0,0,0,0.5833333333333333,0.7151515151515152,0,-1,-1,spotivy.com
26,26,0,1,3,0,3,0,0,0.5555555555555556,0.47179487179487173,0,-1,-1,secure-auth-342-google.com
16,16,0,1,1,0,0,0,0,0.5384615384615384,0.6648809523809524,0,-1,-1,azure-update.com
23,23,0,1,3,0,3,0,0,0.2222222222222222,0.47681159420289854,0,-1,-1,secure-auth-672-mit.edu
9,9,0,1,0,0,0,0,0,0.5454545454545454,0.6851851851851851,0,-1,-1,chass.com
16,16,0,1,3,0,2,0,0,0.5384615384615384,0.7125,1,-1,-1,xn--pple-43d.com
18,18,0,1,1,0,0,0,0,0.4516129032258065,0.64494301994302,0,-1,-1,login-citibank.com
28,28,0,1,3,0,3,0,0,0.24390243902439024,0.469047619047619,0,-1,-1,secure-auth-833-stanford.edu
30,30,0,3,3,0,3,0,0,1.0,1.0,0,-1,-1,secure-auth-903-vtop.vit.ac.in
13,13,0,1,0,0,0,0,0,0.5384615384615384,0.6602564102564102,0,-1,-1,ijstagram.com
25,25,0,1,3,0,3,0,0,0.368421052631579,0.4615384615384615,0,-1,-1,secure-auth-493-slack.com
30,30,0,1,3,0,3,0,0,0.37209302325581395,0.48888888888888893,0,-1,-1,secure-auth-988-salesforce.com
23,23,0,1,3,0,3,0,0,0.2222222222222222,0.47681159420289854,0,-1,-1,secure-auth-258-mit.edu
9,9,0,1,0,0,0,0,0,0.33333333333333337,0.5007122507122507,0,-1,-1,chase.net
11,11,0,1,0,0,0,0,0,0.30000000000000004,0.5242424242424243,0,-1,-1,harvaed.edu
26,26,0,1,3,0,3,0,0,0.5555555555555556,0.47179487179487173,0,-1,-1,secure-auth-340-google.com
27,27,0,1,3,0,3,0,0,0.35,0.44753086419753085,0,-1,-1,secure-auth-655-twitter.com
26,26,0,1,3,0,3,0,0,0.5555555555555556,0.47179487179487173,0,-1,-1,secure-auth-803-google.com
30,30,0,3,3,0,3,0,0,1.0,1.0,0,-1,-1,secure-auth-672-vtop.vit.ac.in
25,25,0,2,3,0,3,0,0,0.2941176470588235,0.47333333333333333,0,-1,-1,secure-auth-257-cam.ac.uk
25,25,0,2,3,0,3,0,0,0.2941176470588235,0.47333333333333333,0,-1,-1,secure-auth-422-cam.ac.uk
25,25,0,1,3,0,3,0,0,0.368421052631579,0.4615384615384615,0,-1,-1,secure-auth-278-chase.com
23,23,0,1,3,0,3,0,0,0.2222222222222222,0.47681159420289854,0,-1,-1,secure-auth-345-mit.edu
25,25,0,1,3,0,3,0,0,0.368421052631579,0.47333333333333333,0,-1,-1,secure-auth-255-adobe.com
28,28,0,1,3,0,3,0,0,0.3414634146341463,0.5113756613756614,0,-1,-1,secure-auth-250-linkedin.com
27,27,0,1,3,0,3,0,0,0.35,0.44753086419753085,0,-1,-1,secure-auth-100-twitter.com
23,23,0,2,3,0,1,0,0,0.46153846153846156,0.6583333333333333,1,-1,-1,portal.xn--azur-y4d.com
28,28,0,1,3,0,3,0,0,0.3414634146341463,0.5113756613756614,0,-1,-1,secure-auth-240-linkedin.com
25,25,0,1,3,0,3,0,0,0.368421052631579,0.47333333333333333,0,-1,-1,secure-auth-525-adobe.com
13,13,0,2,0,0,0,0,0,0.7058823529411764,0.8833333333333333,0,-1,-1,vtop.vit.info
26,26,0,1,3,0,3,0,0,0.5555555555555556,0.47179487179487173,0,-1,-1,secure-auth-320-google.com
9,9,0,1,0,0,0,0,0,0.9473684210526316,0.98,0,-1,-1,google.co
25,25,0,1,3,0,3,0,0,0.368421052631579,0.47333333333333333,0,-1,-1,secure-auth-507-adobe.com
30,30,0,3,3,0,3,0,0,1.0,1.0,0,-1,-1,secure-auth-645-vtop.vit.ac.in
17,17,0,1,0,0,0,0,0,0.4666666666666667,0.5703242835595778,0,-1,-1,bankfoamerica.com
29,29,0,1,3,0,3,0,0,0.6190476190476191,0.45042314007831247,0,-1,-1,secure-auth-213-microsoft.com
33,33,0,1,3,0,3,0,0,0.34782608695652173,0.5070707070707071,0,-1,-1,secure-auth-782-bankofamerica.com
25,25,0,1,3,0,3,0,0,0.368421052631579,0.4615384615384615,0,-1,-1,secure-auth-110-chase.com
27,27,0,1,3,0,3,0,0,0.4,0.4703703703703703,0,-1,-1,secure-auth-784-dropbox.com
28,28,0,1,3,0,3,0,0,0.368421052631579,0.4543956043956044,0,-1,-1,secure-auth-971-barclays.com
27,27,0,1,3,0,3,0,0,0.44999999999999996,0.4703703703703703,0,-1,-1,secure-auth-987-spotify.com
13,13,0,1,0,0,0,0,0,0.9230769230769231,0.976923076923077,0,-1,-1,mcirosoft.com
30,30,0,3,3,0,3,0,0,1.0,1.0,0,-1,-1,secure-auth-466-vtop.vit.ac.in
26,26,0,1,3,0,3,0,0,0.5555555555555556,0.47179487179487173,0,-1,-1,secure-auth-919-google.com
30,30,0,1,3,0,3,0,0,0.37209302325581395,0.44273504273504277,0,-1,-1,secure-auth-538-wellsfargo.com
30,30,0,1,3,0,3,0,0,0.37209302325581395,0.44273504273504277,0,-1,-1,secure-auth-929-wellsfargo.com
29,29,0,1,3,0,3,0,0,0.38095238095238093,0.509323116219668,0,-1,-1,secure-auth-599-instagram.com
25,25,0,1,3,0,3,0,0,0.368421052631579,0.4615384615384615,0,-1,-1,secure-auth-369-chase.com
12,12,0,1,0,0,0,0,0,0.31999999999999995,0.547008547008547,0,-1,-1,facebook.xyz
25,25,0,1,3,0,3,0,0,0.4,0.4266666666666667,0,-1,-1,secure-auth-675-apple.com
30,30,0,1,3,0,3,0,0,0.37209302325581395,0.48888888888888893,0,-1,-1,secure-auth-189-salesforce.com
27,27,0,1,3,0,3,0,0,0.35,0.44753086419753085,0,-1,-1,secure-auth-831-netflix.com
23,23,0,1,3,0,3,0,0,0.2222222222222222,0.47681159420289854,0,-1,-1,secure-auth-480-mit.edu
29,29,0,1,3,0,3,0,0,0.6190476190476191,0.45042314007831247,0,-1,-1,secure-auth-748-microsoft.com
25,25,0,1,3,0,3,0,0,0.368421052631579,0.4615384615384615,0,-1,-1,secure-auth-450-chase.com
14,14,0,3,0,0,0,0,0,0.8888888888888888,0.9333333333333333,0,-1,-1,vtop.vkt.ac.in
16,16,0,1,1,0,0,0,0,0.5384615384615384,0.725,0,-1,-1,verify-apple.com
19,19,0,1,1,0,0,0,0,0.4375,0.6356275303643725,0,-1,-1,linkedin-verify.com
25,25,0,1,3,0,3,0,0,0.368421052631579,0.4615384615384615,0,-1,-1,secure-auth-510-slack.com
30,30,0,1,3,0,3,0,0,0.37209302325581395,0.44273504273504277,0,-1,-1,secure-auth-324-wellsfargo.com
12,12,0,1,0,0,0,0,0,0.5454545454545454,0.7000000000000001,0,-1,-1,linmedin.com
26,26,0,1,3,0,3,0,0,0.3589743589743589,0.44943019943019946,0,-1,-1,secure-auth-228-github.com
32,32,0,2,3,0,3,0,0,0.5263157894736843,0.6851851851851851,0,-1,-1,secure-auth-264-portal.azure.com
11,11,0,1,0,0,0,0,0,0.47619047619047616,0.6595959595959596,0,-1,-1,netlfix.com
19,19,0,1,1,0,0,0,0,0.5625,0.6651821862348178,0,-1,-1,account-spotify.com
25,25,0,1,3,0,3,0,0,0.4,0.4266666666666667,0,-1,-1,secure-auth-859-apple.com
17,17,0,1,0,0,0,0,0,0.4666666666666667,0.5703242835595778,0,-1,-1,babkofamerica.com
11,11,0,1,0,0,0,0,0,0.5714285714285714,0.7311688311688312,0,-1,-1,barclys.com
25,25,0,1,3,0,3,0,0,0.368421052631579,0.47333333333333333,0,-1,-1,secure-auth-986-adobe.com
27,27,0,1,3,0,3,0,0,0.19999999999999996,0.4246913580246914,0,-1,-1,secure-auth-795-harvard.edu
8,8,0,1,0,0,0,0,0,0.5714285714285714,0.7083333333333334,0,-1,-1,chas.com
30,30,0,3,3,0,3,0,0,1.0,1.0,0,-1,-1,secure-auth-330-vtop.vit.ac.in
24,24,0,1,3,0,3,0,0,0.3783783783783784,0.5662393162393162,0,-1,-1,secure-auth-599-hsbc.com
26,26,0,1,3,0,3,0,0,0.3589743589743589,0.44943019943019946,0,-1,-1,secure-auth-777-github.com
13,13,0,1,0,0,0,0,0,0.9230769230769231,0.9692307692307692,0,-1,-1,microdoft.com
30,30,0,3,3,0,3,0,0,1.0,1.0,0,-1,-1,secure-auth-116-vtop.vit.ac.in
26,26,0,1,3,0,3,0,0,0.3589743589743589,0.44943019943019946,0,-1,-1,secure-auth-680-github.com
12,12,0,1,0,0,0,0,0,0.24,0.46709401709401704,0,-1,-1,satnford.edu
27,27,0,1,3,0,3,0,0,0.35,0.44753086419753085,0,-1,-1,secure-auth-348-netflix.com
26,26,0,1,3,0,3,0,0,0.3589743589743589,0.452991452991453,0,-1,-1,secure-auth-241-amazon.com
29,29,0,1,3,0,3,0,0,0.6190476190476191,0.45042314007831247,0,-1,-1,secure-auth-764-microsoft.com
29,29,0,1,3,0,3,0,0,0.6190476190476191,0.45042314007831247,0,-1,-1,secure-auth-760-microsoft.com
24,24,0,2,3,0,3,0,0,0.303030303030303,0.5148046398046398,0,-1,-1,secure-auth-686-ox.ac.uk
9,9,0,1,0,0,0,0,0,0.631578947368421,0.7555555555555555,0,-1,-1,zdobe.com
30,30,0,1,3,0,3,0,0,0.37209302325581395,0.44273504273504277,0,-1,-1,secure-auth-496-wellsfargo.com
24,24,0,1,3,0,3,0,0,0.3783783783783784,0.5662393162393162,0,-1,-1,secure-auth-941-hsbc.com
13,13,0,2,1,0,0,0,0,0.4545454545454546,0.58005698005698,0,-1,-1,auth-ox.ac.uk
27,27,0,1,3,0,3,0,0,0.35,0.44753086419753085,0,-1,-1,secure-auth-785-netflix.com
14,14,0,1,1,0,0,0,0,0.5,0.638095238095238,0,-1,-1,auth-slack.com
25,25,0,1,3,0,3,0,0,0.368421052631579,0.4615384615384615,0,-1,-1,secure-auth-735-chase.com
28,28,0,1,3,0,3,0,0,0.3414634146341463,0.4543956043956044,0,-1,-1,secure-auth-399-citibank.com
27,27,0,1,3,0,3,0,0,0.4,0.4703703703703703,0,-1,-1,secure-auth-260-dropbox.com
27,27,0,1,3,0,3,0,0,0.35,0.44753086419753085,0,-1,-1,secure-auth-518-twitter.com
16,16,0,1,1,0,0,0,0,0.48275862068965514,0.5634157509157509,0,-1,-1,secure-chase.com
26,26,0,1,3,0,3,0,0,0.5555555555555556,0.4256410256410256,0,-1,-1,secure-auth-978-paypal.com
25,25,0,1,3,0,3,0,0,0.368421052631579,0.4615384615384615,0,-1,-1,secure-auth-672-chase.com
18,18,0,1,1,0,0,0,0,0.4516129032258065,0.6566951566951568,0,-1,-1,netflix-secure.com
24,24,0,1,3,0,3,0,0,0.3783783783783784,0.5662393162393162,0,-1,-1,secure-auth-231-hsbc.com
12,12,0,1,0,0,0,0,0,0.2857142857142857,0.5092592592592592,0,-1,-1,dtanford.edu
27,27,0,1,3,0,3,0,0,0.35,0.44753086419753085,0,-1,-1,secure-auth-369-twitter.com
28,28,0,1,3,0,3,0,0,0.3902439024390244,0.5009157509157509,0,-1,-1,secure-auth-848-facebook.com
13,13,0,1,0,0,0,0,0,0.5384615384615384,0.6602564102564102,0,-1,-1,instatram.com
25,25,0,1,3,0,3,0,0,0.368421052631579,0.47333333333333333,0,-1,-1,secure-auth-417-adobe.com
8,8,0,1,0,0,0,0,0,0.5555555555555556,0.7083333333333334,0,-1,-1,chae.com
27,27,0,1,3,0,3,0,0,0.44999999999999996,0.4703703703703703,0,-1,-1,secure-auth-697-spotify.com
29,29,0,1,3,0,3,0,0,0.6190476190476191,0.45042314007831247,0,-1,-1,secure-auth-410-microsoft.com
33,33,0,1,3,0,3,0,0,0.34782608695652173,0.5070707070707071,0,-1,-1,secure-auth-525-bankofamerica.com
25,25,0,1,3,0,3,0,0,0.368421052631579,0.47333333333333333,0,-1,-1,secure-auth-471-adobe.com
19,19,0,1,1,0,0,0,0,0.48275862068965514,0.6052631578947368,0,-1,-1,update-citibank.com
30,30,0,3,3,0,3,0,0,1.0,1.0,0,-1,-1,secure-auth-775-vtop.vit.ac.in
9,9,0,2,0,0,0,0,0,0.4444444444444444,0.6296296296296297,0,-1,-1,acm.ac.uk
28,28,0,1,3,0,3,0,0,0.368421052631579,0.4543956043956044,0,-1,-1,secure-auth-247-barclays.com
26,26,0,1,3,0,3,0,0,0.3589743589743589,0.452991452991453,0,-1,-1,secure-auth-903-amazon.com
19,19,0,1,1,0,0,0,0,0.4375,0.6371457489878543,0,-1,-1,signin-barclays.com
24,24,0,2,3,0,3,0,0,0.303030303030303,0.5148046398046398,0,-1,-1,secure-auth-484-ox.ac.uk
32,32,0,2,3,0,3,0,0,0.5263157894736843,0.6851851851851851,0,-1,-1,secure-auth-305-portal.azure.com
13,13,0,1,0,0,1,0,0,0.9230769230769231,0.9358974358974359,0,-1,-1,micros0ft.com
17,17,0,1,1,0,0,0,0,0.4444444444444444,0.5610644257703081,0,-1,-1,verify-amazon.com
27,27,0,1,3,0,3,0,0,0.19999999999999996,0.4246913580246914,0,-1,-1,secure-auth-501-harvard.edu
11,11,0,1,0,0,0,0,0,0.5,0.6515151515151515,0,-1,-1,dripbox.com
16,16,0,1,0,0,0,0,0,0.46153846153846156,0.5801282051282052,0,-1,-1,bankofamerca.com
28,28,0,1,3,0,3,0,0,0.3414634146341463,0.4543956043956044,0,-1,-1,secure-auth-112-citibank.com
28,28,0,1,3,0,3,0,0,0.3902439024390244,0.5009157509157509,0,-1,-1,secure-auth-865-facebook.com
27,27,0,1,3,0,3,0,0,0.35,0.44753086419753085,0,-1,-1,secure-auth-986-twitter.com
26,26,0,1,3,0,3,0,0,0.3589743589743589,0.44943019943019946,0,-1,-1,secure-auth-483-github.com
14,14,0,1,0,0,0,0,0,0.4444444444444444,0.6039377289377289,0,-1,-1,wellsfarbo.com
26,26,0,1,3,0,3,0,0,0.3589743589743589,0.452991452991453,0,-1,-1,secure-auth-788-amazon.com
27,27,0,1,3,0,3,0,0,0.19999999999999996,0.4246913580246914,0,-1,-1,secure-auth-714-harvard.edu
16,16,0,1,1,0,0,0,0,0.5384615384615384,0.725,0,-1,-1,amazon-login.com
23,23,0,1,3,0,3,0,0,0.2222222222222222,0.47681159420289854,0,-1,-1,secure-auth-770-mit.edu
28,28,0,1,3,0,3,0,0,0.368421052631579,0.4543956043956044,0,-1,-1,secure-auth-872-barclays.com
26,26,0,1,3,0,3,0,0,0.3589743589743589,0.452991452991453,0,-1,-1,secure-auth-188-amazon.com
13,13,0,2,1,0,0,0,0,0.4545454545454546,0.58005698005698,0,-1,-1,ox-auth.ac.uk
14,14,0,1,0,0,0,0,0,0.5185185185185186,0.7043142043142043,0,-1,-1,weolsfargo.com
25,25,0,2,3,0,3,0,0,0.2941176470588235,0.47333333333333333,0,-1,-1,secure-auth-966-cam.ac.uk
13,13,0,1,0,0,0,0,0,0.9230769230769231,0.9846153846153847,0,-1,-1,microsfot.com
27,27,0,1,3,0,3,0,0,0.44999999999999996,0.4703703703703703,0,-1,-1,secure-auth-571-spotify.com
30,30,0,3,3,0,3,0,0,1.0,1.0,0,-1,-1,secure-auth-676-vtop.vit.ac.in
25,25,0,1,3,0,3,0,0,0.368421052631579,0.4615384615384615,0,-1,-1,secure-auth-360-slack.com
29,29,0,1,3,0,3,0,0,0.6190476190476191,0.45042314007831247,0,-1,-1,secure-auth-145-microsoft.com
32,32,0,2,3,0,3,0,0,0.5263157894736843,0.6851851851851851,0,-1,-1,secure-auth-322-portal.azure.com
25,25,0,1,3,0,3,0,0,0.368421052631579,0.4615384615384615,0,-1,-1,secure-auth-380-slack.com
18,18,0,1,1,0,0,0,0,0.2222222222222222,0.48888888888888893,0,-1,-1,signin-harvard.edu
30,30,0,1,3,0,3,0,0,0.37209302325581395,0.48888888888888893,0,-1,-1,secure-auth-701-salesforce.com
20,20,0,1,1,0,0,0,0,0.4666666666666667,0.5777777777777778,0,-1,-1,portal-instagram.com
12,12,0,1,0,0,0,0,0,0.48,0.638888888888889,0,-1,-1,cktibank.com
27,27,0,1,3,0,3,0,0,0.35,0.44753086419753085,0,-1,-1,secure-auth-371-twitter.com
27,27,0,1,3,0,3,0,0,0.35,0.44753086419753085,0,-1,-1,secure-auth-640-netflix.com
28,28,0,1,3,0,3,0,0,0.3414634146341463,0.4543956043956044,0,-1,-1,secure-auth-114-citibank.com
29,29,0,1,3,0,3,0,0,0.6190476190476191,0.45042314007831247,0,-1,-1,secure-auth-596-microsoft.com
11,11,0,1,0,0,0,0,0,0.30000000000000004,0.5242424242424243,0,-1,-1,hadvard.edu
27,27,0,1,3,0,3,0,0,0.35,0.44753086419753085,0,-1,-1,secure-auth-754-netflix.com
8,8,0,1,0,0,0,0,0,0.38095238095238093,0.6025641025641025,0,-1,-1,chase.cc
25,25,0,1,3,0,3,0,0,0.368421052631579,0.47333333333333333,0,-1,-1,secure-auth-654-adobe.com
15,15,0,1,1,0,0,0,0,0.8,0.8888888888888888,0,-1,-1,auth-google.com
23,23,0,1,3,0,3,0,0,0.2222222222222222,0.47681159420289854,0,-1,-1,secure-auth-884-mit.edu
11,11,0,1,0,0,0,0,0,0.6666666666666667,0.7257187257187256,0,-1,-1,spotift.com
11,11,0,1,0,0,0,0,0,0.5,0.6515151515151515,0,-1,-1,teitter.com
7,7,0,1,0,0,0,0,0,0.3529411764705882,0.5761904761904763,0,-1,-1,aoom.us
28,28,0,1,3,0,3,0,0,0.3902439024390244,0.5009157509157509,0,-1,-1,secure-auth-139-facebook.com
26,26,0,1,3,0,3,0,0,0.5555555555555556,0.4256410256410256,0,-1,-1,secure-auth-711-paypal.com
12,12,0,1,0,0,0,0,0,0.48,0.6441798941798942,0,-1,-1,ctiibank.com
27,27,0,1,3,0,3,0,0,0.44999999999999996,0.4703703703703703,0,-1,-1,secure-auth-389-spotify.com
29,29,0,1,3,0,3,0,0,0.38095238095238093,0.509323116219668,0,-1,-1,secure-auth-470-instagram.com
28,28,0,1,3,0,3,0,0,0.3414634146341463,0.5113756613756614,0,-1,-1,secure-auth-210-linkedin.com
10,10,0,1,0,0,0,0,0,0.9,0.9766666666666667,0,-1,-1,payapl.com
25,25,0,2,3,0,3,0,0,0.2941176470588235,0.47333333333333333,0,-1,-1,secure-auth-620-cam.ac.uk
30,30,0,1,3,0,3,0,0,0.37209302325581395,0.48888888888888893,0,-1,-1,secure-auth-812-salesforce.com
23,23,0,1,3,0,3,0,0,0.2222222222222222,0.47681159420289854,0,-1,-1,secure-auth-738-mit.edu
26,26,0,1,3,0,3,0,0,0.5555555555555556,0.4256410256410256,0,-1,-1,secure-auth-375-paypal.com
27,27,0,1,3,0,3,0,0,0.35,0.44753086419753085,0,-1,-1,secure-auth-469-twitter.com
27,27,0,1,3,0,3,0,0,0.19999999999999996,0.4246913580246914,0,-1,-1,secure-auth-900-harvard.edu
27,27,0,1,3,0,3,0,0,0.4,0.4703703703703703,0,-1,-1,secure-auth-730-dropbox.com
28,28,0,1,3,0,3,0,0,0.3414634146341463,0.4543956043956044,0,-1,-1,secure-auth-482-citibank.com
26,26,0,1,3,0,3,0,0,0.3589743589743589,0.452991452991453,0,-1,-1,secure-auth-477-amazon.com
27,27,0,1,3,0,3,0,0,0.35,0.44753086419753085,0,-1,-1,secure-auth-298-netflix.com
29,29,0,1,3,0,3,0,0,0.38095238095238093,0.509323116219668,0,-1,-1,secure-auth-761-instagram.com
28,28,0,1,3,0,3,0,0,0.368421052631579,0.4543956043956044,0,-1,-1,secure-auth-118-barclays.com
16,16,0,2,1,0,0,0,0,0.72,0.8460648148148148,0,-1,-1,vit-verify.ac.in
26,26,0,1,3,0,3,0,0,0.5555555555555556,0.4256410256410256,0,-1,-1,secure-auth-616-paypal.com
27,27,0,1,3,0,3,0,0,0.4,0.4703703703703703,0,-1,-1,secure-auth-791-dropbox.com
26,26,0,1,3,0,3,0,0,0.3589743589743589,0.44943019943019946,0,-1,-1,secure-auth-713-github.com
28,28,0,1,3,0,3,0,0,0.368421052631579,0.4543956043956044,0,-1,-1,secure-auth-585-barclays.com
27,27,0,1,3,0,3,0,0,0.4,0.4703703703703703,0,-1,-1,secure-auth-904-dropbox.com
27,27,0,1,3,0,3,0,0,0.35,0.44753086419753085,0,-1,-1,secure-auth-704-netflix.com
30,30,0,1,3,0,3,0,0,0.37209302325581395,0.44273504273504277,0,-1,-1,secure-auth-758-wellsfargo.com
32,32,0,2,3,0,3,0,0,0.5263157894736843,0.6851851851851851,0,-1,-1,secure-auth-456-portal.azure.com
23,23,0,1,3,0,3,0,0,0.2222222222222222,0.47681159420289854,0,-1,-1,secure-auth-201-mit.edu
27,27,0,1,3,0,3,0,0,0.44999999999999996,0.4703703703703703,0,-1,-1,secure-auth-950-spotify.com
13,13,0,1,0,0,0,0,0,0.5384615384615384,0.6446886446886446,0,-1,-1,instageam.com
8,8,0,1,0,0,0,0,0,0.47619047619047616,0.6333333333333333,0,-1,-1,hsbx.com
28,28,0,1,3,0,3,0,0,0.3902439024390244,0.5009157509157509,0,-1,-1,secure-auth-321-facebook.com
27,27,0,1,3,0,3,0,0,0.44999999999999996,0.4703703703703703,0,-1,-1,secure-auth-591-spotify.com
25,25,0,1,3,0,3,0,0,0.4,0.4266666666666667,0,-1,-1,secure-auth-863-apple.com
9,9,0,1,0,0,0,0,0,0.5454545454545454,0.6444444444444444,0,-1,-1,slaco.com
25,25,0,1,3,0,3,0,0,0.368421052631579,0.4615384615384615,0,-1,-1,secure-auth-193-chase.com
26,26,0,1,3,0,3,0,0,0.5555555555555556,0.47179487179487173,0,-1,-1,secure-auth-959-google.com
10,10,0,1,0,0,0,0,0,0.9,0.8962962962962964,0,-1,-1,hoogle.com
23,23,0,1,3,0,3,0,0,0.2222222222222222,0.47681159420289854,0,-1,-1,secure-auth-144-mit.edu
14,14,0,1,0,0,0,0,0,0.4444444444444444,0.6039377289377289,0,-1,-1,wellsfarfo.com
30,30,0,3,3,0,3,0,0,1.0,1.0,0,-1,-1,secure-auth-549-vtop.vit.ac.in
30,30,0,3,3,0,3,0,0,1.0,1.0,0,-1,-1,secure-auth-417-vtop.vit.ac.in
11,11,0,1,0,0,0,0,0,0.5714285714285714,0.7151515151515152,0,-1,-1,dfopbox.com
27,27,0,1,3,0,3,0,0,0.35,0.44753086419753085,0,-1,-1,secure-auth-712-twitter.com
27,27,0,1,3,0,3,0,0,0.4,0.4703703703703703,0,-1,-1,secure-auth-651-dropbox.com
12,12,0,1,0,0,0,0,0,0.56,0.7072649572649573,0,-1,-1,facehook.com
28,28,0,1,3,0,3,0,0,0.368421052631579,0.4543956043956044,0,-1,-1,secure-auth-787-barclays.com
5,5,0,1,0,0,0,0,0,0.4,0.5222222222222221,0,-1,-1,ox.ml
25,25,0,2,3,0,3,0,0,0.2941176470588235,0.47333333333333333,0,-1,-1,secure-auth-318-cam.ac.uk
27,27,0,1,3,0,3,0,0,0.19999999999999996,0.4246913580246914,0,-1,-1,secure-auth-510-harvard.edu
6,6,0,1,0,0,0,0,0,0.4,0.611111111111111,0,-1,-1,it.edu
29,29,0,1,3,0,3,0,0,0.38095238095238093,0.509323116219668,0,-1,-1,secure-auth-911-instagram.com
28,28,0,1,3,0,3,0,0,0.3414634146341463,0.5113756613756614,0,-1,-1,secure-auth-267-linkedin.com
26,26,0,1,3,0,3,0,0,0.5555555555555556,0.4256410256410256,0,-1,-1,secure-auth-720-paypal.com
10,10,0,1,0,0,0,0,0,0.9,0.96,0,-1,-1,paypzl.com
27,27,0,1,3,0,3,0,0,0.44999999999999996,0.4703703703703703,0,-1,-1,secure-auth-377-spotify.com
27,27,0,1,3,0,3,0,0,0.35,0.44753086419753085,0,-1,-1,secure-auth-819-netflix.com
9,9,0,1,0,0,0,0,0,0.42105263157894735,0.6185185185185186,0,-1,-1,amazon.cc
8,8,0,2,0,0,0,0,0,0.47058823529411764,0.6481481481481481,0,-1,-1,od.ac.uk
28,28,0,1,3,0,3,0,0,0.24390243902439024,0.469047619047619,0,-1,-1,secure-auth-159-stanford.edu
8,8,0,1,0,0,0,0,0,0.5555555555555556,0.7083333333333334,0,-1,-1,slck.com
15,15,0,2,0,0,0,0,0,0.4444444444444444,0.6333333333333333,0,-1,-1,portal.azure.co
26,26,0,1,3,0,3,0,0,0.3589743589743589,0.44943019943019946,0,-1,-1,secure-auth-349-github.com
26,26,0,1,3,0,3,0,0,0.5555555555555556,0.47179487179487173,0,-1,-1,secure-auth-951-google.com
25,25,0,1,3,0,3,0,0,0.368421052631579,0.47333333333333333,0,-1,-1,secure-auth-476-adobe.com
28,28,0,1,3,0,3,0,0,0.3414634146341463,0.4543956043956044,0,-1,-1,secure-auth-373-citibank.com
25,25,0,1,3,0,3,0,0,0.368421052631579,0.47333333333333333,0,-1,-1,secure-auth-635-adobe.com
28,28,0,1,3,0,3,0,0,0.3902439024390244,0.5009157509157509,0,-1,-1,secure-auth-841-facebook.com
23,23,0,1,3,0,3,0,0,0.2222222222222222,0.47681159420289854,0,-1,-1,secure-auth-190-mit.edu
16,16,0,1,0,0,0,0,0,0.48275862068965514,0.5801282051282052,0,-1,-1,bakofamerica.com
29,29,0,1,3,0,3,0,0,0.38095238095238093,0.509323116219668,0,-1,-1,secure-auth-239-instagram.com
24,24,0,2,3,0,3,0,0,0.303030303030303,0.5148046398046398,0,-1,-1,secure-auth-401-ox.ac.uk
11,11,0,1,0,0,0,0,0,0.4,0.6026936026936026,0,-1,-1,github.club
24,24,0,1,3,0,3,0,0,0.3783783783783784,0.5662393162393162,0,-1,-1,secure-auth-277-hsbc.com
17,17,0,1,0,0,0,0,0,0.4444444444444444,0.6119909502262444,0,-1,-1,bankofamerida.com
10,10,0,1,0,0,0,0,0,0.8,0.92,0,-1,-1,google.top
13,13,0,1,0,0,0,0,0,0.5384615384615384,0.701923076923077,0,-1,-1,instagfam.com
25,25,0,2,3,0,3,0,0,0.2941176470588235,0.47333333333333333,0,-1,-1,secure-auth-168-cam.ac.uk
17,17,0,1,3,0,1,0,0,0.7407407407407407,0.8627450980392157,1,-1,-1,xn--googl-3we.com
20,20,0,1,3,0,0,0,0,0.4,0.4866300366300366,1,-1,-1,xn--nstagram-shh.com
20,20,0,1,1,0,0,0,0,0.7878787878787878,0.8064102564102563,0,-1,-1,verify-microsoft.com
16,16,0,1,1,0,0,0,0,0.5384615384615384,0.6583333333333333,0,-1,-1,adobe-update.com
13,13,0,1,1,0,0,0,0,0.46153846153846156,0.5615384615384615,0,-1,-1,hsbc-auth.com
27,27,0,1,3,0,3,0,0,0.35,0.44753086419753085,0,-1,-1,secure-auth-416-twitter.com
27,27,0,1,3,0,3,0,0,0.4,0.4703703703703703,0,-1,-1,secure-auth-573-dropbox.com
33,33,0,1,3,0,3,0,0,0.34782608695652173,0.5070707070707071,0,-1,-1,secure-auth-638-bankofamerica.com
26,26,0,1,3,0,3,0,0,0.5555555555555556,0.47179487179487173,0,-1,-1,secure-auth-390-google.com
28,28,0,1,3,0,3,0,0,0.3902439024390244,0.5009157509157509,0,-1,-1,secure-auth-348-facebook.com
25,25,0,2,3,0,3,0,0,0.2941176470588235,0.47333333333333333,0,-1,-1,secure-auth-259-cam.ac.uk
14,14,0,1,0,0,0,0,0,0.5,0.638095238095238,0,-1,-1,sellsfargo.com
28,28,0,1,3,0,3,0,0,0.24390243902439024,0.469047619047619,0,-1,-1,secure-auth-781-stanford.edu
28,28,0,1,3,0,3,0,0,0.3414634146341463,0.5113756613756614,0,-1,-1,secure-auth-387-linkedin.com
27,27,0,1,3,0,3,0,0,0.35,0.44753086419753085,0,-1,-1,secure-auth-687-netflix.com
28,28,0,1,3,0,3,0,0,0.24390243902439024,0.469047619047619,0,-1,-1,secure-auth-131-stanford.edu
32,32,0,2,3,0,3,0,0,0.5263157894736843,0.6851851851851851,0,-1,-1,secure-auth-940-portal.azure.com
14,14,0,3,0,0,0,0,0,0.8888888888888888,0.9666666666666667,0,-1,-1,vtop.vti.ac.in
25,25,0,2,3,0,3,0,0,0.2941176470588235,0.47333333333333333,0,-1,-1,secure-auth-502-cam.ac.uk
28,28,0,1,3,0,3,0,0,0.3414634146341463,0.5113756613756614,0,-1,-1,secure-auth-905-linkedin.com
30,30,0,3,3,0,3,0,0,1.0,1.0,0,-1,-1,secure-auth-824-vtop.vit.ac.in
15,15,0,1,1,0,0,0,0,0.56,0.727065527065527,0,-1,-1,hsbc-portal.com
23,23,0,1,3,0,3,0,0,0.2777777777777778,0.5246376811594203,0,-1,-1,secure-auth-986-zoom.us
26,26,0,1,3,0,3,0,0,0.5555555555555556,0.47179487179487173,0,-1,-1,secure-auth-339-google.com
17,17,0,1,0,0,0,0,0,0.4666666666666667,0.5703242835595778,0,-1,-1,nankofamerica.com
32,32,0,2,3,0,3,0,0,0.5263157894736843,0.6851851851851851,0,-1,-1,secure-auth-621-portal.azure.com
29,29,0,1,3,0,3,0,0,0.6190476190476191,0.45042314007831247,0,-1,-1,secure-auth-879-microsoft.com
26,26,0,1,3,0,3,0,0,0.3589743589743589,0.452991452991453,0,-1,-1,secure-auth-633-amazon.com
29,29,0,1,3,0,3,0,0,0.6190476190476191,0.45042314007831247,0,-1,-1,secure-auth-400-microsoft.com
30,30,0,1,3,0,3,0,0,0.37209302325581395,0.48888888888888893,0,-1,-1,secure-auth-168-salesforce.com
30,30,0,1,3,0,3,0,0,0.37209302325581395,0.48888888888888893,0,-1,-1,secure-auth-586-salesforce.com
9,9,0,1,0,0,0,0,0,0.5454545454545454,0.6851851851851851,0,-1,-1,cahse.com
28,28,0,1,3,0,3,0,0,0.24390243902439024,0.469047619047619,0,-1,-1,secure-auth-950-stanford.edu
24,24,0,2,3,0,3,0,0,0.303030303030303,0.5148046398046398,0,-1,-1,secure-auth-948-ox.ac.uk
21,21,0,1,1,0,0,0,0,0.47058823529411764,0.5404456654456654,0,-1,-1,secure-wellsfargo.com
25,25,0,1,3,0,3,0,0,0.4,0.4266666666666667,0,-1,-1,secure-auth-719-apple.com
13,13,0,1,0,0,0,0,0,0.7692307692307692,0.9076923076923077,0,-1,-1,microsoft.net
26,26,0,1,3,0,3,0,0,0.3589743589743589,0.44943019943019946,0,-1,-1,secure-auth-997-github.com
29,29,0,1,3,0,3,0,0,0.6190476190476191,0.45042314007831247,0,-1,-1,secure-auth-411-microsoft.com
30,30,0,1,3,0,3,0,0,0.37209302325581395,0.48888888888888893,0,-1,-1,secure-auth-160-salesforce.com
7,7,0,1,0,0,0,0,0,0.30000000000000004,0.5663003663003664,0,-1,-1,ziom.us
25,25,0,1,3,0,3,0,0,0.368421052631579,0.4615384615384615,0,-1,-1,secure-auth-122-slack.com
25,25,0,1,3,0,3,0,0,0.368421052631579,0.4615384615384615,0,-1,-1,secure-auth-856-slack.com
30,30,0,3,3,0,3,0,0,1.0,1.0,0,-1,-1,secure-auth-513-vtop.vit.ac.in
12,12,0,1,0,0,0,0,0,0.2857142857142857,0.5092592592592592,0,-1,-1,wtanford.edu
27,27,0,1,3,0,3,0,0,0.44999999999999996,0.4703703703703703,0,-1,-1,secure-auth-205-spotify.com
11,11,0,1,0,0,0,0,0,0.30000000000000004,0.47377622377622375,0,-1,-1,stanfrd.edu
28,28,0,1,3,0,3,0,0,0.24390243902439024,0.469047619047619,0,-1,-1,secure-auth-818-stanford.edu
8,8,0,1,0,0,0,0,0,0.5555555555555556,0.6416666666666667,0,-1,-1,gsbc.com
19,19,0,1,1,0,0,0,0,0.4137931034482759,0.5924426450742241,0,-1,-1,linkedin-signin.com
27,27,0,1,3,0,3,0,0,0.44999999999999996,0.4703703703703703,0,-1,-1,secure-auth-180-spotify.com
28,28,0,1,3,0,3,0,0,0.24390243902439024,0.469047619047619,0,-1,-1,secure-auth-863-stanford.edu
28,28,0,1,3,0,3,0,0,0.3902439024390244,0.5009157509157509,0,-1,-1,secure-auth-914-facebook.com
15,15,0,1,1,0,0,0,0,0.31999999999999995,0.5777777777777778,0,-1,-1,account-mit.edu
26,26,0,1,3,0,3,0,0,0.3589743589743589,0.44943019943019946,0,-1,-1,secure-auth-915-github.com
10,10,0,1,0,0,0,0,0,0.6086956521739131,0.6666666666666666,0,-1,-1,amszon.com
20,20,0,1,1,0,0,0,0,0.48484848484848486,0.602991452991453,0,-1,-1,secure-instagram.com
32,32,0,2,3,0,3,0,0,0.5263157894736843,0.6851851851851851,0,-1,-1,secure-auth-804-portal.azure.com
19,19,0,1,1,0,0,0,0,0.2857142857142857,0.48133153396311296,0,-1,-1,stanford-signin.edu
29,29,0,1,3,0,3,0,0,0.6190476190476191,0.45042314007831247,0,-1,-1,secure-auth-247-microsoft.com
29,29,0,1,3,0,3,0,0,0.38095238095238093,0.509323116219668,0,-1,-1,secure-auth-151-instagram.com
25,25,0,1,3,0,3,0,0,0.368421052631579,0.47333333333333333,0,-1,-1,secure-auth-613-adobe.com
10,10,0,1,0,0,0,0,0,0.4347826086956522,0.6,0,-1,-1,twitter.co
24,24,0,1,3,0,3,0,0,0.3783783783783784,0.5662393162393162,0,-1,-1,secure-auth-570-hsbc.com
27,27,0,1,3,0,3,0,0,0.19999999999999996,0.4246913580246914,0,-1,-1,secure-auth-299-harvard.edu
22,22,0,1,1,0,0,0,0,0.4,0.5090909090909091,0,-1,-1,auth-bankofamerica.com
26,26,0,1,3,0,3,0,0,0.3589743589743589,0.452991452991453,0,-1,-1,secure-auth-582-amazon.com
27,27,0,1,3,0,3,0,0,0.35,0.44753086419753085,0,-1,-1,secure-auth-791-twitter.com
26,26,0,1,3,0,3,0,0,0.5555555555555556,0.47179487179487173,0,-1,-1,secure-auth-882-google.com
10,10,0,1,0,0,0,0,0,0.6086956521739131,0.7333333333333334,0,-1,-1,dropbo.com
11,11,0,1,0,0,0,0,0,0.2857142857142857,0.5242424242424243,0,-1,-1,netflix.top
11,11,0,1,0,0,0,0,0,0.5,0.6515151515151515,0,-1,-1,twityer.com
16,16,0,2,0,0,0,0,0,0.5263157894736843,0.6851851851851851,0,-1,-1,portal.axure.com
9,9,0,2,0,0,0,0,0,0.5555555555555556,0.6370370370370371,0,-1,-1,vam.ac.uk
30,30,0,1,3,0,3,0,0,0.37209302325581395,0.48888888888888893,0,-1,-1,secure-auth-560-salesforce.com
25,25,0,2,3,0,3,0,0,0.2941176470588235,0.47333333333333333,0,-1,-1,secure-auth-550-cam.ac.uk
26,26,0,1,3,0,3,0,0,0.3589743589743589,0.44943019943019946,0,-1,-1,secure-auth-373-github.com
8,8,0,2,0,0,0,0,0,0.5882352941176471,0.7268518518518517,0,-1,-1,ix.ac.uk
24,24,0,1,3,0,3,0,0,0.3783783783783784,0.5662393162393162,0,-1,-1,secure-auth-142-hsbc.com
14,14,0,1,0,0,0,0,0,0.5,0.638095238095238,0,-1,-1,weklsfargo.com
24,24,0,1,3,0,3,0,0,0.3783783783783784,0.5662393162393162,0,-1,-1,secure-auth-990-hsbc.com
10,10,0,1,0,0,0,0,0,0.4,0.6,0,-1,-1,harvard.ml
14,14,0,1,0,0,0,0,0,0.5185185185185186,0.638095238095238,0,-1,-1,wellscargo.com
23,23,0,1,3,0,3,0,0,0.2222222222222222,0.47681159420289854,0,-1,-1,secure-auth-185-mit.edu
10,10,0,1,0,0,0,0,0,0.5,0.6666666666666666,0,-1,-1,gjthub.com
24,24,0,2,3,0,3,0,0,0.303030303030303,0.5148046398046398,0,-1,-1,secure-auth-940-ox.ac.uk
12,12,0,1,0,0,0,0,0,0.2857142857142857,0.46709401709401704,0,-1,-1,stajford.edu
17,17,0,1,0,0,0,0,0,0.4666666666666667,0.5548373195432018,0,-1,-1,bankodamerica.com
25,25,0,1,3,0,3,0,0,0.368421052631579,0.4615384615384615,0,-1,-1,secure-auth-175-chase.com
26,26,0,1,3,0,3,0,0,0.3589743589743589,0.452991452991453,0,-1,-1,secure-auth-879-amazon.com
26,26,0,1,3,0,3,0,0,0.3589743589743589,0.452991452991453,0,-1,-1,secure-auth-773-amazon.com
10,10,0,1,0,0,0,0,0,0.9,0.9533333333333333,0,-1,-1,goofle.com
33,33,0,1,3,0,3,0,0,0.34782608695652173,0.5070707070707071,0,-1,-1,secure-auth-970-bankofamerica.com
28,28,0,1,3,0,3,0,0,0.3414634146341463,0.5113756613756614,0,-1,-1,secure-auth-219-linkedin.com
28,28,0,1,3,0,3,0,0,0.24390243902439024,0.469047619047619,0,-1,-1,secure-auth-198-stanford.edu
30,30,0,1,3,0,3,0,0,0.37209302325581395,0.44273504273504277,0,-1,-1,secure-auth-255-wellsfargo.com
17,17,0,1,1,0,0,0,0,0.7407407407407407,0.8976470588235295,0,-1,-1,paypal-portal.com
9,9,0,1,0,0,0,0,0,0.9473684210526316,0.9366666666666666,0,-1,-1,pypal.com
12,12,0,1,0,0,0,0,0,0.5454545454545454,0.7134920634920635,0,-1,-1,favebook.com
29,29,0,1,3,0,3,0,0,0.38095238095238093,0.509323116219668,0,-1,-1,secure-auth-244-instagram.com
23,23,0,1,3,0,3,0,0,0.2222222222222222,0.47681159420289854,0,-1,-1,secure-auth-900-mit.edu
25,25,0,1,3,0,3,0,0,0.368421052631579,0.47333333333333333,0,-1,-1,secure-auth-464-adobe.com
27,27,0,1,3,0,3,0,0,0.35,0.44753086419753085,0,-1,-1,secure-auth-672-twitter.com
28,28,0,1,3,0,3,0,0,0.368421052631579,0.4543956043956044,0,-1,-1,secure-auth-931-barclays.com
28,28,0,1,3,0,3,0,0,0.368421052631579,0.4543956043956044,0,-1,-1,secure-auth-435-barclays.com
24,24,0,1,3,0,3,0,0,0.3783783783783784,0.5662393162393162,0,-1,-1,secure-auth-705-hsbc.com
23,23,0,1,3,0,3,0,0,0.2222222222222222,0.47681159420289854,0,-1,-1,secure-auth-442-mit.edu
28,28,0,1,3,0,3,0,0,0.24390243902439024,0.469047619047619,0,-1,-1,secure-auth-691-stanford.edu
11,11,0,1,0,0,0,0,0,0.5714285714285714,0.6595959595959596,0,-1,-1,arnazon.com
18,18,0,1,1,0,0,0,0,0.4516129032258065,0.7082621082621084,0,-1,-1,spotify-verify.com
29,29,0,1,3,0,3,0,0,0.6190476190476191,0.45042314007831247,0,-1,-1,secure-auth-711-microsoft.com
27,27,0,1,3,0,3,0,0,0.19999999999999996,0.4246913580246914,0,-1,-1,secure-auth-351-harvard.edu
14,14,0,1,0,0,0,0,0,0.5,0.638095238095238,0,-1,-1,salesfroce.com
25,25,0,1,3,0,3,0,0,0.368421052631579,0.4615384615384615,0,-1,-1,secure-auth-360-chase.com
30,30,0,3,3,0,3,0,0,1.0,1.0,0,-1,-1,secure-auth-674-vtop.vit.ac.in
7,7,0,1,0,0,0,0,0,0.3529411764705882,0.5738095238095239,0,-1,-1,ox.club
29,29,0,1,3,0,3,0,0,0.38095238095238093,0.509323116219668,0,-1,-1,secure-auth-598-instagram.com
24,24,0,1,3,0,3,0,0,0.3783783783783784,0.5662393162393162,0,-1,-1,secure-auth-423-hsbc.com
9,9,0,1,0,0,0,0,0,0.5454545454545454,0.6851851851851851,0,-1,-1,chasw.com
23,23,0,1,3,0,3,0,0,0.2222222222222222,0.47681159420289854,0,-1,-1,secure-auth-704-mit.edu
26,26,0,1,3,0,3,0,0,0.3589743589743589,0.452991452991453,0,-1,-1,secure-auth-480-amazon.com
13,13,0,1,0,0,0,0,0,0.5384615384615384,0.6602564102564102,0,-1,-1,instagrzm.com
27,27,0,1,3,0,3,0,0,0.4,0.4703703703703703,0,-1,-1,secure-auth-996-dropbox.com
30,30,0,3,3,0,3,0,0,1.0,1.0,0,-1,-1,secure-auth-930-vtop.vit.ac.in
24,24,0,1,3,0,3,0,0,0.3783783783783784,0.5662393162393162,0,-1,-1,secure-auth-600-hsbc.com
12,12,0,1,0,0,0,0,0,0.2857142857142857,0.5092592592592592,0,-1,-1,etanford.edu
28,28,0,1,3,0,3,0,0,0.3414634146341463,0.5113756613756614,0,-1,-1,secure-auth-980-linkedin.com
26,26,0,1,3,0,3,0,0,0.3589743589743589,0.452991452991453,0,-1,-1,secure-auth-424-amazon.com
17,17,0,1,0,0,0,0,0,0.3076923076923077,0.5398692810457516,0,-1,-1,bankofamerica.biz
30,30,0,1,3,0,3,0,0,0.37209302325581395,0.48888888888888893,0,-1,-1,secure-auth-651-salesforce.com
27,27,0,1,3,0,3,0,0,0.35,0.44753086419753085,0,-1,-1,secure-auth-733-netflix.com
13,13,0,1,0,0,0,0,0,0.3076923076923077,0.5615384615384615,0,-1,-1,stanford.club
24,24,0,2,3,0,3,0,0,0.303030303030303,0.5148046398046398,0,-1,-1,secure-auth-888-ox.ac.uk
27,27,0,1,3,0,3,0,0,0.35,0.44753086419753085,0,-1,-1,secure-auth-773-netflix.com
28,28,0,1,3,0,3,0,0,0.3414634146341463,0.5113756613756614,0,-1,-1,secure-auth-710-linkedin.com
17,17,0,2,1,0,0,0,0,0.4,0.5398692810457516,0,-1,-1,cam-account.ac.uk
24,24,0,1,3,0,3,0,0,0.3783783783783784,0.5662393162393162,0,-1,-1,secure-auth-612-hsbc.com
27,27,0,1,3,0,3,0,0,0.4,0.4703703703703703,0,-1,-1,secure-auth-971-dropbox.com
10,10,0,1,0,0,0,0,0,0.5,0.6666666666666666,0,-1,-1,ntflix.com
30,30,0,1,3,0,3,0,0,0.37209302325581395,0.48888888888888893,0,-1,-1,secure-auth-521-salesforce.com
26,26,0,1,3,0,3,0,0,0.5555555555555556,0.4256410256410256,0,-1,-1,secure-auth-559-paypal.com
23,23,0,1,3,0,3,0,0,0.2777777777777778,0.5246376811594203,0,-1,-1,secure-auth-710-zoom.us
17,17,0,1,0,0,0,0,0,0.4666666666666667,0.5954248366013072,0,-1,-1,bankifamerica.com
28,28,0,1,3,0,3,0,0,0.3414634146341463,0.5113756613756614,0,-1,-1,secure-auth-224-linkedin.com
27,27,0,1,3,0,3,0,0,0.35,0.44753086419753085,0,-1,-1,secure-auth-801-twitter.com
33,33,0,1,3,0,3,0,0,0.34782608695652173,0.5070707070707071,0,-1,-1,secure-auth-347-bankofamerica.com
30,30,0,1,3,0,3,0,0,0.37209302325581395,0.44273504273504277,0,-1,-1,secure-auth-240-wellsfargo.com
27,27,0,1,3,0,3,0,0,0.19999999999999996,0.4246913580246914,0,-1,-1,secure-auth-323-harvard.edu
26,26,0,1,3,0,3,0,0,0.5555555555555556,0.47179487179487173,0,-1,-1,secure-auth-913-google.com
25,25,0,1,3,0,3,0,0,0.368421052631579,0.47333333333333333,0,-1,-1,secure-auth-479-adobe.com
20,20,0,1,1,0,0,0,0,0.4242424242424242,0.6301282051282051,0,-1,-1,account-citibank.com
25,25,0,1,3,0,3,0,0,0.4,0.4266666666666667,0,-1,-1,secure-auth-255-apple.com
9,9,0,1,0,0,0,0,0,0.8421052631578947,0.9377777777777778,0,-1,-1,paypal.cc
26,26,0,1,3,0,3,0,0,0.3589743589743589,0.452991452991453,0,-1,-1,secure-auth-574-amazon.com
24,24,0,2,3,0,3,0,0,0.303030303030303,0.5148046398046398,0,-1,-1,secure-auth-751-ox.ac.uk
26,26,0,1,3,0,3,0,0,0.5555555555555556,0.47179487179487173,0,-1,-1,secure-auth-443-google.com
9,9,0,1,0,0,0,0,0,0.631578947368421,0.7000000000000001,0,-1,-1,adpbe.com
33,33,0,1,3,0,3,0,0,0.34782608695652173,0.5070707070707071,0,-1,-1,secure-auth-354-bankofamerica.com
23,23,0,1,3,0,3,0,0,0.2777777777777778,0.5246376811594203,0,-1,-1,secure-auth-948-zoom.us
28,28,0,1,3,0,3,0,0,0.368421052631579,0.4543956043956044,0,-1,-1,secure-auth-560-barclays.com
14,14,0,1,3,0,0,0,0,0.26086956521739135,0.5158730158730158,1,-1,-1,xn--mt-hoc.edu
16,16,0,1,1,0,0,0,0,0.5384615384615384,0.6833333333333332,0,-1,-1,apple-secure.com
25,25,0,1,3,0,3,0,0,0.4,0.4266666666666667,0,-1,-1,secure-auth-842-apple.com
27,27,0,1,3,0,3,0,0,0.35,0.44753086419753085,0,-1,-1,secure-auth-413-netflix.com
25,25,0,1,3,0,3,0,0,0.4,0.4266666666666667,0,-1,-1,secure-auth-724-apple.com
29,29,0,1,3,0,3,0,0,0.6190476190476191,0.45042314007831247,0,-1,-1,secure-auth-179-microsoft.com
30,30,0,1,3,0,3,0,0,0.37209302325581395,0.48888888888888893,0,-1,-1,secure-auth-148-salesforce.com
33,33,0,1,3,0,3,0,0,0.34782608695652173,0.5070707070707071,0,-1,-1,secure-auth-314-bankofamerica.com
23,23,0,1,3,0,3,0,0,0.2777777777777778,0.5246376811594203,0,-1,-1,secure-auth-255-zoom.us
27,27,0,1,3,0,3,0,0,0.35,0.44753086419753085,0,-1,-1,secure-auth-424-netflix.com
11,11,0,1,0,0,0,0,0,0.5833333333333333,0.7257187257187256,0,-1,-1,spotiyf.com
19,19,0,1,1,0,0,0,0,0.4137931034482759,0.5880084827453248,0,-1,-1,verify-linkedin.com
14,14,0,1,0,0,0,0,0,0.37037037037037035,0.6206349206349207,0,-1,-1,instagram.club
26,26,0,1,3,0,3,0,0,0.3589743589743589,0.452991452991453,0,-1,-1,secure-auth-253-amazon.com
16,16,0,1,1,0,0,0,0,0.5384615384615384,0.725,0,-1,-1,apple-verify.com
28,28,0,1,3,0,3,0,0,0.3414634146341463,0.4543956043956044,0,-1,-1,secure-auth-387-citibank.com
30,30,0,1,3,0,3,0,0,0.37209302325581395,0.44273504273504277,0,-1,-1,secure-auth-967-wellsfargo.com
28,28,0,1,3,0,3,0,0,0.368421052631579,0.4543956043956044,0,-1,-1,secure-auth-305-barclays.com
19,19,0,1,1,0,0,0,0,0.5517241379310345,0.6371457489878543,0,-1,-1,portal-barclays.com
25,25,0,1,3,0,3,0,0,0.368421052631579,0.4615384615384615,0,-1,-1,secure-auth-898-slack.com
23,23,0,1,3,0,3,0,0,0.2777777777777778,0.5246376811594203,0,-1,-1,secure-auth-973-zoom.us
14,14,0,1,0,0,0,0,0,0.5185185185185186,0.638095238095238,0,-1,-1,wellsfatgo.com
28,28,0,1,3,0,3,0,0,0.368421052631579,0.4543956043956044,0,-1,-1,secure-auth-455-barclays.com
28,28,0,1,3,0,3,0,0,0.3414634146341463,0.5113756613756614,0,-1,-1,secure-auth-411-linkedin.com
25,25,0,1,3,0,3,0,0,0.368421052631579,0.47333333333333333,0,-1,-1,secure-auth-749-adobe.com
29,29,0,1,3,0,3,0,0,0.6190476190476191,0.45042314007831247,0,-1,-1,secure-auth-879-microsoft.com
23,23,0,1,3,0,3,0,0,0.2222222222222222,0.47681159420289854,0,-1,-1,secure-auth-268-mit.edu
12,12,0,1,0,0,0,0,0,0.2857142857142857,0.5166666666666667,0,-1,-1,stanfoed.edu
27,27,0,1,3,0,3,0,0,0.35,0.44753086419753085,0,-1,-1,secure-auth-596-twitter.com
25,25,0,1,3,0,3,0,0,0.4,0.4266666666666667,0,-1,-1,secure-auth-938-apple.com
29,29,0,1,3,0,3,0,0,0.6190476190476191,0.45042314007831247,0,-1,-1,secure-auth-747-microsoft.com
30,30,0,1,3,0,3,0,0,0.37209302325581395,0.48888888888888893,0,-1,-1,secure-auth-274-salesforce.com
9,9,0,1,0,0,0,0,0,0.8421052631578947,0.9377777777777778,0,-1,-1,google.cc
15,15,0,2,0,0,0,0,0,0.5555555555555556,0.7083333333333334,0,-1,-1,portal.azur.com
25,25,0,1,3,0,3,0,0,0.368421052631579,0.47333333333333333,0,-1,-1,secure-auth-397-adobe.com
28,28,0,1,3,0,3,0,0,0.3902439024390244,0.5009157509157509,0,-1,-1,secure-auth-692-facebook.com
26,26,0,1,3,0,3,0,0,0.5555555555555556,0.4256410256410256,0,-1,-1,secure-auth-340-paypal.com
16,16,0,2,1,0,0,0,0,0.4,0.5472222222222222,0,-1,-1,update-cam.ac.uk
11,11,0,1,0,0,0,0,0,0.5833333333333333,0.724941724941725,0,-1,-1,dropbod.com
27,27,0,1,3,0,3,0,0,0.35,0.44753086419753085,0,-1,-1,secure-auth-844-twitter.com
27,27,0,1,3,0,3,0,0,0.19999999999999996,0.4246913580246914,0,-1,-1,secure-auth-159-harvard.edu
28,28,0,1,3,0,3,0,0,0.3414634146341463,0.5113756613756614,0,-1,-1,secure-auth-860-linkedin.com
27,27,0,1,3,0,3,0,0,0.44999999999999996,0.4703703703703703,0,-1,-1,secure-auth-623-spotify.com
16,16,0,1,1,0,0,0,0,0.5384615384615384,0.6833333333333332,0,-1,-1,update-slack.com
11,11,0,1,0,0,0,0,0,0.33333333333333337,0.5571095571095571,0,-1,-1,dropbox.xyz
27,27,0,1,3,0,3,0,0,0.35,0.44753086419753085,0,-1,-1,secure-auth-238-netflix.com
30,30,0,1,3,0,3,0,0,0.37209302325581395,0.44273504273504277,0,-1,-1,secure-auth-144-wellsfargo.com
10,10,0,1,0,0,0,0,0,0.6086956521739131,0.7333333333333334,0,-1,-1,dropox.com
20,20,0,1,1,0,0,0,0,0.5333333333333333,0.6564102564102564,0,-1,-1,instagram-portal.com
29,29,0,1,3,0,3,0,0,0.6190476190476191,0.45042314007831247,0,-1,-1,secure-auth-897-microsoft.com
11,11,0,1,0,0,0,0,0,0.30000000000000004,0.5242424242424243,0,-1,-1,jarvard.edu
28,28,0,1,3,0,3,0,0,0.24390243902439024,0.469047619047619,0,-1,-1,secure-auth-725-stanford.edu
23,23,0,1,3,0,3,0,0,0.2777777777777778,0.5246376811594203,0,-1,-1,secure-auth-448-zoom.us
27,27,0,1,3,0,3,0,0,0.44999999999999996,0.4703703703703703,0,-1,-1,secure-auth-119-spotify.com
25,25,0,1,3,0,3,0,0,0.368421052631579,0.4615384615384615,0,-1,-1,secure-auth-544-chase.com
18,18,0,1,1,0,0,0,0,0.5161290322580645,0.6032763532763533,0,-1,-1,twitter-portal.com
12,12,0,1,0,0,0,0,0,0.48,0.7268518518518517,0,-1,-1,citivank.com
24,24,0,1,3,0,3,0,0,0.3783783783783784,0.5662393162393162,0,-1,-1,secure-auth-445-hsbc.com
30,30,0,3,3,0,3,0,0,1.0,1.0,0,-1,-1,secure-auth-405-vtop.vit.ac.in
27,27,0,1,3,0,3,0,0,0.35,0.44753086419753085,0,-1,-1,secure-auth-922-twitter.com
27,27,0,1,3,0,3,0,0,0.35,0.44753086419753085,0,-1,-1,secure-auth-189-netflix.com
26,26,0,1,3,0,3,0,0,0.3589743589743589,0.44943019943019946,0,-1,-1,secure-auth-567-github.com
27,27,0,1,3,0,3,0,0,0.35,0.44753086419753085,0,-1,-1,secure-auth-869-netflix.com
27,27,0,1,3,0,3,0,0,0.4,0.4703703703703703,0,-1,-1,secure-auth-681-dropbox.com
13,13,0,1,0,0,0,0,0,0.9230769230769231,0.9192307692307693,0,-1,-1,micrlsoft.com
8,8,0,1,0,0,0,0,0,0.3529411764705882,0.5192307692307693,0,-1,-1,slack.cc
28,28,0,1,3,0,3,0,0,0.3414634146341463,0.5113756613756614,0,-1,-1,secure-auth-927-linkedin.com
30,30,0,1,3,0,3,0,0,0.37209302325581395,0.44273504273504277,0,-1,-1,secure-auth-777-wellsfargo.com
28,28,0,1,3,0,3,0,0,0.368421052631579,0.4543956043956044,0,-1,-1,secure-auth-886-barclays.com
33,33,0,1,3,0,3,0,0,0.34782608695652173,0.5070707070707071,0,-1,-1,secure-auth-287-bankofamerica.com
23,23,0,1,3,0,3,0,0,0.2222222222222222,0.47681159420289854,0,-1,-1,secure-auth-760-mit.edu
25,25,0,1,3,0,3,0,0,0.368421052631579,0.47333333333333333,0,-1,-1,secure-auth-135-adobe.com
28,28,0,1,3,0,3,0,0,0.3902439024390244,0.5009157509157509,0,-1,-1,secure-auth-761-facebook.com
17,17,0,1,1,0,0,0,0,0.7407407407407407,0.7294117647058824,0,-1,-1,secure-paypal.com
25,25,0,2,3,0,3,0,0,0.2941176470588235,0.47333333333333333,0,-1,-1,secure-auth-751-cam.ac.uk
19,19,0,1,1,0,0,0,0,0.5,0.687154950312845,0,-1,-1,spotify-account.com
26,26,0,1,3,0,3,0,0,0.3589743589743589,0.44943019943019946,0,-1,-1,secure-auth-361-github.com
16,16,0,2,0,0,0,0,0,0.5263157894736843,0.6851851851851851,0,-1,-1,portal.azurd.com
33,33,0,1,3,0,3,0,0,0.34782608695652173,0.5070707070707071,0,-1,-1,secure-auth-809-bankofamerica.com
26,26,0,1,3,0,3,0,0,0.3589743589743589,0.452991452991453,0,-1,-1,secure-auth-144-amazon.com
28,28,0,1,3,0,3,0,0,0.3414634146341463,0.4543956043956044,0,-1,-1,secure-auth-836-citibank.com
28,28,0,1,3,0,3,0,0,0.3414634146341463,0.5113756613756614,0,-1,-1,secure-auth-471-linkedin.com
26,26,0,1,3,0,3,0,0,0.3589743589743589,0.452991452991453,0,-1,-1,secure-auth-974-amazon.com
12,12,0,1,0,0,0,0,0,0.96,0.9846153846153847,0,-1,-1,microoft.com
23,23,0,1,3,0,3,0,0,0.2777777777777778,0.5246376811594203,0,-1,-1,secure-auth-375-zoom.us
30,30,0,1,3,0,3,0,0,0.37209302325581395,0.48888888888888893,0,-1,-1,secure-auth-956-salesforce.com
27,27,0,1,3,0,3,0,0,0.4,0.4703703703703703,0,-1,-1,secure-auth-189-dropbox.com
25,25,0,1,3,0,3,0,0,0.368421052631579,0.4615384615384615,0,-1,-1,secure-auth-934-chase.com
28,28,0,1,3,0,3,0,0,0.3902439024390244,0.5009157509157509,0,-1,-1,secure-auth-644-facebook.com
27,27,0,1,3,0,3,0,0,0.35,0.44753086419753085,0,-1,-1,secure-auth-105-twitter.com
11,11,0,1,0,0,0,0,0,0.5833333333333333,0.724941724941725,0,-1,-1,dropboz.com
26,26,0,1,3,0,3,0,0,0.3589743589743589,0.452991452991453,0,-1,-1,secure-auth-853-amazon.com
27,27,0,1,3,0,3,0,0,0.19999999999999996,0.4246913580246914,0,-1,-1,secure-auth-304-harvard.edu
7,7,0,2,0,0,0,0,0,0.5,0.671957671957672,0,-1,-1,x.ac.uk
16,16,0,1,1,0,0,0,0,0.6153846153846154,0.7097222222222221,0,-1,-1,apple-portal.com
23,23,0,1,3,0,3,0,0,0.2222222222222222,0.47681159420289854,0,-1,-1,secure-auth-368-mit.edu
8,8,0,1,0,0,0,0,0,0.33333333333333337,0.5583333333333333,0,-1,-1,zoom.xyz
23,23,0,1,3,0,3,0,0,0.2777777777777778,0.5246376811594203,0,-1,-1,secure-auth-561-zoom.us
10,10,0,1,0,0,0,0,0,0.9,0.96,0,-1,-1,googke.com
28,28,0,1,3,0,3,0,0,0.24390243902439024,0.469047619047619,0,-1,-1,secure-auth-696-stanford.edu
26,26,0,1,3,0,3,0,0,0.3589743589743589,0.44943019943019946,0,-1,-1,secure-auth-241-github.com
25,25,0,2,3,0,3,0,0,0.2941176470588235,0.47333333333333333,0,-1,-1,secure-auth-488-cam.ac.uk
30,30,0,1,3,0,3,0,0,0.37209302325581395,0.44273504273504277,0,-1,-1,secure-auth-710-wellsfargo.com
27,27,0,1,3,0,3,0,0,0.35,0.44753086419753085,0,-1,-1,secure-auth-734-netflix.com
30,30,0,3,3,0,3,0,0,1.0,1.0,0,-1,-1,secure-auth-841-vtop.vit.ac.in
16,16,0,1,3,0,2,0,0,0.3846153846153846,0.5566239316239316,1,-1,-1,xn--slck-63d.com
33,33,0,1,3,0,3,0,0,0.34782608695652173,0.5070707070707071,0,-1,-1,secure-auth-998-bankofamerica.com
25,25,0,1,3,0,3,0,0,0.368421052631579,0.4615384615384615,0,-1,-1,secure-auth-945-chase.com
16,16,0,2,1,0,0,0,0,0.4,0.5472222222222222,0,-1,-1,cam-update.ac.uk
29,29,0,1,3,0,3,0,0,0.6190476190476191,0.45042314007831247,0,-1,-1,secure-auth-267-microsoft.com
13,13,0,1,0,0,0,0,0,0.5217391304347826,0.5970695970695971,0,-1,-1,insgagram.com
8,8,0,1,0,0,0,0,0,0.47619047619047616,0.6260683760683761,0,-1,-1,bsbc.com
17,17,0,1,0,0,0,0,0,0.4666666666666667,0.5703242835595778,0,-1,-1,bankofamericw.com
33,33,0,1,3,0,3,0,0,0.34782608695652173,0.5070707070707071,0,-1,-1,secure-auth-938-bankofamerica.com
25,25,0,1,3,0,3,0,0,0.368421052631579,0.4615384615384615,0,-1,-1,secure-auth-829-chase.com
27,27,0,1,3,0,3,0,0,0.4,0.4703703703703703,0,-1,-1,secure-auth-533-dropbox.com
28,28,0,1,3,0,3,0,0,0.368421052631579,0.4543956043956044,0,-1,-1,secure-auth-949-barclays.com
7,7,0,1,0,0,1,0,0,0.30000000000000004,0.5026455026455027,0,-1,-1,m1t.edu
16,16,0,1,0,0,0,0,0,0.48275862068965514,0.5801282051282052,0,-1,-1,ankofamerica.com
28,28,0,1,3,0,3,0,0,0.24390243902439024,0.469047619047619,0,-1,-1,secure-auth-895-stanford.edu
24,24,0,1,3,0,3,0,0,0.3783783783783784,0.5662393162393162,0,-1,-1,secure-auth-857-hsbc.com
18,18,0,1,1,0,0,0,0,0.5,0.6566951566951568,0,-1,-1,netflix-portal.com
27,27,0,1,3,0,3,0,0,0.35,0.44753086419753085,0,-1,-1,secure-auth-633-twitter.com
28,28,0,1,3,0,3,0,0,0.3414634146341463,0.4543956043956044,0,-1,-1,secure-auth-451-citibank.com
25,25,0,1,3,0,3,0,0,0.368421052631579,0.47333333333333333,0,-1,-1,secure-auth-416-adobe.com
25,25,0,1,3,0,3,0,0,0.4,0.4266666666666667,0,-1,-1,secure-auth-860-apple.com
33,33,0,1,3,0,3,0,0,0.34782608695652173,0.5070707070707071,0,-1,-1,secure-auth-951-bankofamerica.com
28,28,0,1,3,0,3,0,0,0.24390243902439024,0.469047619047619,0,-1,-1,secure-auth-996-stanford.edu
13,13,0,1,0,0,0,0,0,0.5384615384615384,0.6602564102564102,0,-1,-1,instzgram.com
29,29,0,1,3,0,3,0,0,0.6190476190476191,0.45042314007831247,0,-1,-1,secure-auth-122-microsoft.com
9,9,0,1,0,0,0,0,0,0.5263157894736843,0.7000000000000001,0,-1,-1,slcak.com
30,30,0,1,3,0,3,0,0,0.37209302325581395,0.44273504273504277,0,-1,-1,secure-auth-192-wellsfargo.com
10,10,0,1,0,0,0,0,0,0.9,0.9466666666666665,0,-1,-1,gokgle.com
19,19,0,1,1,0,0,0,0,0.48275862068965514,0.5368870895186685,0,-1,-1,update-linkedin.com
12,12,0,1,0,0,0,0,0,0.5454545454545454,0.7000000000000001,0,-1,-1,liknedin.com
28,28,0,1,3,0,3,0,0,0.3902439024390244,0.5009157509157509,0,-1,-1,secure-auth-672-facebook.com
32,32,0,2,3,0,3,0,0,0.5263157894736843,0.6851851851851851,0,-1,-1,secure-auth-673-portal.azure.com
13,13,0,1,0,0,0,0,0,0.5217391304347826,0.6837606837606837,0,-1,-1,slesforce.com
9,9,0,1,0,0,0,0,0,0.5454545454545454,0.6851851851851851,0,-1,-1,githu.com
30,30,0,1,3,0,3,0,0,0.37209302325581395,0.48888888888888893,0,-1,-1,secure-auth-248-salesforce.com
27,27,0,1,3,0,3,0,0,0.35,0.44753086419753085,0,-1,-1,secure-auth-476-twitter.com
29,29,0,1,3,0,3,0,0,0.6190476190476191,0.45042314007831247,0,-1,-1,secure-auth-760-microsoft.com
28,28,0,1,3,0,3,0,0,0.3902439024390244,0.5009157509157509,0,-1,-1,secure-auth-619-facebook.com
14,14,0,1,0,0,0,0,0,0.5,0.6672771672771672,0,-1,-1,sslesforce.com
11,11,0,1,0,0,0,0,0,0.47619047619047616,0.6515151515151515,0,-1,-1,ciibank.com
27,27,0,1,3,0,3,0,0,0.35,0.44753086419753085,0,-1,-1,secure-auth-954-twitter.com
30,30,0,1,3,0,3,0,0,0.37209302325581395,0.44273504273504277,0,-1,-1,secure-auth-720-wellsfargo.com
11,11,0,1,0,0,0,0,0,0.47619047619047616,0.6515151515151515,0,-1,-1,linkedin.co
26,26,0,1,3,0,3,0,0,0.3589743589743589,0.452991452991453,0,-1,-1,secure-auth-586-amazon.com
11,11,0,1,0,0,0,0,0,0.30000000000000004,0.47377622377622375,0,-1,-1,stanfod.edu
11,11,0,1,0,0,0,0,0,0.5833333333333333,0.724941724941725,0,-1,-1,dropvox.com
28,28,0,1,3,0,3,0,0,0.3414634146341463,0.5113756613756614,0,-1,-1,secure-auth-366-linkedin.com
26,26,0,1,3,0,3,0,0,0.5555555555555556,0.4256410256410256,0,-1,-1,secure-auth-740-paypal.com
11,11,0,1,0,0,0,0,0,0.47619047619047616,0.6835497835497836,0,-1,-1,barclays.co
28,28,0,1,3,0,3,0,0,0.3414634146341463,0.5113756613756614,0,-1,-1,secure-auth-396-linkedin.com
9,9,0,2,0,0,0,0,0,0.4444444444444444,0.6296296296296297,0,-1,-1,cwm.ac.uk
30,30,0,1,3,0,3,0,0,0.37209302325581395,0.48888888888888893,0,-1,-1,secure-auth-560-salesforce.com
26,26,0,1,3,0,3,0,0,0.5555555555555556,0.4256410256410256,0,-1,-1,secure-auth-447-paypal.com
27,27,0,1,3,0,3,0,0,0.35,0.44753086419753085,0,-1,-1,secure-auth-903-netflix.com
32,32,0,2,3,0,3,0,0,0.5263157894736843,0.6851851851851851,0,-1,-1,secure-auth-447-portal.azure.com
12,12,0,1,0,0,0,0,0,0.5454545454545454,0.6658730158730158,0,-1,-1,facebolk.com
28,28,0,1,3,0,3,0,0,0.3902439024390244,0.5009157509157509,0,-1,-1,secure-auth-803-facebook.com
25,25,0,1,3,0,3,0,0,0.368421052631579,0.47333333333333333,0,-1,-1,secure-auth-503-adobe.com
24,24,0,1,3,0,3,0,0,0.3783783783783784,0.5662393162393162,0,-1,-1,secure-auth-580-hsbc.com
12,12,0,1,0,0,0,0,0,0.47619047619047616,0.5907407407407408,0,-1,-1,twitter.info
18,18,0,1,1,0,0,0,0,0.5,0.64494301994302,0,-1,-1,update-dropbox.com
8,8,0,1,0,0,0,0,0,0.47619047619047616,0.6032051282051282,0,-1,-1,hwbc.com
27,27,0,1,3,0,3,0,0,0.35,0.44753086419753085,0,-1,-1,secure-auth-251-netflix.com
29,29,0,1,3,0,3,0,0,0.38095238095238093,0.509323116219668,0,-1,-1,secure-auth-586-instagram.com
14,14,0,1,1,0,0,0,0,0.5,0.638095238095238,0,-1,-1,hsbc-login.com
13,13,0,1,0,0,0,0,0,0.34782608695652173,0.5760683760683761,0,-1,-1,wellsfargo.cc
23,23,0,1,3,0,3,0,0,0.2777777777777778,0.5246376811594203,0,-1,-1,secure-auth-924-zoom.us
17,17,0,1,1,0,0,0,0,0.5185185185185186,0.6735294117647058,0,-1,-1,barclays-auth.com
29,29,0,1,3,0,3,0,0,0.38095238095238093,0.509323116219668,0,-1,-1,secure-auth-549-instagram.com
14,14,0,1,0,0,0,0,0,0.5,0.6672771672771672,0,-1,-1,zalesforce.com
26,26,0,1,3,0,3,0,0,0.5555555555555556,0.47179487179487173,0,-1,-1,secure-auth-410-google.com
24,24,0,1,3,0,1,0,0,0.43243243243243246,0.5148046398046398,1,-1,-1,xn--bankfamerica-7fk.com
19,19,0,1,1,0,0,0,0,0.5625,0.6479232268705952,0,-1,-1,twitter-support.com
11,11,0,1,0,0,0,0,0,0.30000000000000004,0.5193602693602694,0,-1,-1,netflix.biz
28,28,0,1,3,0,3,0,0,0.3414634146341463,0.5113756613756614,0,-1,-1,secure-auth-147-linkedin.com
28,28,0,1,3,0,3,0,0,0.3902439024390244,0.5009157509157509,0,-1,-1,secure-auth-510-facebook.com
16,16,0,1,1,0,0,0,0,0.48275862068965514,0.6027777777777777,0,-1,-1,secure-slack.com
23,23,0,1,3,0,3,0,0,0.2777777777777778,0.5246376811594203,0,-1,-1,secure-auth-603-zoom.us
23,23,0,1,3,0,3,0,0,0.2222222222222222,0.47681159420289854,0,-1,-1,secure-auth-526-mit.edu
23,23,0,1,3,0,3,0,0,0.2222222222222222,0.47681159420289854,0,-1,-1,secure-auth-282-mit.edu
19,19,0,1,3,0,1,0,0,0.4375,0.6371457489878543,1,-1,-1,xn--barclys-6fg.com
27,27,0,1,3,0,3,0,0,0.35,0.44753086419753085,0,-1,-1,secure-auth-426-netflix.com
28,28,0,1,3,0,3,0,0,0.368421052631579,0.4543956043956044,0,-1,-1,secure-auth-945-barclays.com
16,16,0,2,0,0,0,0,0,0.5263157894736843,0.6851851851851851,0,-1,-1,portal.auzre.com
27,27,0,1,3,0,3,0,0,0.19999999999999996,0.4246913580246914,0,-1,-1,secure-auth-278-harvard.edu
29,29,0,1,3,0,3,0,0,0.6190476190476191,0.45042314007831247,0,-1,-1,secure-auth-373-microsoft.com
30,30,0,1,3,0,3,0,0,0.37209302325581395,0.48888888888888893,0,-1,-1,secure-auth-258-salesforce.com
9,9,0,2,0,0,0,0,0,0.4444444444444444,0.5462962962962963,0,-1,-1,cma.ac.uk
24,24,0,1,3,0,3,0,0,0.3783783783783784,0.5662393162393162,0,-1,-1,secure-auth-632-hsbc.com
27,27,0,1,3,0,3,0,0,0.35,0.44753086419753085,0,-1,-1,secure-auth-412-netflix.com
15,15,0,1,1,0,0,0,0,0.48,0.6944444444444445,0,-1,-1,azure-login.com
27,27,0,1,3,0,3,0,0,0.44999999999999996,0.4703703703703703,0,-1,-1,secure-auth-741-spotify.com
30,30,0,1,3,0,3,0,0,0.37209302325581395,0.44273504273504277,0,-1,-1,secure-auth-702-wellsfargo.com
25,25,0,1,3,0,3,0,0,0.368421052631579,0.4615384615384615,0,-1,-1,secure-auth-912-slack.com
28,28,0,1,3,0,3,0,0,0.24390243902439024,0.469047619047619,0,-1,-1,secure-auth-775-stanford.edu
26,26,0,1,3,0,3,0,0,0.3589743589743589,0.44943019943019946,0,-1,-1,secure-auth-328-github.com
19,19,0,1,3,0,1,0,0,0.4137931034482759,0.5924426450742241,1,-1,-1,xn--barlays-0jg.com
23,23,0,1,3,0,3,0,0,0.2222222222222222,0.47681159420289854,0,-1,-1,secure-auth-159-mit.edu
12,12,0,1,0,0,0,0,0,0.56,0.719017094017094,0,-1,-1,facsbook.com
30,30,0,3,3,0,3,0,0,1.0,1.0,0,-1,-1,secure-auth-720-vtop.vit.ac.in
30,30,0,3,3,0,3,0,0,1.0,1.0,0,-1,-1,secure-auth-311-vtop.vit.ac.in
27,27,0,1,3,0,3,0,0,0.4,0.4703703703703703,0,-1,-1,secure-auth-264-dropbox.com
24,24,0,2,3,0,3,0,0,0.303030303030303,0.5148046398046398,0,-1,-1,secure-auth-366-ox.ac.uk
25,25,0,1,3,0,3,0,0,0.368421052631579,0.4615384615384615,0,-1,-1,secure-auth-307-chase.com
27,27,0,1,3,0,3,0,0,0.19999999999999996,0.4246913580246914,0,-1,-1,secure-auth-711-harvard.edu
18,18,0,1,1,0,0,0,0,0.4516129032258065,0.6566951566951568,0,-1,-1,spotify-signin.com
23,23,0,1,3,0,3,0,0,0.2777777777777778,0.5246376811594203,0,-1,-1,secure-auth-713-zoom.us
25,25,0,1,3,0,3,0,0,0.368421052631579,0.4615384615384615,0,-1,-1,secure-auth-294-slack.com
27,27,0,1,3,0,3,0,0,0.35,0.44753086419753085,0,-1,-1,secure-auth-446-netflix.com
25,25,0,1,3,0,3,0,0,0.368421052631579,0.47333333333333333,0,-1,-1,secure-auth-797-adobe.com
26,26,0,1,3,0,3,0,0,0.3589743589743589,0.452991452991453,0,-1,-1,secure-auth-555-amazon.com
24,24,0,2,3,0,3,0,0,0.303030303030303,0.5148046398046398,0,-1,-1,secure-auth-970-ox.ac.uk
12,12,0,1,0,0,0,0,0,0.48,0.638888888888889,0,-1,-1,citibajk.com
14,14,0,1,0,0,0,0,0,0.5,0.638095238095238,0,-1,-1,wellsfadgo.com
28,28,0,1,3,0,3,0,0,0.3902439024390244,0.5009157509157509,0,-1,-1,secure-auth-858-facebook.com
22,22,0,1,1,0,0,0,0,0.4571428571428572,0.6412587412587413,0,-1,-1,account-salesforce.com
25,25,0,1,3,0,3,0,0,0.368421052631579,0.4615384615384615,0,-1,-1,secure-auth-767-slack.com
30,30,0,3,3,0,3,0,0,1.0,1.0,0,-1,-1,secure-auth-731-vtop.vit.ac.in
28,28,0,1,3,0,3,0,0,0.368421052631579,0.4543956043956044,0,-1,-1,secure-auth-768-barclays.com
27,27,0,1,3,0,3,0,0,0.4,0.4703703703703703,0,-1,-1,secure-auth-828-dropbox.com
12,12,0,1,0,0,0,0,0,0.4545454545454546,0.638888888888889,0,-1,-1,kinkedin.com
13,13,0,1,0,0,0,0,0,0.5217391304347826,0.6316239316239316,0,-1,-1,salesfrce.com
27,27,0,1,3,0,3,0,0,0.35,0.44753086419753085,0,-1,-1,secure-auth-433-twitter.com
9,9,0,1,0,0,0,0,0,0.631578947368421,0.7555555555555555,0,-1,-1,adlbe.com
25,25,0,1,3,0,3,0,0,0.4,0.4266666666666667,0,-1,-1,secure-auth-871-apple.com
28,28,0,1,3,0,3,0,0,0.3414634146341463,0.5113756613756614,0,-1,-1,secure-auth-248-linkedin.com
12,12,0,1,0,0,0,0,0,0.56,0.7072649572649573,0,-1,-1,faceobok.com
29,29,0,1,3,0,3,0,0,0.38095238095238093,0.509323116219668,0,-1,-1,secure-auth-369-instagram.com
25,25,0,1,3,0,3,0,0,0.368421052631579,0.4615384615384615,0,-1,-1,secure-auth-646-slack.com
25,25,0,1,3,0,3,0,0,0.4,0.4266666666666667,0,-1,-1,secure-auth-521-apple.com
16,16,0,1,1,0,0,0,0,0.5384615384615384,0.6833333333333332,0,-1,-1,slack-update.com
10,10,0,1,0,0,0,0,0,0.42105263157894735,0.5760683760683761,0,-1,-1,chase.info
25,25,0,1,3,0,3,0,0,0.368421052631579,0.4615384615384615,0,-1,-1,secure-auth-863-chase.com
13,13,0,1,0,0,0,0,0,0.36363636363636365,0.5692307692307693,0,-1,-1,linkedin.info
27,27,0,1,3,0,3,0,0,0.4,0.4703703703703703,0,-1,-1,secure-auth-838-dropbox.com
12,12,0,1,0,0,0,0,0,0.56,0.7072649572649573,0,-1,-1,facdbook.com
24,24,0,1,3,0,3,0,0,0.3783783783783784,0.5662393162393162,0,-1,-1,secure-auth-608-hsbc.com
23,23,0,1,3,0,3,0,0,0.2222222222222222,0.47681159420289854,0,-1,-1,secure-auth-367-mit.edu
26,26,0,1,3,0,3,0,0,0.3589743589743589,0.452991452991453,0,-1,-1,secure-auth-406-amazon.com
23,23,0,1,3,0,3,0,0,0.2777777777777778,0.5246376811594203,0,-1,-1,secure-auth-867-zoom.us
23,23,0,1,3,0,3,0,0,0.2777777777777778,0.5246376811594203,0,-1,-1,secure-auth-203-zoom.us
27,27,0,1,3,0,3,0,0,0.35,0.44753086419753085,0,-1,-1,secure-auth-696-netflix.com
18,18,0,1,1,0,0,0,0,0.2857142857142857,0.46581196581196577,0,-1,-1,harvard-update.edu
25,25,0,1,3,0,3,0,0,0.4,0.4266666666666667,0,-1,-1,secure-auth-818-apple.com
29,29,0,1,3,0,3,0,0,0.38095238095238093,0.509323116219668,0,-1,-1,secure-auth-613-instagram.com
14,14,0,1,0,0,0,0,0,0.5,0.6672771672771672,0,-1,-1,xalesforce.com
27,27,0,1,3,0,3,0,0,0.44999999999999996,0.4703703703703703,0,-1,-1,secure-auth-606-spotify.com
11,11,0,1,0,0,0,0,0,0.5833333333333333,0.7151515151515152,0,-1,-1,sporify.com
32,32,0,2,3,0,3,0,0,0.5263157894736843,0.6851851851851851,0,-1,-1,secure-auth-647-portal.azure.com
7,7,0,1,0,0,0,0,0,0.5,0.6571428571428571,0,-1,-1,hsc.com
28,28,0,1,3,0,3,0,0,0.3414634146341463,0.4543956043956044,0,-1,-1,secure-auth-601-citibank.com
8,8,0,1,0,0,0,0,0,0.47619047619047616,0.6333333333333333,0,-1,-1,hsbd.com
26,26,0,1,3,0,3,0,0,0.3589743589743589,0.44943019943019946,0,-1,-1,secure-auth-393-github.com
23,23,0,1,3,0,3,0,0,0.2222222222222222,0.47681159420289854,0,-1,-1,secure-auth-603-mit.edu
18,18,0,1,1,0,0,0,0,0.4285714285714286,0.6648148148148149,0,-1,-1,linkedin-login.com
27,27,0,1,3,0,3,0,0,0.35,0.44753086419753085,0,-1,-1,secure-auth-660-twitter.com
30,30,0,3,3,0,3,0,0,1.0,1.0,0,-1,-1,secure-auth-339-vtop.vit.ac.in
13,13,0,1,0,0,0,0,0,0.5217391304347826,0.6509157509157509,0,-1,-1,salesorce.com
28,28,0,1,3,0,3,0,0,0.368421052631579,0.4543956043956044,0,-1,-1,secure-auth-236-barclays.com
12,12,0,1,0,0,0,0,0,0.5454545454545454,0.7000000000000001,0,-1,-1,linkeein.com
26,26,0,1,3,0,3,0,0,0.5555555555555556,0.4256410256410256,0,-1,-1,secure-auth-118-paypal.com
26,26,0,1,3,0,3,0,0,0.3589743589743589,0.44943019943019946,0,-1,-1,secure-auth-190-github.com
28,28,0,1,3,0,3,0,0,0.3902439024390244,0.5009157509157509,0,-1,-1,secure-auth-725-facebook.com
28,28,0,1,3,0,3,0,0,0.368421052631579,0.4543956043956044,0,-1,-1,secure-auth-790-barclays.com
30,30,0,3,3,0,3,0,0,1.0,1.0,0,-1,-1,secure-auth-205-vtop.vit.ac.in
26,26,0,1,3,0,3,0,0,0.3589743589743589,0.44943019943019946,0,-1,-1,secure-auth-406-github.com
12,12,0,1,0,0,0,0,0,0.5454545454545454,0.7388888888888889,0,-1,-1,badclays.com
9,9,0,1,0,0,0,0,0,0.5454545454545454,0.6851851851851851,0,-1,-1,chasr.com
25,25,0,1,3,0,3,0,0,0.368421052631579,0.47333333333333333,0,-1,-1,secure-auth-174-adobe.com
9,9,0,1,0,0,0,0,0,0.5263157894736843,0.6185185185185186,0,-1,-1,slqck.com
20,20,0,1,3,0,0,0,0,0.7272727272727273,0.8132478632478631,1,-1,-1,xn--mirosoft-gch.com
29,29,0,1,3,0,3,0,0,0.38095238095238093,0.509323116219668,0,-1,-1,secure-auth-991-instagram.com
25,25,0,1,3,0,3,0,0,0.368421052631579,0.4615384615384615,0,-1,-1,secure-auth-477-slack.com
28,28,0,1,3,0,3,0,0,0.24390243902439024,0.469047619047619,0,-1,-1,secure-auth-258-stanford.edu
24,24,0,1,3,0,3,0,0,0.3783783783783784,0.5662393162393162,0,-1,-1,secure-auth-144-hsbc.com
25,25,0,1,3,0,3,0,0,0.368421052631579,0.47333333333333333,0,-1,-1,secure-auth-482-adobe.com
24,24,0,2,3,0,3,0,0,0.303030303030303,0.5148046398046398,0,-1,-1,secure-auth-699-ox.ac.uk
26,26,0,1,3,0,3,0,0,0.5555555555555556,0.47179487179487173,0,-1,-1,secure-auth-436-google.com
28,28,0,1,3,0,3,0,0,0.24390243902439024,0.469047619047619,0,-1,-1,secure-auth-950-stanford.edu
30,30,0,1,3,0,3,0,0,0.37209302325581395,0.48888888888888893,0,-1,-1,secure-auth-761-salesforce.com
28,28,0,1,3,0,3,0,0,0.368421052631579,0.4543956043956044,0,-1,-1,secure-auth-338-barclays.com
11,11,0,1,0,0,0,0,0,0.5833333333333333,0.7151515151515152,0,-1,-1,spotity.com
28,28,0,1,3,0,3,0,0,0.24390243902439024,0.469047619047619,0,-1,-1,secure-auth-907-stanford.edu
25,25,0,1,3,0,3,0,0,0.368421052631579,0.4615384615384615,0,-1,-1,secure-auth-270-slack.com
32,32,0,2,3,0,3,0,0,0.5263157894736843,0.6851851851851851,0,-1,-1,secure-auth-826-portal.azure.com
19,19,0,1,1,0,0,0,0,0.27586206896551724,0.49707602339181284,0,-1,-1,stanford-update.edu
9,9,0,1,0,0,0,0,0,0.631578947368421,0.7000000000000001,0,-1,-1,amazo.com
27,27,0,1,3,0,3,0,0,0.35,0.44753086419753085,0,-1,-1,secure-auth-857-netflix.com
24,24,0,2,3,0,3,0,0,0.303030303030303,0.5148046398046398,0,-1,-1,secure-auth-265-ox.ac.uk
24,24,0,2,3,0,3,0,0,0.303030303030303,0.5148046398046398,0,-1,-1,secure-auth-248-ox.ac.uk
17,17,0,1,0,0,0,0,0,0.4666666666666667,0.5703242835595778,0,-1,-1,bznkofamerica.com
26,26,0,1,3,0,3,0,0,0.5555555555555556,0.47179487179487173,0,-1,-1,secure-auth-171-google.com
15,15,0,2,1,0,0,0,0,0.41666666666666663,0.6746031746031745,0,-1,-1,ox-portal.ac.uk
23,23,0,1,3,0,3,0,0,0.2777777777777778,0.5246376811594203,0,-1,-1,secure-auth-587-zoom.us
25,25,0,2,3,0,3,0,0,0.2941176470588235,0.47333333333333333,0,-1,-1,secure-auth-203-cam.ac.uk
25,25,0,1,3,0,3,0,0,0.368421052631579,0.4615384615384615,0,-1,-1,secure-auth-624-chase.com
17,17,0,1,0,0,0,0,0,0.4666666666666667,0.5703242835595778,0,-1,-1,bqnkofamerica.com
23,23,0,1,3,0,3,0,0,0.2222222222222222,0.47681159420289854,0,-1,-1,secure-auth-918-mit.edu
24,24,0,1,3,0,3,0,0,0.3783783783783784,0.5662393162393162,0,-1,-1,secure-auth-404-hsbc.com
12,12,0,1,0,0,0,0,0,0.48,0.638888888888889,0,-1,-1,citibabk.com
26,26,0,1,3,0,3,0,0,0.5555555555555556,0.47179487179487173,0,-1,-1,secure-auth-347-google.com
25,25,0,2,3,0,3,0,0,0.2941176470588235,0.47333333333333333,0,-1,-1,secure-auth-496-cam.ac.uk
12,12,0,1,0,0,0,0,0,0.56,0.719017094017094,0,-1,-1,racebook.com
27,27,0,1,3,0,3,0,0,0.4,0.4703703703703703,0,-1,-1,secure-auth-535-dropbox.com
24,24,0,2,3,0,3,0,0,0.303030303030303,0.5148046398046398,0,-1,-1,secure-auth-438-ox.ac.uk
26,26,0,1,3,0,3,0,0,0.3589743589743589,0.44943019943019946,0,-1,-1,secure-auth-170-github.com
28,28,0,1,3,0,3,0,0,0.3414634146341463,0.4543956043956044,0,-1,-1,secure-auth-427-citibank.com
10,10,0,1,0,0,0,0,0,0.5217391304347826,0.6666666666666666,0,-1,-1,githhb.com
26,26,0,1,3,0,3,0,0,0.5555555555555556,0.47179487179487173,0,-1,-1,secure-auth-375-google.com
19,19,0,1,3,0,1,0,0,0.25,0.48133153396311296,1,-1,-1,xn--stnford-3fg.edu
26,26,0,1,3,0,3,0,0,0.3589743589743589,0.452991452991453,0,-1,-1,secure-auth-549-amazon.com
23,23,0,1,3,0,3,0,0,0.2777777777777778,0.5246376811594203,0,-1,-1,secure-auth-362-zoom.us
20,20,0,1,1,0,0,0,0,0.48484848484848486,0.5467948717948717,0,-1,-1,citibank-account.com
23,23,0,1,3,0,3,0,0,0.2777777777777778,0.5246376811594203,0,-1,-1,secure-auth-912-zoom.us
32,32,0,2,3,0,3,0,0,0.5263157894736843,0.6851851851851851,0,-1,-1,secure-auth-280-portal.azure.com
25,25,0,1,3,0,3,0,0,0.4,0.4266666666666667,0,-1,-1,secure-auth-130-apple.com
29,29,0,1,3,0,3,0,0,0.38095238095238093,0.509323116219668,0,-1,-1,secure-auth-608-instagram.com
33,33,0,1,3,0,3,0,0,0.34782608695652173,0.5070707070707071,0,-1,-1,secure-auth-114-bankofamerica.com
30,30,0,1,3,0,3,0,0,0.37209302325581395,0.48888888888888893,0,-1,-1,secure-auth-104-salesforce.com
32,32,0,2,3,0,3,0,0,0.5263157894736843,0.6851851851851851,0,-1,-1,secure-auth-213-portal.azure.com
23,23,0,1,3,0,3,0,0,0.2777777777777778,0.5246376811594203,0,-1,-1,secure-auth-176-zoom.us
28,28,0,1,3,0,3,0,0,0.368421052631579,0.4543956043956044,0,-1,-1,secure-auth-665-barclays.com
17,17,0,1,1,0,0,0,0,0.5185185185185186,0.6086834733893558,0,-1,-1,update-amazon.com
24,24,0,1,3,0,3,0,0,0.3783783783783784,0.5662393162393162,0,-1,-1,secure-auth-713-hsbc.com
27,27,0,1,3,0,3,0,0,0.4,0.4703703703703703,0,-1,-1,secure-auth-613-dropbox.com
28,28,0,1,3,0,3,0,0,0.24390243902439024,0.469047619047619,0,-1,-1,secure-auth-838-stanford.edu
32,32,0,2,3,0,3,0,0,0.5263157894736843,0.6851851851851851,0,-1,-1,secure-auth-505-portal.azure.com
28,28,0,1,3,0,3,0,0,0.24390243902439024,0.469047619047619,0,-1,-1,secure-auth-285-stanford.edu
7,7,0,1,0,0,0,0,0,0.3529411764705882,0.5761904761904763,0,-1,-1,zooj.us
23,23,0,1,3,0,3,0,0,0.2777777777777778,0.5246376811594203,0,-1,-1,secure-auth-352-zoom.us
17,17,0,1,0,0,0,0,0,0.4444444444444444,0.5703242835595778,0,-1,-1,bankofamerjca.com
14,14,0,1,0,0,0,0,0,0.5185185185185186,0.6857142857142856,0,-1,-1,salesforfe.com
19,19,0,1,1,0,0,0,0,0.4375,0.6371457489878543,0,-1,-1,signin-citibank.com
28,28,0,1,3,0,3,0,0,0.368421052631579,0.4543956043956044,0,-1,-1,secure-auth-266-barclays.com
16,16,0,1,1,0,0,0,0,0.46153846153846156,0.6217948717948718,0,-1,-1,adobe-secure.com
17,17,0,1,0,0,1,0,0,0.4444444444444444,0.5703242835595778,0,-1,-1,bankofamer1ca.com
13,13,0,1,0,0,0,0,0,0.5384615384615384,0.6602564102564102,0,-1,-1,instahram.com
26,26,0,1,3,0,3,0,0,0.5555555555555556,0.47179487179487173,0,-1,-1,secure-auth-671-google.com
24,24,0,2,3,0,3,0,0,0.303030303030303,0.5148046398046398,0,-1,-1,secure-auth-402-ox.ac.uk
27,27,0,1,3,0,3,0,0,0.35,0.44753086419753085,0,-1,-1,secure-auth-248-twitter.com
18,18,0,1,1,0,0,0,0,0.5,0.6937321937321936,0,-1,-1,dropbox-secure.com
11,11,0,1,0,0,0,0,0,0.5714285714285714,0.7151515151515152,0,-1,-1,dpotify.com
19,19,0,1,1,0,0,0,0,0.4375,0.6479232268705952,0,-1,-1,citibank-verify.com
26,26,0,1,3,0,3,0,0,0.3589743589743589,0.44943019943019946,0,-1,-1,secure-auth-747-github.com
29,29,0,1,3,0,3,0,0,0.38095238095238093,0.509323116219668,0,-1,-1,secure-auth-659-instagram.com
9,9,0,1,0,0,0,0,0,0.736842105263158,0.8546296296296297,0,-1,-1,applr.com
27,27,0,1,3,0,3,0,0,0.35,0.44753086419753085,0,-1,-1,secure-auth-591-netflix.com
26,26,0,1,3,0,3,0,0,0.5555555555555556,0.4256410256410256,0,-1,-1,secure-auth-312-paypal.com
27,27,0,1,3,0,3,0,0,0.35,0.44753086419753085,0,-1,-1,secure-auth-968-twitter.com
14,14,0,1,1,0,0,0,0,0.33333333333333337,0.5523809523809524,0,-1,-1,signin-zoom.us
9,9,0,2,0,0,0,0,0,0.4444444444444444,0.6296296296296297,0,-1,-1,csm.ac.uk
28,28,0,1,3,0,3,0,0,0.24390243902439024,0.469047619047619,0,-1,-1,secure-auth-113-stanford.edu
8,8,0,1,0,0,0,0,0,0.47619047619047616,0.6481481481481481,0,-1,-1,mit.club
17,17,0,1,1,0,0,0,0,0.7407407407407407,0.8976470588235295,0,-1,-1,google-portal.com
9,9,0,1,0,0,0,0,0,0.631578947368421,0.6444444444444444,0,-1,-1,slacl.com
15,15,0,2,1,0,0,0,0,0.33333333333333337,0.5094017094017094,0,-1,-1,ox-secure.ac.uk
10,10,0,1,0,0,0,0,0,0.42105263157894735,0.5615384615384615,0,-1,-1,twitter.cc
28,28,0,1,3,0,3,0,0,0.368421052631579,0.4543956043956044,0,-1,-1,secure-auth-690-barclays.com
7,7,0,1,0,0,0,0,0,0.3529411764705882,0.49523809523809526,0,-1,-1,zpom.us
26,26,0,1,3,0,3,0,0,0.3589743589743589,0.44943019943019946,0,-1,-1,secure-auth-717-github.com
14,14,0,2,1,0,0,0,0,0.4347826086956522,0.5042328042328043,0,-1,-1,auth-cam.ac.uk
22,22,0,1,1,0,0,0,0,0.5142857142857142,0.6745920745920747,0,-1,-1,wellsfargo-support.com
29,29,0,1,3,0,3,0,0,0.6190476190476191,0.45042314007831247,0,-1,-1,secure-auth-349-microsoft.com
19,19,0,1,1,0,0,0,0,0.5,0.6318488529014844,0,-1,-1,secure-facebook.com
30,30,0,3,3,0,3,0,0,1.0,1.0,0,-1,-1,secure-auth-645-vtop.vit.ac.in
18,18,0,1,1,0,0,0,0,0.4516129032258065,0.6444444444444445,0,-1,-1,twitter-update.com
24,24,0,2,3,0,3,0,0,0.303030303030303,0.5148046398046398,0,-1,-1,secure-auth-434-ox.ac.uk
28,28,0,1,3,0,3,0,0,0.3414634146341463,0.4543956043956044,0,-1,-1,secure-auth-705-citibank.com
28,28,0,1,3,0,3,0,0,0.368421052631579,0.4543956043956044,0,-1,-1,secure-auth-968-barclays.com
28,28,0,1,3,0,3,0,0,0.3414634146341463,0.4543956043956044,0,-1,-1,secure-auth-102-citibank.com
21,21,0,1,1,0,0,0,0,0.4516129032258065,0.5958485958485958,0,-1,-1,verify-salesforce.com
26,26,0,1,3,0,3,0,0,0.5555555555555556,0.47179487179487173,0,-1,-1,secure-auth-387-google.com
14,14,0,1,0,0,0,0,0,0.5,0.6672771672771672,0,-1,-1,salestorce.com
27,27,0,1,3,0,3,0,0,0.19999999999999996,0.4246913580246914,0,-1,-1,secure-auth-956-harvard.edu
32,32,0,2,3,0,3,0,0,0.5263157894736843,0.6851851851851851,0,-1,-1,secure-auth-783-portal.azure.com
10,10,0,1,0,0,0,0,0,0.9,0.98,0,-1,-1,paypla.com
28,28,0,1,3,0,3,0,0,0.24390243902439024,0.469047619047619,0,-1,-1,secure-auth-535-stanford.edu
12,12,0,1,0,0,1,0,0,0.48,0.638888888888889,0,-1,-1,c1tibank.com
27,27,0,1,3,0,3,0,0,0.4,0.4703703703703703,0,-1,-1,secure-auth-804-dropbox.com
30,30,0,3,3,0,3,0,0,1.0,1.0,0,-1,-1,secure-auth-427-vtop.vit.ac.in
28,28,0,1,3,0,3,0,0,0.3414634146341463,0.5113756613756614,0,-1,-1,secure-auth-843-linkedin.com
26,26,0,1,3,0,3,0,0,0.5555555555555556,0.4256410256410256,0,-1,-1,secure-auth-551-paypal.com
17,17,0,1,1,0,0,0,0,0.4666666666666667,0.6500754147812972,0,-1,-1,account-azure.com
9,9,0,1,0,0,0,0,0,0.5454545454545454,0.6851851851851851,0,-1,-1,chqse.com
29,29,0,1,3,0,3,0,0,0.38095238095238093,0.509323116219668,0,-1,-1,secure-auth-151-instagram.com
27,27,0,1,3,0,3,0,0,0.35,0.44753086419753085,0,-1,-1,secure-auth-428-netflix.com
27,27,0,1,3,0,3,0,0,0.19999999999999996,0.4246913580246914,0,-1,-1,secure-auth-542-harvard.edu
16,16,0,1,1,0,0,0,0,0.48275862068965514,0.6217948717948718,0,-1,-1,account-hsbc.com
20,20,0,1,3,0,2,0,0,0.4242424242424242,0.5467948717948717,1,-1,-1,xn--instgram-46g.com
23,23,0,1,3,0,3,0,0,0.2222222222222222,0.47681159420289854,0,-1,-1,secure-auth-670-mit.edu
27,27,0,1,3,0,3,0,0,0.35,0.44753086419753085,0,-1,-1,secure-auth-196-twitter.com
26,26,0,1,3,0,3,0,0,0.3589743589743589,0.44943019943019946,0,-1,-1,secure-auth-592-github.com
28,28,0,1,3,0,3,0,0,0.3414634146341463,0.5113756613756614,0,-1,-1,secure-auth-758-linkedin.com
11,11,0,1,0,0,0,0,0,0.30000000000000004,0.46060606060606063,0,-1,-1,hsrvard.edu
26,26,0,1,3,0,3,0,0,0.3589743589743589,0.44943019943019946,0,-1,-1,secure-auth-201-github.com
13,13,0,1,0,0,0,0,0,0.9230769230769231,0.9692307692307692,0,-1,-1,microsofy.com
26,26,0,1,3,0,3,0,0,0.3589743589743589,0.44943019943019946,0,-1,-1,secure-auth-553-github.com
33,33,0,1,3,0,3,0,0,0.34782608695652173,0.5070707070707071,0,-1,-1,secure-auth-395-bankofamerica.com
9,9,0,1,0,0,0,0,0,0.5454545454545454,0.6851851851851851,0,-1,-1,amzon.com
12,12,0,1,0,0,0,0,0,0.5454545454545454,0.7134920634920635,0,-1,-1,barclahs.com
25,25,0,1,3,0,3,0,0,0.4,0.4266666666666667,0,-1,-1,secure-auth-665-apple.com
10,10,0,1,0,0,0,0,0,0.6,0.7866666666666667,0,-1,-1,gothub.com
14,14,0,3,0,0,0,0,0,0.8888888888888888,0.9407407407407408,0,-1,-1,vtop.vif.ac.in
12,12,0,1,0,0,0,0,0,0.56,0.6441798941798942,0,-1,-1,ictibank.com
11,11,0,1,0,0,0,0,0,0.5833333333333333,0.7257187257187256,0,-1,-1,slotify.com
9,9,0,1,0,0,0,0,0,0.631578947368421,0.7555555555555555,0,-1,-1,daobe.com
28,28,0,1,3,0,3,0,0,0.3414634146341463,0.5113756613756614,0,-1,-1,secure-auth-781-linkedin.com
30,30,0,3,3,0,3,0,0,1.0,1.0,0,-1,-1,secure-auth-541-vtop.vit.ac.in
9,9,0,2,0,0,0,0,0,0.4444444444444444,0.5462962962962963,0,-1,-1,cak.ac.uk
27,27,0,1,3,0,3,0,0,0.44999999999999996,0.4703703703703703,0,-1,-1,secure-auth-185-spotify.com
22,22,0,1,1,0,0,0,0,0.4571428571428572,0.7214452214452215,0,-1,-1,bankofamerica-auth.com
26,26,0,1,3,0,3,0,0,0.3589743589743589,0.44943019943019946,0,-1,-1,secure-auth-816-github.com
27,27,0,1,3,0,3,0,0,0.35,0.44753086419753085,0,-1,-1,secure-auth-339-twitter.com
16,16,0,1,1,0,0,0,0,0.5384615384615384,0.7467592592592592,0,-1,-1,apple-update.com
24,24,0,1,3,0,3,0,0,0.3783783783783784,0.5662393162393162,0,-1,-1,secure-auth-768-hsbc.com
26,26,0,1,3,0,3,0,0,0.5555555555555556,0.4256410256410256,0,-1,-1,secure-auth-874-paypal.com
28,28,0,1,3,0,3,0,0,0.3414634146341463,0.4543956043956044,0,-1,-1,secure-auth-569-citibank.com
12,12,0,1,0,0,0,0,0,0.56,0.7072649572649573,0,-1,-1,faecbook.com
27,27,0,1,3,0,3,0,0,0.19999999999999996,0.4246913580246914,0,-1,-1,secure-auth-584-harvard.edu
27,27,0,1,3,0,3,0,0,0.4,0.4703703703703703,0,-1,-1,secure-auth-677-dropbox.com
26,26,0,1,3,0,3,0,0,0.3589743589743589,0.452991452991453,0,-1,-1,secure-auth-709-amazon.com
12,12,0,1,0,0,0,0,0,0.6363636363636364,0.7388888888888889,0,-1,-1,barclaya.com
30,30,0,3,3,0,3,0,0,1.0,1.0,0,-1,-1,secure-auth-515-vtop.vit.ac.in
12,12,0,1,0,0,0,0,0,0.56,0.7072649572649573,0,-1,-1,facbeook.com
17,17,0,1,1,0,0,0,0,0.4666666666666667,0.653657616892911,0,-1,-1,amazon-signin.com
30,30,0,1,3,0,3,0,0,0.37209302325581395,0.44273504273504277,0,-1,-1,secure-auth-722-wellsfargo.com
28,28,0,1,3,0,3,0,0,0.3414634146341463,0.5113756613756614,0,-1,-1,secure-auth-647-linkedin.com
17,17,0,1,1,0,0,0,0,0.5925925925925926,0.703921568627451,0,-1,-1,support-apple.com
9,9,0,1,0,0,0,0,0,0.9473684210526316,0.9296296296296296,0,-1,-1,aypal.com
26,26,0,1,3,0,3,0,0,0.5555555555555556,0.4256410256410256,0,-1,-1,secure-auth-329-paypal.com
27,27,0,1,3,0,3,0,0,0.4,0.4703703703703703,0,-1,-1,secure-auth-692-dropbox.com
26,26,0,1,3,0,3,0,0,0.3589743589743589,0.452991452991453,0,-1,-1,secure-auth-247-amazon.com
6,6,0,1,0,0,0,0,0,0.375,0.48888888888888893,0,-1,-1,cam.ml
9,9,0,1,0,0,0,0,0,0.5263157894736843,0.6851851851851851,0,-1,-1,chaxe.com
33,33,0,1,3,0,3,0,0,0.34782608695652173,0.5070707070707071,0,-1,-1,secure-auth-528-bankofamerica.com
26,26,0,1,3,0,3,0,0,0.5555555555555556,0.4256410256410256,0,-1,-1,secure-auth-419-paypal.com
27,27,0,1,3,0,3,0,0,0.35,0.44753086419753085,0,-1,-1,secure-auth-507-twitter.com
26,26,0,1,3,0,3,0,0,0.5555555555555556,0.47179487179487173,0,-1,-1,secure-auth-905-google.com
9,9,0,1,0,0,0,0,0,0.5454545454545454,0.6851851851851851,0,-1,-1,githb.com
28,28,0,1,3,0,3,0,0,0.24390243902439024,0.469047619047619,0,-1,-1,secure-auth-279-stanford.edu
28,28,0,1,3,0,3,0,0,0.3414634146341463,0.4543956043956044,0,-1,-1,secure-auth-943-citibank.com
27,27,0,1,3,0,3,0,0,0.19999999999999996,0.4246913580246914,0,-1,-1,secure-auth-180-harvard.edu
28,28,0,1,3,0,3,0,0,0.24390243902439024,0.469047619047619,0,-1,-1,secure-auth-599-stanford.edu
26,26,0,1,3,0,3,0,0,0.5555555555555556,0.47179487179487173,0,-1,-1,secure-auth-221-google.com
24,24,0,2,3,0,3,0,0,0.303030303030303,0.5148046398046398,0,-1,-1,secure-auth-223-ox.ac.uk
25,25,0,2,3,0,3,0,0,0.2941176470588235,0.47333333333333333,0,-1,-1,secure-auth-629-cam.ac.uk
8,8,0,1,0,0,0,0,0,0.5555555555555556,0.7083333333333334,0,-1,-1,sack.com
17,17,0,1,0,0,0,0,0,0.4444444444444444,0.6119909502262444,0,-1,-1,bankofamerixa.com
24,24,0,1,3,0,3,0,0,0.3783783783783784,0.5662393162393162,0,-1,-1,secure-auth-761-hsbc.com
26,26,0,1,3,0,3,0,0,0.5555555555555556,0.47179487179487173,0,-1,-1,secure-auth-416-google.com
26,26,0,1,3,0,3,0,0,0.3589743589743589,0.44943019943019946,0,-1,-1,secure-auth-669-github.com
30,30,0,3,3,0,3,0,0,1.0,1.0,0,-1,-1,secure-auth-500-vtop.vit.ac.in
28,28,0,1,3,0,3,0,0,0.368421052631579,0.4543956043956044,0,-1,-1,secure-auth-543-barclays.com
27,27,0,1,3,0,3,0,0,0.19999999999999996,0.4246913580246914,0,-1,-1,secure-auth-282-harvard.edu
7,7,0,1,0,0,0,0,0,0.3529411764705882,0.5738095238095239,0,-1,-1,cam.top
24,24,0,1,3,0,3,0,0,0.3783783783783784,0.5662393162393162,0,-1,-1,secure-auth-211-hsbc.com
27,27,0,1,3,0,3,0,0,0.35,0.44753086419753085,0,-1,-1,secure-auth-816-netflix.com
27,27,0,1,3,0,3,0,0,0.35,0.44753086419753085,0,-1,-1,secure-auth-248-twitter.com
13,13,0,1,0,0,0,0,0,0.9230769230769231,0.9692307692307692,0,-1,-1,microsovt.com
11,11,0,1,0,0,0,0,0,0.30000000000000004,0.5242424242424243,0,-1,-1,harvard.xyz
28,28,0,1,3,0,3,0,0,0.3414634146341463,0.4543956043956044,0,-1,-1,secure-auth-886-citibank.com
32,32,0,2,3,0,3,0,0,0.5263157894736843,0.6851851851851851,0,-1,-1,secure-auth-941-portal.azure.com
25,25,0,2,3,0,3,0,0,0.2941176470588235,0.47333333333333333,0,-1,-1,secure-auth-856-cam.ac.uk
18,18,0,1,1,0,0,0,0,0.5161290322580645,0.6962962962962962,0,-1,-1,dropbox-verify.com
25,25,0,1,3,0,3,0,0,0.368421052631579,0.47333333333333333,0,-1,-1,secure-auth-257-adobe.com
18,18,0,1,1,0,0,0,0,0.7142857142857143,0.8911111111111111,0,-1,-1,google-account.com
26,26,0,1,3,0,3,0,0,0.5555555555555556,0.47179487179487173,0,-1,-1,secure-auth-267-google.com
27,27,0,1,3,0,3,0,0,0.35,0.44753086419753085,0,-1,-1,secure-auth-981-netflix.com
23,23,0,1,3,0,3,0,0,0.2222222222222222,0.47681159420289854,0,-1,-1,secure-auth-321-mit.edu
28,28,0,1,3,0,3,0,0,0.3902439024390244,0.5009157509157509,0,-1,-1,secure-auth-314-facebook.com
14,14,0,1,0,0,0,0,0,0.34782608695652173,0.5767195767195767,0,-1,-1,salesforce.biz
26,26,0,1,3,0,3,0,0,0.3589743589743589,0.44943019943019946,0,-1,-1,secure-auth-420-github.com
21,21,0,1,1,0,0,0,0,0.4117647058823529,0.5286935286935287,0,-1,-1,signin-wellsfargo.com
23,23,0,1,3,0,3,0,0,0.2777777777777778,0.5246376811594203,0,-1,-1,secure-auth-124-zoom.us
25,25,0,1,3,0,3,0,0,0.368421052631579,0.47333333333333333,0,-1,-1,secure-auth-582-adobe.com
21,21,0,1,1,0,0,0,0,0.4516129032258065,0.5404456654456654,0,-1,-1,signin-salesforce.com
8,8,0,1,0,0,0,0,0,0.4444444444444444,0.6333333333333333,0,-1,-1,adobe.cc
28,28,0,1,3,0,3,0,0,0.3414634146341463,0.5113756613756614,0,-1,-1,secure-auth-439-linkedin.com
12,12,0,1,0,0,0,0,0,0.5454545454545454,0.7388888888888889,0,-1,-1,barclayz.com
27,27,0,1,3,0,3,0,0,0.4,0.4703703703703703,0,-1,-1,secure-auth-773-dropbox.com
25,25,0,1,3,0,3,0,0,0.368421052631579,0.4615384615384615,0,-1,-1,secure-auth-792-slack.com
27,27,0,1,3,0,3,0,0,0.35,0.44753086419753085,0,-1,-1,secure-auth-741-twitter.com
25,25,0,1,3,0,3,0,0,0.368421052631579,0.47333333333333333,0,-1,-1,secure-auth-388-adobe.com
12,12,0,1,0,0,0,0,0,0.2857142857142857,0.5092592592592592,0,-1,-1,standord.edu
28,28,0,1,3,0,3,0,0,0.3414634146341463,0.5113756613756614,0,-1,-1,secure-auth-263-linkedin.com
24,24,0,1,3,0,3,0,0,0.3783783783783784,0.5662393162393162,0,-1,-1,secure-auth-452-hsbc.com
29,29,0,1,3,0,3,0,0,0.6190476190476191,0.45042314007831247,0,-1,-1,secure-auth-486-microsoft.com
14,14,0,1,0,0,0,0,0,0.5,0.638095238095238,0,-1,-1,wellefargo.com
25,25,0,1,3,0,3,0,0,0.368421052631579,0.4615384615384615,0,-1,-1,secure-auth-188-slack.com
24,24,0,1,1,0,0,0,0,0.4117647058823529,0.5686507936507937,0,-1,-1,portal-bankofamerica.com
13,13,0,1,0,0,0,0,0,0.36363636363636365,0.584045584045584,0,-1,-1,instagram.xyz
27,27,0,1,3,0,3,0,0,0.4,0.4703703703703703,0,-1,-1,secure-auth-572-dropbox.com
17,17,0,2,1,0,0,0,0,0.6923076923076923,0.5599128540305011,0,-1,-1,vit-support.ac.in
20,20,0,1,3,0,0,0,0,0.7272727272727273,0.8132478632478631,1,-1,-1,xn--micrsoft-qbh.com
32,32,0,2,3,0,3,0,0,0.5263157894736843,0.6851851851851851,0,-1,-1,secure-auth-806-portal.azure.com
26,26,0,1,3,0,3,0,0,0.5555555555555556,0.47179487179487173,0,-1,-1,secure-auth-246-google.com
28,28,0,1,3,0,3,0,0,0.24390243902439024,0.469047619047619,0,-1,-1,secure-auth-470-stanford.edu
20,20,0,1,1,0,0,0,0,0.7878787878787878,0.9146153846153846,0,-1,-1,microsoft-secure.com
26,26,0,1,3,0,3,0,0,0.5555555555555556,0.4256410256410256,0,-1,-1,secure-auth-313-paypal.com
7,7,0,1,0,0,0,0,0,0.25,0.5663003663003664,0,-1,-1,zoim.us
18,18,0,1,1,0,0,0,0,0.5,0.6486772486772486,0,-1,-1,update-spotify.com
17,17,0,1,1,0,0,0,0,0.4444444444444444,0.6735294117647058,0,-1,-1,netflix-login.com
12,12,0,1,0,0,0,0,0,0.5454545454545454,0.6444444444444445,0,-1,-1,linkecin.com
28,28,0,1,3,0,3,0,0,0.3414634146341463,0.5113756613756614,0,-1,-1,secure-auth-362-linkedin.com
13,13,0,1,0,0,0,0,0,0.5217391304347826,0.6509157509157509,0,-1,-1,ellsfargo.com
28,28,0,1,3,0,3,0,0,0.3414634146341463,0.4543956043956044,0,-1,-1,secure-auth-620-citibank.com
27,27,0,1,3,0,3,0,0,0.4,0.4703703703703703,0,-1,-1,secure-auth-359-dropbox.com
11,11,0,1,0,0,0,0,0,0.5833333333333333,0.724941724941725,0,-1,-1,eropbox.com
26,26,0,1,3,0,3,0,0,0.3589743589743589,0.452991452991453,0,-1,-1,secure-auth-141-amazon.com
26,26,0,1,3,0,3,0,0,0.3589743589743589,0.452991452991453,0,-1,-1,secure-auth-623-amazon.com
26,26,0,1,3,0,3,0,0,0.5555555555555556,0.4256410256410256,0,-1,-1,secure-auth-276-paypal.com
27,27,0,1,3,0,3,0,0,0.4,0.4703703703703703,0,-1,-1,secure-auth-444-dropbox.com
13,13,0,1,0,0,1,0,0,0.9230769230769231,0.9192307692307693,0,-1,-1,micr0soft.com
16,16,0,1,1,0,0,0,0,0.46153846153846156,0.725,0,-1,-1,login-github.com
9,9,0,1,0,0,0,0,0,0.9473684210526316,0.98,0,-1,-1,paypl.com
24,24,0,2,3,0,3,0,0,0.303030303030303,0.5148046398046398,0,-1,-1,secure-auth-115-ox.ac.uk
28,28,0,1,3,0,3,0,0,0.24390243902439024,0.469047619047619,0,-1,-1,secure-auth-716-stanford.edu
24,24,0,2,3,0,3,0,0,0.303030303030303,0.5148046398046398,0,-1,-1,secure-auth-924-ox.ac.uk
27,27,0,1,3,0,3,0,0,0.35,0.44753086419753085,0,-1,-1,secure-auth-692-twitter.com
27,27,0,1,3,0,3,0,0,0.19999999999999996,0.4246913580246914,0,-1,-1,secure-auth-986-harvard.edu
27,27,0,1,3,0,3,0,0,0.4,0.4703703703703703,0,-1,-1,secure-auth-376-dropbox.com
25,25,0,1,3,0,3,0,0,0.368421052631579,0.4615384615384615,0,-1,-1,secure-auth-724-chase.com
26,26,0,1,3,0,3,0,0,0.3589743589743589,0.452991452991453,0,-1,-1,secure-auth-231-amazon.com
26,26,0,1,3,0,3,0,0,0.3589743589743589,0.452991452991453,0,-1,-1,secure-auth-391-amazon.com
25,25,0,2,3,0,3,0,0,0.2941176470588235,0.47333333333333333,0,-1,-1,secure-auth-556-cam.ac.uk
26,26,0,1,3,0,3,0,0,0.5555555555555556,0.4256410256410256,0,-1,-1,secure-auth-511-paypal.com
26,26,0,1,3,0,3,0,0,0.3589743589743589,0.44943019943019946,0,-1,-1,secure-auth-209-github.com
28,28,0,1,3,0,3,0,0,0.24390243902439024,0.469047619047619,0,-1,-1,secure-auth-795-stanford.edu
32,32,0,2,3,0,3,0,0,0.5263157894736843,0.6851851851851851,0,-1,-1,secure-auth-669-portal.azure.com
13,13,0,3,0,0,0,0,0,0.9411764705882353,0.9629629629629629,0,-1,-1,vtop.it.ac.in
12,12,0,1,0,0,0,0,0,0.47619047619047616,0.5907407407407408,0,-1,-1,harvard.info
25,25,0,1,3,0,3,0,0,0.368421052631579,0.4615384615384615,0,-1,-1,secure-auth-952-chase.com
13,13,0,1,0,0,0,0,0,0.5217391304347826,0.5970695970695971,0,-1,-1,inztagram.com
16,16,0,2,3,0,0,0,0,0.31999999999999995,0.5560185185185186,1,-1,-1,xn--am-nmc.ac.uk
25,25,0,1,3,0,3,0,0,0.368421052631579,0.4615384615384615,0,-1,-1,secure-auth-568-chase.com
28,28,0,1,3,0,3,0,0,0.3414634146341463,0.5113756613756614,0,-1,-1,secure-auth-499-linkedin.com
25,25,0,1,3,0,3,0,0,0.4,0.4266666666666667,0,-1,-1,secure-auth-824-apple.com
27,27,0,1,3,0,3,0,0,0.35,0.44753086419753085,0,-1,-1,secure-auth-398-twitter.com
27,27,0,1,3,0,3,0,0,0.44999999999999996,0.4703703703703703,0,-1,-1,secure-auth-117-spotify.com
11,11,0,1,0,0,0,0,0,0.5714285714285714,0.7311688311688312,0,-1,-1,faebook.com
28,28,0,1,3,0,3,0,0,0.368421052631579,0.4543956043956044,0,-1,-1,secure-auth-306-barclays.com
25,25,0,1,3,0,3,0,0,0.368421052631579,0.47333333333333333,0,-1,-1,secure-auth-578-adobe.com
27,27,0,1,3,0,3,0,0,0.35,0.44753086419753085,0,-1,-1,secure-auth-569-twitter.com
33,33,0,1,3,0,3,0,0,0.34782608695652173,0.5070707070707071,0,-1,-1,secure-auth-611-bankofamerica.com
10,10,0,1,0,0,0,0,0,0.9,0.9666666666666667,0,-1,-1,apypal.com
27,27,0,1,3,0,3,0,0,0.44999999999999996,0.4703703703703703,0,-1,-1,secure-auth-913-spotify.com
16,16,0,1,1,0,0,0,0,0.48275862068965514,0.6634615384615384,0,-1,-1,slack-verify.com
26,26,0,1,3,0,3,0,0,0.3589743589743589,0.44943019943019946,0,-1,-1,secure-auth-531-github.com
20,20,0,1,1,0,0,0,0,0.4666666666666667,0.6301282051282051,0,-1,-1,account-linkedin.com
27,27,0,1,3,0,3,0,0,0.19999999999999996,0.4246913580246914,0,-1,-1,secure-auth-734-harvard.edu
26,26,0,1,3,0,3,0,0,0.3589743589743589,0.452991452991453,0,-1,-1,secure-auth-704-amazon.com
23,23,0,1,3,0,3,0,0,0.2777777777777778,0.5246376811594203,0,-1,-1,secure-auth-765-zoom.us
25,25,0,2,3,0,3,0,0,0.2941176470588235,0.47333333333333333,0,-1,-1,secure-auth-709-cam.ac.uk
16,16,0,2,1,0,0,0,0,0.4,0.5694444444444443,0,-1,-1,account-ox.ac.uk
14,14,0,1,0,0,0,0,0,0.5,0.6857142857142856,0,-1,-1,salesforxe.com
25,25,0,2,3,0,3,0,0,0.2941176470588235,0.47333333333333333,0,-1,-1,secure-auth-610-cam.ac.uk
28,28,0,1,3,0,3,0,0,0.3414634146341463,0.5113756613756614,0,-1,-1,secure-auth-566-linkedin.com
9,9,0,1,0,0,0,0,0,0.736842105263158,0.7783068783068784,0,-1,-1,alple.com
29,29,0,1,3,0,3,0,0,0.6190476190476191,0.45042314007831247,0,-1,-1,secure-auth-598-microsoft.com
28,28,0,1,3,0,3,0,0,0.24390243902439024,0.469047619047619,0,-1,-1,secure-auth-719-stanford.edu
26,26,0,1,3,0,3,0,0,0.3589743589743589,0.44943019943019946,0,-1,-1,secure-auth-599-github.com
28,28,0,1,3,0,3,0,0,0.3902439024390244,0.5009157509157509,0,-1,-1,secure-auth-204-facebook.com
30,30,0,3,3,0,3,0,0,1.0,1.0,0,-1,-1,secure-auth-764-vtop.vit.ac.in
23,23,0,1,3,0,3,0,0,0.2777777777777778,0.5246376811594203,0,-1,-1,secure-auth-561-zoom.us
13,13,0,1,0,0,0,0,0,0.5384615384615384,0.6837606837606837,0,-1,-1,imstagram.com
12,12,0,1,0,0,0,0,0,0.2857142857142857,0.5092592592592592,0,-1,-1,stanford.xyz
27,27,0,1,3,0,3,0,0,0.4,0.4703703703703703,0,-1,-1,secure-auth-214-dropbox.com
29,29,0,1,3,0,3,0,0,0.38095238095238093,0.509323116219668,0,-1,-1,secure-auth-369-instagram.com
25,25,0,1,3,0,3,0,0,0.4,0.4266666666666667,0,-1,-1,secure-auth-697-apple.com
25,25,0,1,3,0,3,0,0,0.368421052631579,0.4615384615384615,0,-1,-1,secure-auth-158-slack.com
10,10,0,1,0,0,0,0,0,0.9,0.94,0,-1,-1,gkogle.com
17,17,0,1,1,0,0,0,0,0.5333333333333333,0.653657616892911,0,-1,-1,azure-support.com
20,20,0,1,1,0,0,0,0,0.4666666666666667,0.6897435897435896,0,-1,-1,salesforce-login.com
10,10,0,1,0,0,0,0,0,0.5,0.6777777777777777,0,-1,-1,neflix.com
16,16,0,1,0,0,0,0,0,0.48275862068965514,0.5801282051282052,0,-1,-1,bankofamrica.com
26,26,0,1,3,0,3,0,0,0.3589743589743589,0.452991452991453,0,-1,-1,secure-auth-781-amazon.com
11,11,0,1,0,0,0,0,0,0.5,0.6515151515151515,0,-1,-1,rwitter.com
11,11,0,1,0,0,0,0,0,0.5,0.6515151515151515,0,-1,-1,twtiter.com
25,25,0,1,3,0,3,0,0,0.368421052631579,0.47333333333333333,0,-1,-1,secure-auth-913-adobe.com
27,27,0,1,3,0,3,0,0,0.35,0.44753086419753085,0,-1,-1,secure-auth-277-twitter.com
9,9,0,1,0,0,0,0,0,0.9473684210526316,0.98,0,-1,-1,googl.com
12,12,0,1,0,0,0,0,0,0.5454545454545454,0.7000000000000001,0,-1,-1,linkedij.com
10,10,0,1,0,0,0,0,0,0.5217391304347826,0.6148148148148148,0,-1,-1,bithub.com
10,10,0,1,0,0,0,0,0,0.9,0.9733333333333334,0,-1,-1,papyal.com
29,29,0,1,3,0,3,0,0,0.6190476190476191,0.45042314007831247,0,-1,-1,secure-auth-330-microsoft.com
26,26,0,1,3,0,3,0,0,0.3589743589743589,0.452991452991453,0,-1,-1,secure-auth-260-amazon.com
26,26,0,1,3,0,3,0,0,0.5555555555555556,0.4256410256410256,0,-1,-1,secure-auth-658-paypal.com
12,12,0,1,0,0,0,0,0,0.48,0.638888888888889,0,-1,-1,citjbank.com
12,12,0,1,0,0,0,0,0,0.5454545454545454,0.7388888888888889,0,-1,-1,garclays.com
23,23,0,1,3,0,3,0,0,0.2777777777777778,0.5246376811594203,0,-1,-1,secure-auth-732-zoom.us
18,18,0,1,3,0,1,0,0,0.4516129032258065,0.6424501424501424,1,-1,-1,xn--dropbx-0qf.com
26,26,0,1,3,0,3,0,0,0.5555555555555556,0.47179487179487173,0,-1,-1,secure-auth-199-google.com
29,29,0,1,3,0,3,0,0,0.6190476190476191,0.45042314007831247,0,-1,-1,secure-auth-229-microsoft.com
18,18,0,1,1,0,0,0,0,0.7142857142857143,0.8911111111111111,0,-1,-1,google-support.com
8,8,0,1,0,0,0,0,0,0.3529411764705882,0.5694444444444444,0,-1,-1,rnit.edu
32,32,0,2,3,0,3,0,0,0.5263157894736843,0.6851851851851851,0,-1,-1,secure-auth-744-portal.azure.com
13,13,0,1,0,0,0,0,0,0.9230769230769231,0.9692307692307692,0,-1,-1,microsott.com
28,28,0,1,3,0,3,0,0,0.3902439024390244,0.5009157509157509,0,-1,-1,secure-auth-898-facebook.com
25,25,0,1,3,0,3,0,0,0.4,0.4266666666666667,0,-1,-1,secure-auth-417-apple.com
30,30,0,3,3,0,3,0,0,1.0,1.0,0,-1,-1,secure-auth-769-vtop.vit.ac.in
17,17,0,1,0,0,0,0,0,0.4666666666666667,0.6294620412267471,0,-1,-1,bankofsmerica.com
27,27,0,1,3,0,3,0,0,0.35,0.44753086419753085,0,-1,-1,secure-auth-859-twitter.com
28,28,0,1,3,0,3,0,0,0.3414634146341463,0.4543956043956044,0,-1,-1,secure-auth-537-citibank.com
16,16,0,1,1,0,0,0,0,0.4137931034482759,0.6110347985347985,0,-1,-1,azure-signin.com
29,29,0,1,3,0,3,0,0,0.38095238095238093,0.509323116219668,0,-1,-1,secure-auth-663-instagram.com
28,28,0,1,3,0,3,0,0,0.3902439024390244,0.5009157509157509,0,-1,-1,secure-auth-126-facebook.com
25,25,0,1,3,0,3,0,0,0.4,0.4266666666666667,0,-1,-1,secure-auth-839-apple.com
28,28,0,1,3,0,3,0,0,0.3414634146341463,0.4543956043956044,0,-1,-1,secure-auth-392-citibank.com
25,25,0,2,3,0,3,0,0,0.2941176470588235,0.47333333333333333,0,-1,-1,secure-auth-710-cam.ac.uk
26,26,0,1,3,0,3,0,0,0.5555555555555556,0.4256410256410256,0,-1,-1,secure-auth-585-paypal.com
30,30,0,1,3,0,3,0,0,0.37209302325581395,0.48888888888888893,0,-1,-1,secure-auth-235-salesforce.com
25,25,0,1,3,0,3,0,0,0.368421052631579,0.4615384615384615,0,-1,-1,secure-auth-117-slack.com
28,28,0,1,3,0,3,0,0,0.368421052631579,0.4543956043956044,0,-1,-1,secure-auth-678-barclays.com
16,16,0,2,0,0,0,0,0,0.5263157894736843,0.6851851851851851,0,-1,-1,portal.azrue.com
27,27,0,1,3,0,3,0,0,0.35,0.44753086419753085,0,-1,-1,secure-auth-271-twitter.com
11,11,0,1,0,0,0,0,0,0.33333333333333337,0.5578865578865578,0,-1,-1,spotify.xyz
13,13,0,1,0,0,0,0,0,0.5384615384615384,0.6602564102564102,0,-1,-1,insfagram.com
23,23,0,1,3,0,3,0,0,0.2777777777777778,0.5246376811594203,0,-1,-1,secure-auth-806-zoom.us
26,26,0,1,3,0,3,0,0,0.5555555555555556,0.4256410256410256,0,-1,-1,secure-auth-647-paypal.com
27,27,0,1,3,0,3,0,0,0.35,0.44753086419753085,0,-1,-1,secure-auth-480-netflix.com
12,12,0,1,0,0,0,0,0,0.2857142857142857,0.5092592592592592,0,-1,-1,stanfodd.edu
8,8,0,1,0,0,0,0,0,0.3529411764705882,0.5192307692307693,0,-1,-1,hsbc.biz
18,18,0,1,1,0,0,0,0,0.2962962962962963,0.5555555555555555,0,-1,-1,verify-harvard.edu
28,28,0,1,3,0,3,0,0,0.3902439024390244,0.5009157509157509,0,-1,-1,secure-auth-572-facebook.com
28,28,0,1,3,0,3,0,0,0.3414634146341463,0.5113756613756614,0,-1,-1,secure-auth-590-linkedin.com
28,28,0,1,3,0,3,0,0,0.3902439024390244,0.5009157509157509,0,-1,-1,secure-auth-320-facebook.com
12,12,0,1,0,0,0,0,0,0.48,0.6444444444444445,0,-1,-1,faceboik.com
29,29,0,1,3,0,3,0,0,0.6190476190476191,0.45042314007831247,0,-1,-1,secure-auth-628-microsoft.com
25,25,0,1,3,0,3,0,0,0.368421052631579,0.4615384615384615,0,-1,-1,secure-auth-127-chase.com
11,11,0,1,0,0,0,0,0,0.5833333333333333,0.7151515151515152,0,-1,-1,spotkfy.com
10,10,0,1,0,0,0,0,0,0.9,0.8962962962962964,0,-1,-1,laypal.com
25,25,0,1,3,0,3,0,0,0.368421052631579,0.4615384615384615,0,-1,-1,secure-auth-375-slack.com
26,26,0,1,3,0,3,0,0,0.3589743589743589,0.452991452991453,0,-1,-1,secure-auth-231-amazon.com
25,25,0,1,3,0,3,0,0,0.368421052631579,0.47333333333333333,0,-1,-1,secure-auth-846-adobe.com
25,25,0,1,3,0,3,0,0,0.368421052631579,0.47333333333333333,0,-1,-1,secure-auth-244-adobe.com
25,25,0,2,3,0,3,0,0,0.2941176470588235,0.47333333333333333,0,-1,-1,secure-auth-259-cam.ac.uk
16,16,0,1,1,0,0,0,0,0.48275862068965514,0.6217948717948718,0,-1,-1,secure-adobe.com
11,11,0,1,0,0,0,0,0,0.5714285714285714,0.7151515151515152,0,-1,-1,linkedn.com
30,30,0,1,3,0,3,0,0,0.37209302325581395,0.44273504273504277,0,-1,-1,secure-auth-479-wellsfargo.com
30,30,0,1,3,0,3,0,0,0.37209302325581395,0.48888888888888893,0,-1,-1,secure-auth-931-salesforce.com
27,27,0,1,3,0,3,0,0,0.19999999999999996,0.4246913580246914,0,-1,-1,secure-auth-436-harvard.edu
27,27,0,1,3,0,3,0,0,0.35,0.44753086419753085,0,-1,-1,secure-auth-399-twitter.com
24,24,0,1,3,0,3,0,0,0.3783783783783784,0.5662393162393162,0,-1,-1,secure-auth-736-hsbc.com
23,23,0,1,3,0,3,0,0,0.2222222222222222,0.47681159420289854,0,-1,-1,secure-auth-420-mit.edu
27,27,0,1,3,0,3,0,0,0.35,0.44753086419753085,0,-1,-1,secure-auth-293-netflix.com
11,11,0,1,0,0,0,0,0,0.5833333333333333,0.7392191142191141,0,-1,-1,sropbox.com
11,11,0,1,0,0,0,0,0,0.5714285714285714,0.7151515151515152,0,-1,-1,dtopbox.com
28,28,0,1,3,0,3,0,0,0.3414634146341463,0.5113756613756614,0,-1,-1,secure-auth-502-linkedin.com
28,28,0,1,3,0,3,0,0,0.3414634146341463,0.4543956043956044,0,-1,-1,secure-auth-903-citibank.com
17,17,0,1,0,0,0,0,0,0.4666666666666667,0.5954248366013072,0,-1,-1,bankkfamerica.com
14,14,0,1,0,0,0,0,0,0.5,0.6302401302401303,0,-1,-1,salesfirce.com
6,6,0,1,0,0,0,0,0,0.3157894736842105,0.5185185185185185,0,-1,-1,mi.edu
25,25,0,1,3,0,3,0,0,0.368421052631579,0.4615384615384615,0,-1,-1,secure-auth-166-slack.com
27,27,0,1,3,0,3,0,0,0.4,0.4703703703703703,0,-1,-1,secure-auth-539-dropbox.com
26,26,0,1,3,0,3,0,0,0.5555555555555556,0.47179487179487173,0,-1,-1,secure-auth-876-google.com
33,33,0,1,3,0,3,0,0,0.34782608695652173,0.5070707070707071,0,-1,-1,secure-auth-482-bankofamerica.com
24,24,0,1,3,0,3,0,0,0.3783783783783784,0.5662393162393162,0,-1,-1,secure-auth-190-hsbc.com
30,30,0,1,3,0,3,0,0,0.37209302325581395,0.44273504273504277,0,-1,-1,secure-auth-655-wellsfargo.com
33,33,0,1,3,0,3,0,0,0.34782608695652173,0.5070707070707071,0,-1,-1,secure-auth-856-bankofamerica.com
17,17,0,2,1,0,0,0,0,0.3846153846153846,0.549270990447461,0,-1,-1,account-cam.ac.uk
27,27,0,1,3,0,3,0,0,0.35,0.44753086419753085,0,-1,-1,secure-auth-760-twitter.com
33,33,0,1,3,0,3,0,0,0.34782608695652173,0.5070707070707071,0,-1,-1,secure-auth-643-bankofamerica.com
29,29,0,1,3,0,3,0,0,0.38095238095238093,0.509323116219668,0,-1,-1,secure-auth-651-instagram.com
28,28,0,1,3,0,3,0,0,0.3902439024390244,0.5009157509157509,0,-1,-1,secure-auth-245-facebook.com
26,26,0,1,3,0,3,0,0,0.5555555555555556,0.4256410256410256,0,-1,-1,secure-auth-310-paypal.com
27,27,0,1,3,0,3,0,0,0.4,0.4703703703703703,0,-1,-1,secure-auth-217-dropbox.com
25,25,0,2,3,0,3,0,0,0.2941176470588235,0.47333333333333333,0,-1,-1,secure-auth-829-cam.ac.uk
26,26,0,1,3,0,3,0,0,0.5555555555555556,0.47179487179487173,0,-1,-1,secure-auth-719-google.com
28,28,0,1,3,0,3,0,0,0.3902439024390244,0.5009157509157509,0,-1,-1,secure-auth-547-facebook.com
33,33,0,1,3,0,3,0,0,0.34782608695652173,0.5070707070707071,0,-1,-1,secure-auth-939-bankofamerica.com
27,27,0,1,3,0,3,0,0,0.35,0.44753086419753085,0,-1,-1,secure-auth-973-netflix.com
28,28,0,1,3,0,3,0,0,0.3414634146341463,0.4543956043956044,0,-1,-1,secure-auth-787-citibank.com
25,25,0,2,3,0,3,0,0,0.2941176470588235,0.47333333333333333,0,-1,-1,secure-auth-192-cam.ac.uk
25,25,0,1,3,0,3,0,0,0.368421052631579,0.4615384615384615,0,-1,-1,secure-auth-399-chase.com
28,28,0,1,3,0,3,0,0,0.368421052631579,0.4543956043956044,0,-1,-1,secure-auth-332-barclays.com
30,30,0,1,3,0,3,0,0,0.37209302325581395,0.48888888888888893,0,-1,-1,secure-auth-405-salesforce.com
12,12,0,1,0,0,0,0,0,0.5454545454545454,0.7134920634920635,0,-1,-1,lonkedin.com
18,18,0,1,1,0,0,0,0,0.5806451612903225,0.6749287749287749,0,-1,-1,secure-spotify.com
17,17,0,1,0,0,0,0,0,0.3076923076923077,0.5398692810457516,0,-1,-1,bankofamerica.net
24,24,0,2,3,0,3,0,0,0.303030303030303,0.5148046398046398,0,-1,-1,secure-auth-439-ox.ac.uk
26,26,0,1,3,0,3,0,0,0.3589743589743589,0.44943019943019946,0,-1,-1,secure-auth-931-github.com
19,19,0,1,1,0,0,0,0,0.5,0.6849602639076323,0,-1,-1,facebook-verify.com
12,12,0,1,0,0,0,0,0,0.5454545454545454,0.7134920634920635,0,-1,-1,linoedin.com
30,30,0,1,3,0,3,0,0,0.37209302325581395,0.48888888888888893,0,-1,-1,secure-auth-407-salesforce.com
32,32,0,2,3,0,3,0,0,0.5263157894736843,0.6851851851851851,0,-1,-1,secure-auth-631-portal.azure.com
29,29,0,1,3,0,3,0,0,0.38095238095238093,0.509323116219668,0,-1,-1,secure-auth-679-instagram.com
29,29,0,1,3,0,3,0,0,0.38095238095238093,0.509323116219668,0,-1,-1,secure-auth-806-instagram.com
25,25,0,1,3,0,3,0,0,0.368421052631579,0.4615384615384615,0,-1,-1,secure-auth-404-slack.com
28,28,0,1,3,0,3,0,0,0.24390243902439024,0.469047619047619,0,-1,-1,secure-auth-198-stanford.edu
25,25,0,2,3,0,3,0,0,0.2941176470588235,0.47333333333333333,0,-1,-1,secure-auth-888-cam.ac.uk
17,17,0,2,0,0,0,0,0,0.42105263157894735,0.5333333333333333,0,-1,-1,portal.azure.info
26,26,0,1,3,0,3,0,0,0.3589743589743589,0.452991452991453,0,-1,-1,secure-auth-318-amazon.com
17,17,0,1,0,0,0,0,0,0.4666666666666667,0.5548373195432018,0,-1,-1,bankofamedica.com
29,29,0,1,3,0,3,0,0,0.38095238095238093,0.509323116219668,0,-1,-1,secure-auth-750-instagram.com
27,27,0,1,3,0,3,0,0,0.44999999999999996,0.4703703703703703,0,-1,-1,secure-auth-312-spotify.com
19,19,0,1,1,0,0,0,0,0.48275862068965514,0.6479232268705952,0,-1,-1,update-facebook.com
21,21,0,1,3,0,1,0,0,0.3870967741935484,0.5958485958485958,1,-1,-1,xn--salesforc-o0h.com
26,26,0,1,3,0,3,0,0,0.5555555555555556,0.4256410256410256,0,-1,-1,secure-auth-975-paypal.com
12,12,0,1,0,0,0,0,0,0.4,0.6120268620268621,0,-1,-1,spotify.info
13,13,0,1,0,0,0,0,0,0.5384615384615384,0.6837606837606837,0,-1,-1,instafram.com
23,23,0,1,3,0,3,0,0,0.2222222222222222,0.47681159420289854,0,-1,-1,secure-auth-392-mit.edu
16,16,0,1,1,0,0,0,0,0.48275862068965514,0.6217948717948718,0,-1,-1,support-hsbc.com
16,16,0,2,1,0,0,0,0,0.48,0.5694444444444443,0,-1,-1,cam-verify.ac.uk
32,32,0,2,3,0,3,0,0,0.5263157894736843,0.6851851851851851,0,-1,-1,secure-auth-702-portal.azure.com
27,27,0,1,3,0,3,0,0,0.35,0.44753086419753085,0,-1,-1,secure-auth-676-netflix.com
28,28,0,1,3,0,3,0,0,0.368421052631579,0.4543956043956044,0,-1,-1,secure-auth-954-barclays.com
20,20,0,1,1,0,0,0,0,0.303030303030303,0.5467948717948717,0,-1,-1,account-stanford.edu
15,15,0,1,1,0,0,0,0,0.56,0.6944444444444445,0,-1,-1,apple-login.com
25,25,0,1,3,0,3,0,0,0.4,0.4266666666666667,0,-1,-1,secure-auth-928-apple.com
29,29,0,1,3,0,3,0,0,0.6190476190476191,0.45042314007831247,0,-1,-1,secure-auth-463-microsoft.com
17,17,0,1,1,0,0,0,0,0.4666666666666667,0.653657616892911,0,-1,-1,verify-github.com
11,11,0,1,0,0,0,0,0,0.30000000000000004,0.5242424242424243,0,-1,-1,narvard.edu
32,32,0,2,3,0,3,0,0,0.5263157894736843,0.6851851851851851,0,-1,-1,secure-auth-575-portal.azure.com
26,26,0,1,3,0,3,0,0,0.5555555555555556,0.4256410256410256,0,-1,-1,secure-auth-906-paypal.com
12,12,0,1,0,0,0,0,0,0.48,0.638888888888889,0,-1,-1,linkrdin.com
8,8,0,1,0,0,0,0,0,0.47619047619047616,0.6260683760683761,0,-1,-1,hsnc.com
24,24,0,2,3,0,3,0,0,0.303030303030303,0.5148046398046398,0,-1,-1,secure-auth-639-ox.ac.uk
27,27,0,1,3,0,3,0,0,0.35,0.44753086419753085,0,-1,-1,secure-auth-186-twitter.com
33,33,0,1,3,0,3,0,0,0.34782608695652173,0.5070707070707071,0,-1,-1,secure-auth-508-bankofamerica.com
27,27,0,1,3,0,3,0,0,0.35,0.44753086419753085,0,-1,-1,secure-auth-217-twitter.com
12,12,0,2,0,0,0,0,0,0.625,0.671957671957672,0,-1,-1,vtop.vit.net
26,26,0,1,3,0,3,0,0,0.5555555555555556,0.47179487179487173,0,-1,-1,secure-auth-636-google.com
23,23,0,1,3,0,3,0,0,0.2222222222222222,0.47681159420289854,0,-1,-1,secure-auth-237-mit.edu
18,18,0,1,1,0,0,0,0,0.2962962962962963,0.5555555555555555,0,-1,-1,harvard-signin.edu
28,28,0,1,3,0,3,0,0,0.24390243902439024,0.469047619047619,0,-1,-1,secure-auth-385-stanford.edu
19,19,0,1,1,0,0,0,0,0.4375,0.6479232268705952,0,-1,-1,secure-citibank.com
8,8,0,1,0,0,0,0,0,0.5555555555555556,0.7083333333333334,0,-1,-1,adbe.com
26,26,0,1,3,0,3,0,0,0.5555555555555556,0.47179487179487173,0,-1,-1,secure-auth-799-google.com
28,28,0,1,3,0,3,0,0,0.3414634146341463,0.5113756613756614,0,-1,-1,secure-auth-289-linkedin.com
29,29,0,1,3,0,3,0,0,0.6190476190476191,0.45042314007831247,0,-1,-1,secure-auth-502-microsoft.com
27,27,0,1,3,0,3,0,0,0.44999999999999996,0.4703703703703703,0,-1,-1,secure-auth-720-spotify.com
27,27,0,1,3,0,3,0,0,0.44999999999999996,0.4703703703703703,0,-1,-1,secure-auth-636-spotify.com
26,26,0,1,3,0,3,0,0,0.3589743589743589,0.452991452991453,0,-1,-1,secure-auth-853-amazon.com
12,12,0,1,0,0,0,0,0,0.38095238095238093,0.547008547008547,0,-1,-1,facebook.biz
18,18,0,1,1,0,0,0,0,0.8387096774193549,0.9444444444444444,0,-1,-1,microsoft-auth.com
27,27,0,1,3,0,3,0,0,0.19999999999999996,0.4246913580246914,0,-1,-1,secure-auth-802-harvard.edu
18,18,0,1,1,0,0,0,0,0.5161290322580645,0.6566951566951568,0,-1,-1,signin-spotify.com
11,11,0,1,0,0,0,0,0,0.5,0.6515151515151515,0,-1,-1,twittre.com
13,13,0,1,0,0,0,0,0,0.5217391304347826,0.5970695970695971,0,-1,-1,inwtagram.com
28,28,0,1,3,0,3,0,0,0.3414634146341463,0.4543956043956044,0,-1,-1,secure-auth-497-citibank.com
16,16,0,2,0,0,0,0,0,0.5263157894736843,0.6851851851851851,0,-1,-1,portal.zzure.com
27,27,0,1,3,0,3,0,0,0.19999999999999996,0.4246913580246914,0,-1,-1,secure-auth-786-harvard.edu
32,32,0,2,3,0,3,0,0,0.5263157894736843,0.6851851851851851,0,-1,-1,secure-auth-585-portal.azure.com
10,10,0,1,0,0,0,0,0,0.6,0.6777777777777777,0,-1,-1,ajazon.com
11,11,0,1,0,0,0,0,0,0.5,0.6595959595959596,0,-1,-1,metflix.com
24,24,0,1,3,0,3,0,0,0.3783783783783784,0.5662393162393162,0,-1,-1,secure-auth-914-hsbc.com
27,27,0,1,3,0,3,0,0,0.35,0.44753086419753085,0,-1,-1,secure-auth-201-netflix.com
9,9,0,1,0,0,0,0,0,0.42105263157894735,0.6292226292226292,0,-1,-1,zoom.info
29,29,0,1,3,0,3,0,0,0.38095238095238093,0.509323116219668,0,-1,-1,secure-auth-631-instagram.com
12,12,0,1,0,0,0,0,0,0.5454545454545454,0.7388888888888889,0,-1,-1,braclays.com
15,15,0,2,1,0,0,0,0,0.41666666666666663,0.6052910052910053,0,-1,-1,signin-ox.ac.uk
26,26,0,1,3,0,3,0,0,0.3589743589743589,0.44943019943019946,0,-1,-1,secure-auth-168-github.com
30,30,0,1,3,0,3,0,0,0.37209302325581395,0.44273504273504277,0,-1,-1,secure-auth-940-wellsfargo.com
28,28,0,1,3,0,3,0,0,0.368421052631579,0.4543956043956044,0,-1,-1,secure-auth-320-barclays.com
29,29,0,1,3,0,3,0,0,0.38095238095238093,0.509323116219668,0,-1,-1,secure-auth-915-instagram.com
27,27,0,1,3,0,3,0,0,0.44999999999999996,0.4703703703703703,0,-1,-1,secure-auth-443-spotify.com
23,23,0,1,3,0,3,0,0,0.2777777777777778,0.5246376811594203,0,-1,-1,secure-auth-452-zoom.us
19,19,0,1,1,0,0,0,0,0.4375,0.5403894351262771,0,-1,-1,secure-barclays.com
17,17,0,2,0,0,0,0,0,0.30000000000000004,0.5166666666666667,0,-1,-1,portal.azure.club
14,14,0,1,0,0,0,0,0,0.5185185185185186,0.6672771672771672,0,-1,-1,salrsforce.com
25,25,0,1,3,0,3,0,0,0.368421052631579,0.47333333333333333,0,-1,-1,secure-auth-749-adobe.com
27,27,0,1,3,0,3,0,0,0.35,0.44753086419753085,0,-1,-1,secure-auth-181-netflix.com
28,28,0,1,3,0,3,0,0,0.3414634146341463,0.4543956043956044,0,-1,-1,secure-auth-897-citibank.com
29,29,0,1,3,0,3,0,0,0.38095238095238093,0.509323116219668,0,-1,-1,secure-auth-388-instagram.com
26,26,0,1,3,0,3,0,0,0.5555555555555556,0.4256410256410256,0,-1,-1,secure-auth-705-paypal.com
12,12,0,1,0,0,0,0,0,0.5454545454545454,0.7388888888888889,0,-1,-1,abrclays.com
17,17,0,1,1,0,0,0,0,0.7407407407407407,0.7294117647058824,0,-1,-1,portal-google.com
12,12,0,1,0,0,0,0,0,0.2857142857142857,0.5092592592592592,0,-1,-1,xtanford.edu
11,11,0,1,0,0,0,0,0,0.5833333333333333,0.6886816886816888,0,-1,-1,spoticy.com
11,11,0,1,0,0,0,0,0,0.5,0.6515151515151515,0,-1,-1,twiyter.com
25,25,0,2,3,0,3,0,0,0.2941176470588235,0.47333333333333333,0,-1,-1,secure-auth-308-cam.ac.uk
12,12,0,1,0,0,0,0,0,0.5454545454545454,0.7000000000000001,0,-1,-1,ilnkedin.com
27,27,0,1,3,0,3,0,0,0.44999999999999996,0.4703703703703703,0,-1,-1,secure-auth-788-spotify.com
24,24,0,2,3,0,3,0,0,0.303030303030303,0.5148046398046398,0,-1,-1,secure-auth-538-ox.ac.uk
28,28,0,1,3,0,3,0,0,0.24390243902439024,0.469047619047619,0,-1,-1,secure-auth-540-stanford.edu
28,28,0,1,3,0,3,0,0,0.3414634146341463,0.5113756613756614,0,-1,-1,secure-auth-650-linkedin.com
29,29,0,1,3,0,3,0,0,0.6190476190476191,0.45042314007831247,0,-1,-1,secure-auth-130-microsoft.com
28,28,0,1,3,0,3,0,0,0.368421052631579,0.4543956043956044,0,-1,-1,secure-auth-471-barclays.com
23,23,0,1,3,0,3,0,0,0.2222222222222222,0.47681159420289854,0,-1,-1,secure-auth-295-mit.edu
28,28,0,1,3,0,3,0,0,0.24390243902439024,0.469047619047619,0,-1,-1,secure-auth-806-stanford.edu
32,32,0,2,3,0,3,0,0,0.5263157894736843,0.6851851851851851,0,-1,-1,secure-auth-613-portal.azure.com
33,33,0,1,3,0,3,0,0,0.34782608695652173,0.5070707070707071,0,-1,-1,secure-auth-928-bankofamerica.com
10,10,0,1,0,0,0,0,0,0.5217391304347826,0.6666666666666666,0,-1,-1,githun.com
26,26,0,1,3,0,3,0,0,0.3589743589743589,0.44943019943019946,0,-1,-1,secure-auth-254-github.com
27,27,0,1,3,0,3,0,0,0.44999999999999996,0.4703703703703703,0,-1,-1,secure-auth-155-spotify.com
26,26,0,1,3,0,3,0,0,0.3589743589743589,0.44943019943019946,0,-1,-1,secure-auth-524-github.com
28,28,0,1,3,0,3,0,0,0.3414634146341463,0.4543956043956044,0,-1,-1,secure-auth-766-citibank.com
16,16,0,1,0,0,0,0,0,0.48275862068965514,0.5801282051282052,0,-1,-1,bankofameric.com
11,11,0,1,0,0,0,0,0,0.47619047619047616,0.6595959595959596,0,-1,-1,jetflix.com
9,9,0,1,0,0,0,0,0,0.36363636363636365,0.58005698005698,0,-1,-1,chase.top
25,25,0,1,3,0,3,0,0,0.4,0.4266666666666667,0,-1,-1,secure-auth-457-apple.com
9,9,0,1,0,0,0,0,0,0.5263157894736843,0.6185185185185186,0,-1,-1,slwck.com
16,16,0,2,1,0,0,0,0,0.4137931034482759,0.6226851851851852,0,-1,-1,ox-support.ac.uk
33,33,0,1,3,0,3,0,0,0.34782608695652173,0.5070707070707071,0,-1,-1,secure-auth-917-bankofamerica.com
12,12,0,1,0,0,0,0,0,0.2727272727272727,0.49444444444444446,0,-1,-1,sganford.edu
27,27,0,1,3,0,3,0,0,0.44999999999999996,0.4703703703703703,0,-1,-1,secure-auth-846-spotify.com
10,10,0,1,0,0,0,0,0,0.5217391304347826,0.6871794871794871,0,-1,-1,dropbox.co
16,16,0,1,1,0,0,0,0,0.4137931034482759,0.6041666666666666,0,-1,-1,auth-twitter.com
16,16,0,2,0,0,0,0,0,0.631578947368421,0.7555555555555555,0,-1,-1,portal.azyre.com
25,25,0,2,3,0,3,0,0,0.2941176470588235,0.47333333333333333,0,-1,-1,secure-auth-711-cam.ac.uk
24,24,0,2,3,0,3,0,0,0.303030303030303,0.5148046398046398,0,-1,-1,secure-auth-151-ox.ac.uk
23,23,0,1,3,0,3,0,0,0.2222222222222222,0.47681159420289854,0,-1,-1,secure-auth-556-mit.edu
25,25,0,1,3,0,3,0,0,0.368421052631579,0.47333333333333333,0,-1,-1,secure-auth-696-adobe.com
11,11,0,1,0,0,0,0,0,0.2857142857142857,0.5242424242424243,0,-1,-1,harbard.edu
27,27,0,1,3,0,3,0,0,0.35,0.44753086419753085,0,-1,-1,secure-auth-149-netflix.com
30,30,0,3,3,0,3,0,0,1.0,1.0,0,-1,-1,secure-auth-961-vtop.vit.ac.in
26,26,0,1,3,0,3,0,0,0.3589743589743589,0.44943019943019946,0,-1,-1,secure-auth-625-github.com
25,25,0,1,3,0,3,0,0,0.4,0.4266666666666667,0,-1,-1,secure-auth-634-apple.com
11,11,0,1,0,0,0,0,0,0.5,0.6515151515151515,0,-1,-1,twittet.com
23,23,0,1,3,0,3,0,0,0.2777777777777778,0.5246376811594203,0,-1,-1,secure-auth-985-zoom.us
32,32,0,2,3,0,3,0,0,0.5263157894736843,0.6851851851851851,0,-1,-1,secure-auth-329-portal.azure.com
30,30,0,1,3,0,3,0,0,0.37209302325581395,0.48888888888888893,0,-1,-1,secure-auth-309-salesforce.com
27,27,0,1,3,0,3,0,0,0.35,0.44753086419753085,0,-1,-1,secure-auth-647-twitter.com
30,30,0,3,3,0,3,0,0,1.0,1.0,0,-1,-1,secure-auth-993-vtop.vit.ac.in
12,12,0,1,0,0,0,0,0,0.6363636363636364,0.7388888888888889,0,-1,-1,barcpays.com
30,30,0,1,3,0,3,0,0,0.37209302325581395,0.48888888888888893,0,-1,-1,secure-auth-672-salesforce.com
30,30,0,3,3,0,3,0,0,1.0,1.0,0,-1,-1,secure-auth-279-vtop.vit.ac.in
25,25,0,1,3,0,3,0,0,0.4,0.4266666666666667,0,-1,-1,secure-auth-861-apple.com
7,7,0,1,0,0,0,0,0,0.375,0.5873015873015873,0,-1,-1,imt.edu
29,29,0,1,3,0,3,0,0,0.6190476190476191,0.45042314007831247,0,-1,-1,secure-auth-762-microsoft.com
17,17,0,1,1,0,0,0,0,0.4444444444444444,0.6509803921568628,0,-1,-1,signin-github.com
24,24,0,2,3,0,3,0,0,0.303030303030303,0.5148046398046398,0,-1,-1,secure-auth-611-ox.ac.uk
14,14,0,1,1,0,0,0,0,0.33333333333333337,0.5523809523809524,0,-1,-1,zoom-update.us
26,26,0,1,3,0,3,0,0,0.3589743589743589,0.452991452991453,0,-1,-1,secure-auth-955-amazon.com
27,27,0,1,3,0,3,0,0,0.19999999999999996,0.4246913580246914,0,-1,-1,secure-auth-475-harvard.edu
25,25,0,1,3,0,3,0,0,0.368421052631579,0.4615384615384615,0,-1,-1,secure-auth-701-chase.com
13,13,0,1,0,0,0,0,0,0.5217391304347826,0.6509157509157509,0,-1,-1,wellsargo.com
33,33,0,1,3,0,3,0,0,0.34782608695652173,0.5070707070707071,0,-1,-1,secure-auth-940-bankofamerica.com
25,25,0,1,3,0,3,0,0,0.368421052631579,0.4615384615384615,0,-1,-1,secure-auth-830-slack.com
29,29,0,1,3,0,3,0,0,0.38095238095238093,0.509323116219668,0,-1,-1,secure-auth-106-instagram.com
26,26,0,1,3,0,3,0,0,0.5555555555555556,0.4256410256410256,0,-1,-1,secure-auth-107-paypal.com
10,10,0,1,0,0,0,0,0,0.9,0.9466666666666665,0,-1,-1,pahpal.com
12,12,0,1,0,0,0,0,0,0.47619047619047616,0.6441798941798942,0,-1,-1,citibank.net
33,33,0,1,3,0,3,0,0,0.34782608695652173,0.5070707070707071,0,-1,-1,secure-auth-582-bankofamerica.com
11,11,0,1,0,0,1,0,0,0.47619047619047616,0.6515151515151515,0,-1,-1,tw1tter.com
17,17,0,1,0,0,0,0,0,0.4666666666666667,0.5703242835595778,0,-1,-1,banokfamerica.com
10,10,0,1,0,0,0,0,0,0.5,0.6666666666666666,0,-1,-1,harvard.co
14,14,0,1,1,0,0,0,0,0.2962962962962963,0.4785714285714286,0,-1,-1,update-mit.edu
26,26,0,1,3,0,3,0,0,0.5555555555555556,0.47179487179487173,0,-1,-1,secure-auth-231-google.com
26,26,0,1,3,0,3,0,0,0.3589743589743589,0.44943019943019946,0,-1,-1,secure-auth-359-github.com
30,30,0,3,3,0,3,0,0,1.0,1.0,0,-1,-1,secure-auth-920-vtop.vit.ac.in
18,18,0,1,1,0,0,0,0,0.4516129032258065,0.6032763532763533,0,-1,-1,twitter-signin.com
11,11,0,1,0,0,0,0,0,0.38095238095238093,0.604040404040404,0,-1,-1,barclays.cc
16,16,0,1,1,0,0,0,0,0.5384615384615384,0.6586538461538461,0,-1,-1,chase-update.com
11,11,0,1,0,0,0,0,0,0.47619047619047616,0.6595959595959596,0,-1,-1,netflux.com
16,16,0,2,1,0,0,0,0,0.72,0.7800925925925926,0,-1,-1,portal-vit.ac.in
28,28,0,1,3,0,3,0,0,0.3902439024390244,0.5009157509157509,0,-1,-1,secure-auth-755-facebook.com
19,19,0,1,1,0,0,0,0,0.25,0.5368870895186685,0,-1,-1,account-harvard.edu
30,30,0,1,3,0,3,0,0,0.37209302325581395,0.44273504273504277,0,-1,-1,secure-auth-169-wellsfargo.com
28,28,0,1,3,0,3,0,0,0.3414634146341463,0.4543956043956044,0,-1,-1,secure-auth-610-citibank.com
15,15,0,1,1,0,0,0,0,0.4285714285714286,0.5444444444444444,0,-1,-1,signin-hsbc.com
7,7,0,1,0,0,0,0,0,0.3529411764705882,0.5761904761904763,0,-1,-1,ozom.us
21,21,0,1,3,0,1,0,0,0.3870967741935484,0.5821123321123322,1,-1,-1,xn--wellsfrgo-5yh.com
29,29,0,1,3,0,3,0,0,0.6190476190476191,0.45042314007831247,0,-1,-1,secure-auth-176-microsoft.com
10,10,0,1,0,0,0,0,0,0.5217391304347826,0.6666666666666666,0,-1,-1,smazon.com
17,17,0,1,0,0,0,0,0,0.4666666666666667,0.6086834733893558,0,-1,-1,banklfamerica.com
11,11,0,1,0,0,0,0,0,0.5714285714285714,0.7151515151515152,0,-1,-1,spktify.com
17,17,0,1,0,0,0,0,0,0.4666666666666667,0.5548373195432018,0,-1,-1,bankofameeica.com
28,28,0,1,3,0,3,0,0,0.368421052631579,0.4543956043956044,0,-1,-1,secure-auth-167-barclays.com
14,14,0,1,1,0,0,0,0,0.5,0.6206349206349207,0,-1,-1,auth-chase.com
17,17,0,1,1,0,0,0,0,0.4444444444444444,0.6509803921568628,0,-1,-1,auth-linkedin.com
30,30,0,3,3,0,3,0,0,1.0,1.0,0,-1,-1,secure-auth-503-vtop.vit.ac.in
25,25,0,2,3,0,3,0,0,0.2941176470588235,0.47333333333333333,0,-1,-1,secure-auth-430-cam.ac.uk
29,29,0,1,3,0,3,0,0,0.6190476190476191,0.45042314007831247,0,-1,-1,secure-auth-643-microsoft.com
28,28,0,1,3,0,3,0,0,0.3414634146341463,0.5113756613756614,0,-1,-1,secure-auth-428-linkedin.com
13,13,0,1,0,0,0,0,0,0.9230769230769231,0.9192307692307693,0,-1,-1,micrksoft.com
12,12,0,2,0,0,0,0,0,0.5,0.671957671957672,0,-1,-1,vtop.vit.top
24,24,0,2,3,0,3,0,0,0.303030303030303,0.5148046398046398,0,-1,-1,secure-auth-162-ox.ac.uk
28,28,0,1,3,0,3,0,0,0.3902439024390244,0.5009157509157509,0,-1,-1,secure-auth-890-facebook.com
20,20,0,1,1,0,0,0,0,0.4666666666666667,0.5333333333333333,0,-1,-1,update-instagram.com
21,21,0,1,1,0,0,0,0,0.4516129032258065,0.5821123321123322,0,-1,-1,wellsfargo-verify.com
28,28,0,1,3,0,3,0,0,0.3902439024390244,0.5009157509157509,0,-1,-1,secure-auth-427-facebook.com
27,27,0,1,3,0,3,0,0,0.35,0.44753086419753085,0,-1,-1,secure-auth-808-netflix.com
28,28,0,1,3,0,3,0,0,0.3414634146341463,0.5113756613756614,0,-1,-1,secure-auth-459-linkedin.com
26,26,0,1,3,0,3,0,0,0.5555555555555556,0.4256410256410256,0,-1,-1,secure-auth-131-paypal.com
25,25,0,2,3,0,3,0,0,0.2941176470588235,0.47333333333333333,0,-1,-1,secure-auth-124-cam.ac.uk
10,10,0,1,0,0,0,0,0,0.5,0.6777777777777777,0,-1,-1,netflx.com
30,30,0,1,3,0,3,0,0,0.37209302325581395,0.48888888888888893,0,-1,-1,secure-auth-786-salesforce.com
8,8,0,1,0,0,0,0,0,0.3529411764705882,0.4583333333333333,0,-1,-1,hsbc.net
23,23,0,1,3,0,3,0,0,0.2777777777777778,0.5246376811594203,0,-1,-1,secure-auth-136-zoom.us
25,25,0,1,3,0,3,0,0,0.368421052631579,0.4615384615384615,0,-1,-1,secure-auth-301-slack.com
23,23,0,1,3,0,3,0,0,0.2777777777777778,0.5246376811594203,0,-1,-1,secure-auth-144-zoom.us
11,11,0,1,0,0,0,0,0,0.47619047619047616,0.6595959595959596,0,-1,-1,netfilx.com
27,27,0,1,3,0,3,0,0,0.19999999999999996,0.4246913580246914,0,-1,-1,secure-auth-644-harvard.edu
12,12,0,1,0,0,0,0,0,0.5454545454545454,0.7000000000000001,0,-1,-1,linkefin.com
14,14,0,1,0,0,0,0,0,0.5,0.6672771672771672,0,-1,-1,slaesforce.com
28,28,0,1,3,0,3,0,0,0.24390243902439024,0.469047619047619,0,-1,-1,secure-auth-815-stanford.edu
16,16,0,1,1,0,0,0,0,0.48275862068965514,0.6634615384615384,0,-1,-1,auth-spotify.com
27,27,0,1,3,0,3,0,0,0.4,0.4703703703703703,0,-1,-1,secure-auth-641-dropbox.com
19,19,0,1,1,0,0,0,0,0.4375,0.5403894351262771,0,-1,-1,account-twitter.com
18,18,0,1,1,0,0,0,0,0.4516129032258065,0.6566951566951568,0,-1,-1,support-github.com
27,27,0,1,3,0,3,0,0,0.19999999999999996,0.4246913580246914,0,-1,-1,secure-auth-204-harvard.edu
19,19,0,1,1,0,0,0,0,0.4137931034482759,0.6371457489878543,0,-1,-1,secure-linkedin.com
27,27,0,1,3,0,3,0,0,0.4,0.4703703703703703,0,-1,-1,secure-auth-660-dropbox.com
7,7,0,1,0,0,0,0,0,0.3529411764705882,0.5761904761904763,0,-1,-1,xoom.us
33,33,0,1,3,0,3,0,0,0.34782608695652173,0.5070707070707071,0,-1,-1,secure-auth-201-bankofamerica.com
26,26,0,1,3,0,3,0,0,0.3589743589743589,0.452991452991453,0,-1,-1,secure-auth-910-amazon.com
13,13,0,1,0,0,0,0,0,0.6086956521739131,0.6602564102564102,0,-1,-1,instayram.com
10,10,0,1,0,0,0,0,0,0.6,0.7333333333333334,0,-1,-1,amazkn.com
11,11,0,1,0,0,0,0,0,0.5833333333333333,0.724941724941725,0,-1,-1,drophox.com
10,10,0,1,0,0,0,0,0,0.9,0.9533333333333333,0,-1,-1,goohle.com
27,27,0,1,3,0,3,0,0,0.19999999999999996,0.4246913580246914,0,-1,-1,secure-auth-505-harvard.edu
28,28,0,1,3,0,3,0,0,0.368421052631579,0.4543956043956044,0,-1,-1,secure-auth-580-barclays.com
18,18,0,1,1,0,0,0,0,0.4516129032258065,0.7082621082621084,0,-1,-1,spotify-secure.com
12,12,0,1,0,0,0,0,0,0.2857142857142857,0.5166666666666667,0,-1,-1,stanfore.edu
27,27,0,1,3,0,3,0,0,0.44999999999999996,0.4703703703703703,0,-1,-1,secure-auth-978-spotify.com
12,12,0,1,0,0,0,0,0,0.56,0.7072649572649573,0,-1,-1,facevook.com
26,26,0,1,3,0,3,0,0,0.3589743589743589,0.452991452991453,0,-1,-1,secure-auth-318-amazon.com
26,26,0,1,3,0,3,0,0,0.3589743589743589,0.452991452991453,0,-1,-1,secure-auth-687-amazon.com
24,24,0,1,3,0,3,0,0,0.3783783783783784,0.5662393162393162,0,-1,-1,secure-auth-251-hsbc.com
28,28,0,1,3,0,3,0,0,0.24390243902439024,0.469047619047619,0,-1,-1,secure-auth-368-stanford.edu
26,26,0,1,3,0,3,0,0,0.3589743589743589,0.44943019943019946,0,-1,-1,secure-auth-454-github.com
23,23,0,1,3,0,3,0,0,0.2777777777777778,0.5246376811594203,0,-1,-1,secure-auth-786-zoom.us
16,16,0,2,1,0,0,0,0,0.72,0.7800925925925926,0,-1,-1,update-vit.ac.in
25,25,0,1,3,0,3,0,0,0.4,0.4266666666666667,0,-1,-1,secure-auth-878-apple.com
10,10,0,1,0,0,0,0,0,0.5217391304347826,0.6666666666666666,0,-1,-1,twitte.com
27,27,0,1,3,0,3,0,0,0.4,0.4703703703703703,0,-1,-1,secure-auth-774-dropbox.com
17,17,0,1,1,0,0,0,0,0.7407407407407407,0.8976470588235295,0,-1,-1,google-secure.com
27,27,0,1,3,0,3,0,0,0.19999999999999996,0.4246913580246914,0,-1,-1,secure-auth-617-harvard.edu
21,21,0,1,3,0,1,0,0,0.4516129032258065,0.5821123321123322,1,-1,-1,xn--wllsfargo-g0h.com
28,28,0,1,3,0,3,0,0,0.368421052631579,0.4543956043956044,0,-1,-1,secure-auth-479-barclays.com
27,27,0,1,3,0,3,0,0,0.19999999999999996,0.4246913580246914,0,-1,-1,secure-auth-863-harvard.edu
14,14,0,1,0,0,0,0,0,0.5,0.6672771672771672,0,-1,-1,sqlesforce.com
27,27,0,1,3,0,3,0,0,0.19999999999999996,0.4246913580246914,0,-1,-1,secure-auth-308-harvard.edu
27,27,0,1,3,0,3,0,0,0.35,0.44753086419753085,0,-1,-1,secure-auth-432-twitter.com
16,16,0,2,3,0,1,0,0,0.31999999999999995,0.4893518518518518,1,-1,-1,xn--cm-7kc.ac.uk
19,19,0,1,1,0,0,0,0,0.5,0.6985155195681512,0,-1,-1,signin-facebook.com
17,17,0,1,1,0,0,0,0,0.5185185185185186,0.7191553544494722,0,-1,-1,spotify-login.com
6,6,0,1,0,0,0,0,0,0.25,0.5111111111111111,0,-1,-1,ox.xyz
25,25,0,2,3,0,3,0,0,0.2941176470588235,0.47333333333333333,0,-1,-1,secure-auth-232-cam.ac.uk
11,11,0,1,0,0,0,0,0,0.38095238095238093,0.6595959595959596,0,-1,-1,amazon.club
15,15,0,2,3,0,1,0,0,0.41666666666666663,0.6296296296296297,1,-1,-1,xn--x-0tb.ac.uk
25,25,0,1,3,0,3,0,0,0.4,0.4266666666666667,0,-1,-1,secure-auth-959-apple.com
26,26,0,1,3,0,3,0,0,0.3589743589743589,0.452991452991453,0,-1,-1,secure-auth-791-amazon.com
11,11,0,1,0,0,0,0,0,0.5,0.7094757094757095,0,-1,-1,citiank.com
23,23,0,1,3,0,3,0,0,0.2777777777777778,0.5246376811594203,0,-1,-1,secure-auth-312-zoom.us
10,10,0,1,0,0,0,0,0,0.5217391304347826,0.6666666666666666,0,-1,-1,witter.com
28,28,0,1,3,0,3,0,0,0.3414634146341463,0.5113756613756614,0,-1,-1,secure-auth-431-linkedin.com
28,28,0,1,3,0,3,0,0,0.24390243902439024,0.469047619047619,0,-1,-1,secure-auth-802-stanford.edu
27,27,0,1,3,0,3,0,0,0.19999999999999996,0.4246913580246914,0,-1,-1,secure-auth-795-harvard.edu
9,9,0,1,0,0,0,0,0,0.631578947368421,0.7783068783068784,0,-1,-1,apppe.com
27,27,0,1,3,0,3,0,0,0.35,0.44753086419753085,0,-1,-1,secure-auth-700-netflix.com
29,29,0,1,3,0,3,0,0,0.6190476190476191,0.45042314007831247,0,-1,-1,secure-auth-855-microsoft.com
26,26,0,1,3,0,3,0,0,0.5555555555555556,0.47179487179487173,0,-1,-1,secure-auth-560-google.com
28,28,0,1,3,0,3,0,0,0.3902439024390244,0.5009157509157509,0,-1,-1,secure-auth-831-facebook.com
32,32,0,2,3,0,3,0,0,0.5263157894736843,0.6851851851851851,0,-1,-1,secure-auth-968-portal.azure.com
28,28,0,1,3,0,3,0,0,0.3414634146341463,0.5113756613756614,0,-1,-1,secure-auth-824-linkedin.com
26,26,0,1,3,0,3,0,0,0.3589743589743589,0.44943019943019946,0,-1,-1,secure-auth-201-github.com
27,27,0,1,3,0,3,0,0,0.35,0.44753086419753085,0,-1,-1,secure-auth-880-netflix.com
23,23,0,1,3,0,3,0,0,0.2777777777777778,0.5246376811594203,0,-1,-1,secure-auth-167-zoom.us
15,15,0,1,1,0,0,0,0,0.48,0.6111111111111112,0,-1,-1,update-hsbc.com
26,26,0,1,3,0,3,0,0,0.5555555555555556,0.4256410256410256,0,-1,-1,secure-auth-208-paypal.com
27,27,0,1,3,0,3,0,0,0.35,0.44753086419753085,0,-1,-1,secure-auth-523-twitter.com
30,30,0,1,3,0,3,0,0,0.37209302325581395,0.48888888888888893,0,-1,-1,secure-auth-472-salesforce.com
27,27,0,1,3,0,3,0,0,0.4,0.4703703703703703,0,-1,-1,secure-auth-272-dropbox.com
7,7,0,1,0,0,0,0,0,0.47058823529411764,0.6617826617826618,0,-1,-1,zoom.cc
21,21,0,1,1,0,0,0,0,0.3870967741935484,0.6328856328856328,0,-1,-1,salesforce-signin.com
23,23,0,1,3,0,3,0,0,0.2777777777777778,0.5246376811594203,0,-1,-1,secure-auth-363-zoom.us
25,25,0,1,3,0,3,0,0,0.368421052631579,0.4615384615384615,0,-1,-1,secure-auth-157-chase.com
24,24,0,1,3,0,3,0,0,0.3783783783783784,0.5662393162393162,0,-1,-1,secure-auth-770-hsbc.com
25,25,0,1,3,0,3,0,0,0.368421052631579,0.4615384615384615,0,-1,-1,secure-auth-507-chase.com
12,12,0,1,0,0,0,0,0,0.5454545454545454,0.7000000000000001,0,-1,-1,linkeidn.com
29,29,0,1,3,0,3,0,0,0.6190476190476191,0.45042314007831247,0,-1,-1,secure-auth-371-microsoft.com
23,23,0,1,3,0,3,0,0,0.2777777777777778,0.5246376811594203,0,-1,-1,secure-auth-697-zoom.us
17,17,0,1,1,0,0,0,0,0.4666666666666667,0.6735294117647058,0,-1,-1,twitter-login.com
25,25,0,1,3,0,3,0,0,0.368421052631579,0.4615384615384615,0,-1,-1,secure-auth-229-chase.com
10,10,0,1,0,0,0,0,0,0.9,0.9533333333333333,0,-1,-1,gooble.com
28,28,0,1,3,0,3,0,0,0.3414634146341463,0.5113756613756614,0,-1,-1,secure-auth-624-linkedin.com
29,29,0,1,3,0,3,0,0,0.38095238095238093,0.509323116219668,0,-1,-1,secure-auth-916-instagram.com
27,27,0,1,3,0,3,0,0,0.19999999999999996,0.4246913580246914,0,-1,-1,secure-auth-963-harvard.edu
23,23,0,1,3,0,3,0,0,0.2222222222222222,0.47681159420289854,0,-1,-1,secure-auth-161-mit.edu
28,28,0,1,3,0,3,0,0,0.24390243902439024,0.469047619047619,0,-1,-1,secure-auth-591-stanford.edu
27,27,0,1,3,0,3,0,0,0.35,0.44753086419753085,0,-1,-1,secure-auth-512-netflix.com
14,14,0,1,0,0,0,0,0,0.5,0.638095238095238,0,-1,-1,wellsfzrgo.com
28,28,0,1,3,0,3,0,0,0.3414634146341463,0.4543956043956044,0,-1,-1,secure-auth-960-citibank.com
27,27,0,1,3,0,3,0,0,0.4,0.4703703703703703,0,-1,-1,secure-auth-751-dropbox.com
26,26,0,1,3,0,3,0,0,0.3589743589743589,0.452991452991453,0,-1,-1,secure-auth-982-amazon.com
10,10,0,1,0,0,0,0,0,0.9,0.96,0,-1,-1,paypwl.com
21,21,0,1,1,0,0,0,0,0.4516129032258065,0.5588115588115589,0,-1,-1,support-instagram.com
28,28,0,1,3,0,3,0,0,0.368421052631579,0.4543956043956044,0,-1,-1,secure-auth-187-barclays.com
18,18,0,1,1,0,0,0,0,0.5161290322580645,0.64494301994302,0,-1,-1,github-support.com
30,30,0,1,3,0,3,0,0,0.37209302325581395,0.44273504273504277,0,-1,-1,secure-auth-996-wellsfargo.com
25,25,0,1,3,0,3,0,0,0.4,0.4266666666666667,0,-1,-1,secure-auth-732-apple.com
27,27,0,1,3,0,3,0,0,0.19999999999999996,0.4246913580246914,0,-1,-1,secure-auth-523-harvard.edu
10,10,0,1,0,0,0,0,0,0.5,0.6666666666666666,0,-1,-1,gtihub.com
24,24,0,2,3,0,3,0,0,0.303030303030303,0.5148046398046398,0,-1,-1,secure-auth-260-ox.ac.uk
13,13,0,1,0,0,0,0,0,0.5217391304347826,0.5970695970695971,0,-1,-1,intsagram.com
11,11,0,1,0,0,0,0,0,0.5,0.6515151515151515,0,-1,-1,twitetr.com
8,8,0,1,0,0,0,0,0,0.2857142857142857,0.5499999999999999,0,-1,-1,hsbc.top
29,29,0,1,3,0,3,0,0,0.38095238095238093,0.509323116219668,0,-1,-1,secure-auth-918-instagram.com
19,19,0,1,1,0,0,0,0,0.48275862068965514,0.5954790823211876,0,-1,-1,auth-salesforce.com
9,9,0,1,0,0,0,0,0,0.5263157894736843,0.6851851851851851,0,-1,-1,dhase.com
21,21,0,1,1,0,0,0,0,0.5294117647058824,0.6484737484737485,0,-1,-1,instagram-support.com
26,26,0,1,3,0,3,0,0,0.3589743589743589,0.44943019943019946,0,-1,-1,secure-auth-140-github.com
33,33,0,1,3,0,3,0,0,0.34782608695652173,0.5070707070707071,0,-1,-1,secure-auth-618-bankofamerica.com
14,14,0,1,0,0,0,0,0,0.5,0.6672771672771672,0,-1,-1,ealesforce.com
8,8,0,1,0,0,0,0,0,0.4444444444444444,0.6333333333333333,0,-1,-1,zoom.top
23,23,0,1,3,0,3,0,0,0.2222222222222222,0.47681159420289854,0,-1,-1,secure-auth-404-mit.edu
11,11,0,1,0,0,0,0,0,0.5,0.6515151515151515,0,-1,-1,dropbkx.com
16,16,0,2,0,0,0,0,0,0.5454545454545454,0.6851851851851851,0,-1,-1,portal.azurs.com
10,10,0,1,0,0,0,0,0,0.6,0.6777777777777777,0,-1,-1,amzaon.com
28,28,0,1,3,0,3,0,0,0.3414634146341463,0.5113756613756614,0,-1,-1,secure-auth-930-linkedin.com
12,12,0,1,0,0,0,0,0,0.5454545454545454,0.6120268620268621,0,-1,-1,insagram.com
15,15,0,2,1,0,0,0,0,0.3571428571428571,0.5094017094017094,0,-1,-1,secure-ox.ac.uk
26,26,0,1,3,0,3,0,0,0.5555555555555556,0.4256410256410256,0,-1,-1,secure-auth-752-paypal.com
14,14,0,1,0,0,0,0,0,0.5,0.638095238095238,0,-1,-1,ewllsfargo.com
26,26,0,1,3,0,3,0,0,0.5555555555555556,0.47179487179487173,0,-1,-1,secure-auth-522-google.com
28,28,0,1,3,0,3,0,0,0.3902439024390244,0.5009157509157509,0,-1,-1,secure-auth-470-facebook.com
11,11,0,1,0,0,0,0,0,0.47619047619047616,0.6595959595959596,0,-1,-1,netvlix.com
26,26,0,1,3,0,3,0,0,0.5555555555555556,0.4256410256410256,0,-1,-1,secure-auth-569-paypal.com
17,17,0,1,0,0,0,0,0,0.4666666666666667,0.5703242835595778,0,-1,-1,bankofamrrica.com
27,27,0,1,3,0,3,0,0,0.4,0.4703703703703703,0,-1,-1,secure-auth-977-dropbox.com
17,17,0,1,0,0,0,0,0,0.4666666666666667,0.5703242835595778,0,-1,-1,bankofamdrica.com
11,11,0,1,0,0,0,0,0,0.4,0.5193602693602694,0,-1,-1,twitter.net
15,15,0,1,1,0,0,0,0,0.8,0.9333333333333333,0,-1,-1,paypal-auth.com
27,27,0,1,3,0,3,0,0,0.19999999999999996,0.4246913580246914,0,-1,-1,secure-auth-491-harvard.edu
25,25,0,1,3,0,3,0,0,0.368421052631579,0.4615384615384615,0,-1,-1,secure-auth-388-chase.com
32,32,0,2,3,0,3,0,0,0.5263157894736843,0.6851851851851851,0,-1,-1,secure-auth-545-portal.azure.com
11,11,0,1,0,0,0,0,0,0.5714285714285714,0.7311688311688312,0,-1,-1,spptify.com
25,25,0,2,3,0,3,0,0,0.2941176470588235,0.47333333333333333,0,-1,-1,secure-auth-970-cam.ac.uk
33,33,0,1,3,0,3,0,0,0.34782608695652173,0.5070707070707071,0,-1,-1,secure-auth-885-bankofamerica.com
24,24,0,1,3,0,3,0,0,0.3783783783783784,0.5662393162393162,0,-1,-1,secure-auth-927-hsbc.com
25,25,0,2,3,0,3,0,0,0.2941176470588235,0.47333333333333333,0,-1,-1,secure-auth-751-cam.ac.uk
24,24,0,2,3,0,3,0,0,0.303030303030303,0.5148046398046398,0,-1,-1,secure-auth-995-ox.ac.uk
12,12,0,1,0,0,0,0,0,0.5454545454545454,0.7134920634920635,0,-1,-1,barclqys.com
23,23,0,1,3,0,3,0,0,0.2777777777777778,0.5246376811594203,0,-1,-1,secure-auth-277-zoom.us
11,11,0,1,0,0,0,0,0,0.5,0.6595959595959596,0,-1,-1,drlpbox.com
10,10,0,1,0,0,0,0,0,0.5217391304347826,0.6666666666666666,0,-1,-1,gihtub.com
8,8,0,1,0,0,0,0,0,0.3529411764705882,0.5750000000000001,0,-1,-1,slack.ml
27,27,0,1,3,0,3,0,0,0.35,0.44753086419753085,0,-1,-1,secure-auth-263-twitter.com
30,30,0,1,3,0,3,0,0,0.37209302325581395,0.44273504273504277,0,-1,-1,secure-auth-121-wellsfargo.com
26,26,0,1,3,0,3,0,0,0.5555555555555556,0.47179487179487173,0,-1,-1,secure-auth-276-google.com
14,14,0,1,0,0,0,0,0,0.5185185185185186,0.6761904761904761,0,-1,-1,instagrarn.com
12,12,0,1,0,0,1,0,0,0.5454545454545454,0.7000000000000001,0,-1,-1,linked1n.com
26,26,0,1,3,0,3,0,0,0.5555555555555556,0.47179487179487173,0,-1,-1,secure-auth-470-google.com
26,26,0,1,3,0,3,0,0,0.5555555555555556,0.4256410256410256,0,-1,-1,secure-auth-429-paypal.com
26,26,0,1,3,0,3,0,0,0.5555555555555556,0.47179487179487173,0,-1,-1,secure-auth-136-google.com
27,27,0,1,3,0,3,0,0,0.35,0.44753086419753085,0,-1,-1,secure-auth-724-twitter.com
28,28,0,1,3,0,3,0,0,0.368421052631579,0.4543956043956044,0,-1,-1,secure-auth-224-barclays.com
26,26,0,1,3,0,3,0,0,0.3589743589743589,0.452991452991453,0,-1,-1,secure-auth-234-amazon.com
20,20,0,1,1,0,0,0,0,0.4666666666666667,0.6472027972027972,0,-1,-1,support-facebook.com
25,25,0,1,3,0,3,0,0,0.368421052631579,0.4615384615384615,0,-1,-1,secure-auth-543-slack.com
27,27,0,1,3,0,3,0,0,0.4,0.4703703703703703,0,-1,-1,secure-auth-704-dropbox.com
11,11,0,1,0,0,0,0,0,0.47619047619047616,0.6515151515151515,0,-1,-1,entflix.com
17,17,0,1,0,0,0,0,0,0.4666666666666667,0.5703242835595778,0,-1,-1,bahkofamerica.com
25,25,0,1,3,0,3,0,0,0.368421052631579,0.47333333333333333,0,-1,-1,secure-auth-680-adobe.com
29,29,0,1,3,0,3,0,0,0.6190476190476191,0.45042314007831247,0,-1,-1,secure-auth-720-microsoft.com
19,19,0,1,1,0,0,0,0,0.48275862068965514,0.6318488529014844,0,-1,-1,portal-facebook.com
14,14,0,1,0,0,0,0,0,0.26086956521739135,0.5158730158730158,0,-1,-1,wellsfargo.biz
16,16,0,1,1,0,0,0,0,0.46153846153846156,0.6027777777777777,0,-1,-1,slack-secure.com
28,28,0,1,3,0,3,0,0,0.368421052631579,0.4543956043956044,0,-1,-1,secure-auth-252-barclays.com
24,24,0,1,3,0,3,0,0,0.3783783783783784,0.5662393162393162,0,-1,-1,secure-auth-975-hsbc.com
24,24,0,1,3,0,3,0,0,0.3783783783783784,0.5662393162393162,0,-1,-1,secure-auth-803-hsbc.com
30,30,0,1,3,0,3,0,0,0.37209302325581395,0.48888888888888893,0,-1,-1,secure-auth-300-salesforce.com
26,26,0,1,3,0,3,0,0,0.3589743589743589,0.452991452991453,0,-1,-1,secure-auth-764-amazon.com
25,25,0,2,3,0,3,0,0,0.2941176470588235,0.47333333333333333,0,-1,-1,secure-auth-806-cam.ac.uk
28,28,0,1,3,0,3,0,0,0.3414634146341463,0.4543956043956044,0,-1,-1,secure-auth-792-citibank.com
29,29,0,1,3,0,3,0,0,0.38095238095238093,0.509323116219668,0,-1,-1,secure-auth-699-instagram.com
9,9,0,1,0,0,0,0,0,0.9473684210526316,0.9733333333333334,0,-1,-1,gogle.com
26,26,0,1,3,0,3,0,0,0.3589743589743589,0.452991452991453,0,-1,-1,secure-auth-754-amazon.com
27,27,0,1,3,0,3,0,0,0.35,0.44753086419753085,0,-1,-1,secure-auth-251-netflix.com
32,32,0,2,3,0,3,0,0,0.5263157894736843,0.6851851851851851,0,-1,-1,secure-auth-586-portal.azure.com
24,24,0,2,3,0,3,0,0,0.303030303030303,0.5148046398046398,0,-1,-1,secure-auth-709-ox.ac.uk
27,27,0,1,3,0,3,0,0,0.19999999999999996,0.4246913580246914,0,-1,-1,secure-auth-860-harvard.edu
28,28,0,1,3,0,3,0,0,0.3414634146341463,0.5113756613756614,0,-1,-1,secure-auth-832-linkedin.com
25,25,0,2,3,0,3,0,0,0.2941176470588235,0.47333333333333333,0,-1,-1,secure-auth-482-cam.ac.uk
32,32,0,2,3,0,3,0,0,0.5263157894736843,0.6851851851851851,0,-1,-1,secure-auth-760-portal.azure.com
33,33,0,1,3,0,3,0,0,0.34782608695652173,0.5070707070707071,0,-1,-1,secure-auth-734-bankofamerica.com
11,11,0,1,0,0,0,0,0,0.38095238095238093,0.5878787878787879,0,-1,-1,linkedin.ml
33,33,0,1,3,0,3,0,0,0.34782608695652173,0.5070707070707071,0,-1,-1,secure-auth-468-bankofamerica.com
19,19,0,1,3,0,0,0,0,0.48275862068965514,0.5880084827453248,1,-1,-1,xn--barclay-pog.com
27,27,0,1,3,0,3,0,0,0.35,0.44753086419753085,0,-1,-1,secure-auth-877-twitter.com
23,23,0,1,3,0,3,0,0,0.2222222222222222,0.47681159420289854,0,-1,-1,secure-auth-137-mit.edu
18,18,0,1,1,0,0,0,0,0.2962962962962963,0.5472120472120472,0,-1,-1,login-stanford.edu
24,24,0,1,3,0,3,0,0,0.3783783783783784,0.5662393162393162,0,-1,-1,secure-auth-785-hsbc.com
9,9,0,1,0,0,0,0,0,0.736842105263158,0.825925925925926,0,-1,-1,qpple.com
26,26,0,1,3,0,3,0,0,0.3589743589743589,0.452991452991453,0,-1,-1,secure-auth-213-amazon.com
11,11,0,1,0,0,0,0,0,0.7619047619047619,0.9054545454545454,0,-1,-1,google.club
23,23,0,1,3,0,3,0,0,0.2777777777777778,0.5246376811594203,0,-1,-1,secure-auth-979-zoom.us
10,10,0,1,0,0,0,0,0,0.5,0.6666666666666666,0,-1,-1,giyhub.com
28,28,0,1,3,0,3,0,0,0.3902439024390244,0.5009157509157509,0,-1,-1,secure-auth-646-facebook.com
27,27,0,1,3,0,3,0,0,0.35,0.44753086419753085,0,-1,-1,secure-auth-294-netflix.com
29,29,0,1,3,0,3,0,0,0.6190476190476191,0.45042314007831247,0,-1,-1,secure-auth-196-microsoft.com
28,28,0,1,3,0,3,0,0,0.24390243902439024,0.469047619047619,0,-1,-1,secure-auth-587-stanford.edu
27,27,0,1,3,0,3,0,0,0.35,0.44753086419753085,0,-1,-1,secure-auth-698-twitter.com
8,8,0,2,0,0,0,0,0,0.47058823529411764,0.6481481481481481,0,-1,-1,os.ac.uk
30,30,0,1,3,0,3,0,0,0.37209302325581395,0.48888888888888893,0,-1,-1,secure-auth-641-salesforce.com
18,18,0,1,3,0,1,0,0,0.19354838709677424,0.47222222222222215,1,-1,-1,xn--harvrd-6nf.edu
13,13,0,1,0,0,0,0,0,0.5217391304347826,0.5970695970695971,0,-1,-1,jnstagram.com
12,12,0,1,0,0,0,0,0,0.48,0.6444444444444445,0,-1,-1,facebokk.com
26,26,0,1,3,0,3,0,0,0.3589743589743589,0.44943019943019946,0,-1,-1,secure-auth-145-github.com
30,30,0,1,3,0,3,0,0,0.37209302325581395,0.44273504273504277,0,-1,-1,secure-auth-899-wellsfargo.com
28,28,0,1,3,0,3,0,0,0.3414634146341463,0.4543956043956044,0,-1,-1,secure-auth-852-citibank.com
27,27,0,1,3,0,3,0,0,0.35,0.44753086419753085,0,-1,-1,secure-auth-613-netflix.com
25,25,0,2,3,0,3,0,0,0.2941176470588235,0.47333333333333333,0,-1,-1,secure-auth-474-cam.ac.uk
26,26,0,1,3,0,3,0,0,0.3589743589743589,0.44943019943019946,0,-1,-1,secure-auth-879-github.com
24,24,0,2,3,0,3,0,0,0.303030303030303,0.5148046398046398,0,-1,-1,secure-auth-186-ox.ac.uk
17,17,0,1,1,0,0,0,0,0.7407407407407407,0.9176470588235295,0,-1,-1,paypal-signin.com
26,26,0,1,3,0,3,0,0,0.3589743589743589,0.452991452991453,0,-1,-1,secure-auth-598-amazon.com
27,27,0,1,3,0,3,0,0,0.4,0.4703703703703703,0,-1,-1,secure-auth-793-dropbox.com
11,11,0,1,0,0,1,0,0,0.5,0.6515151515151515,0,-1,-1,dr0pbox.com
28,28,0,1,3,0,3,0,0,0.24390243902439024,0.469047619047619,0,-1,-1,secure-auth-535-stanford.edu
8,8,0,1,0,0,0,0,0,0.47619047619047616,0.6333333333333333,0,-1,-1,hscb.com
28,28,0,1,3,0,3,0,0,0.3414634146341463,0.4543956043956044,0,-1,-1,secure-auth-174-citibank.com
28,28,0,1,3,0,3,0,0,0.3414634146341463,0.4543956043956044,0,-1,-1,secure-auth-897-citibank.com
28,28,0,1,3,0,3,0,0,0.3902439024390244,0.5009157509157509,0,-1,-1,secure-auth-272-facebook.com
24,24,0,2,3,0,3,0,0,0.303030303030303,0.5148046398046398,0,-1,-1,secure-auth-656-ox.ac.uk
33,33,0,1,3,0,3,0,0,0.34782608695652173,0.5070707070707071,0,-1,-1,secure-auth-586-bankofamerica.com
23,23,0,1,3,0,3,0,0,0.2222222222222222,0.47681159420289854,0,-1,-1,secure-auth-745-mit.edu
28,28,0,1,3,0,3,0,0,0.3414634146341463,0.5113756613756614,0,-1,-1,secure-auth-844-linkedin.com
25,25,0,1,3,0,3,0,0,0.368421052631579,0.4615384615384615,0,-1,-1,secure-auth-772-chase.com
28,28,0,1,3,0,3,0,0,0.3414634146341463,0.4543956043956044,0,-1,-1,secure-auth-190-citibank.com
15,15,0,1,1,0,0,0,0,0.56,0.6944444444444445,0,-1,-1,login-chase.com
21,21,0,1,1,0,0,0,0,0.5161290322580645,0.6484737484737485,0,-1,-1,portal-salesforce.com
23,23,0,1,3,0,3,0,0,0.2777777777777778,0.5246376811594203,0,-1,-1,secure-auth-177-zoom.us
29,29,0,1,3,0,3,0,0,0.38095238095238093,0.509323116219668,0,-1,-1,secure-auth-665-instagram.com
26,26,0,1,3,0,3,0,0,0.3589743589743589,0.452991452991453,0,-1,-1,secure-auth-966-amazon.com
30,30,0,1,3,0,3,0,0,0.37209302325581395,0.48888888888888893,0,-1,-1,secure-auth-252-salesforce.com
28,28,0,1,3,0,3,0,0,0.24390243902439024,0.469047619047619,0,-1,-1,secure-auth-103-stanford.edu
8,8,0,1,0,0,0,0,0,0.5555555555555556,0.7083333333333334,0,-1,-1,adobe.co
32,32,0,2,3,0,3,0,0,0.5263157894736843,0.6851851851851851,0,-1,-1,secure-auth-438-portal.azure.com
13,13,0,1,0,0,0,0,0,0.5217391304347826,0.6185897435897436,0,-1,-1,wllsfargo.com
30,30,0,1,3,0,3,0,0,0.37209302325581395,0.48888888888888893,0,-1,-1,secure-auth-584-salesforce.com
25,25,0,2,3,0,3,0,0,0.2941176470588235,0.47333333333333333,0,-1,-1,secure-auth-749-cam.ac.uk
30,30,0,1,3,0,3,0,0,0.37209302325581395,0.48888888888888893,0,-1,-1,secure-auth-708-salesforce.com
27,27,0,1,3,0,3,0,0,0.35,0.44753086419753085,0,-1,-1,secure-auth-764-netflix.com
24,24,0,2,3,0,3,0,0,0.303030303030303,0.5148046398046398,0,-1,-1,secure-auth-784-ox.ac.uk
23,23,0,1,3,0,3,0,0,0.2777777777777778,0.5246376811594203,0,-1,-1,secure-auth-125-zoom.us
29,29,0,1,3,0,3,0,0,0.38095238095238093,0.509323116219668,0,-1,-1,secure-auth-492-instagram.com
30,30,0,1,3,0,3,0,0,0.37209302325581395,0.44273504273504277,0,-1,-1,secure-auth-570-wellsfargo.com
24,24,0,2,3,0,3,0,0,0.303030303030303,0.5148046398046398,0,-1,-1,secure-auth-307-ox.ac.uk
10,10,0,1,0,0,0,0,0,0.9,0.9533333333333333,0,-1,-1,gootle.com
30,30,0,1,3,0,3,0,0,0.37209302325581395,0.48888888888888893,0,-1,-1,secure-auth-414-salesforce.com
28,28,0,1,3,0,3,0,0,0.3902439024390244,0.5009157509157509,0,-1,-1,secure-auth-465-facebook.com
23,23,0,1,3,0,3,0,0,0.2222222222222222,0.47681159420289854,0,-1,-1,secure-auth-757-mit.edu
32,32,0,2,3,0,3,0,0,0.5263157894736843,0.6851851851851851,0,-1,-1,secure-auth-714-portal.azure.com
27,27,0,1,3,0,3,0,0,0.35,0.44753086419753085,0,-1,-1,secure-auth-180-netflix.com
25,25,0,1,3,0,3,0,0,0.368421052631579,0.4615384615384615,0,-1,-1,secure-auth-522-chase.com
12,12,0,1,0,0,0,0,0,0.48,0.6444444444444445,0,-1,-1,facebiok.com
26,26,0,1,3,0,3,0,0,0.3589743589743589,0.44943019943019946,0,-1,-1,secure-auth-856-github.com
27,27,0,1,3,0,3,0,0,0.19999999999999996,0.4246913580246914,0,-1,-1,secure-auth-818-harvard.edu
12,12,0,1,0,0,0,0,0,0.5454545454545454,0.7000000000000001,0,-1,-1,ljnkedin.com
25,25,0,1,3,0,3,0,0,0.4,0.4266666666666667,0,-1,-1,secure-auth-699-apple.com
32,32,0,2,3,0,3,0,0,0.5263157894736843,0.6851851851851851,0,-1,-1,secure-auth-416-portal.azure.com
11,11,0,1,0,0,0,0,0,0.47619047619047616,0.6595959595959596,0,-1,-1,nefflix.com
13,13,0,1,0,0,0,0,0,0.9230769230769231,0.9692307692307692,0,-1,-1,microzoft.com
11,11,0,1,0,0,0,0,0,0.5714285714285714,0.7151515151515152,0,-1,-1,dorpbox.com
11,11,0,1,0,0,0,0,0,0.47619047619047616,0.6595959595959596,0,-1,-1,netflxi.com
14,14,0,1,0,0,0,0,0,0.5,0.638095238095238,0,-1,-1,wellsfaego.com
9,9,0,2,0,0,0,0,0,0.4444444444444444,0.5462962962962963,0,-1,-1,caj.ac.uk
26,26,0,1,3,0,3,0,0,0.5555555555555556,0.4256410256410256,0,-1,-1,secure-auth-720-paypal.com
26,26,0,1,3,0,3,0,0,0.3589743589743589,0.452991452991453,0,-1,-1,secure-auth-258-amazon.com
25,25,0,1,3,0,3,0,0,0.368421052631579,0.4615384615384615,0,-1,-1,secure-auth-502-chase.com
26,26,0,1,3,0,3,0,0,0.3589743589743589,0.44943019943019946,0,-1,-1,secure-auth-497-github.com
25,25,0,1,3,0,3,0,0,0.4,0.4266666666666667,0,-1,-1,secure-auth-473-apple.com
21,21,0,1,1,0,0,0,0,0.4516129032258065,0.6328856328856328,0,-1,-1,wellsfargo-update.com
28,28,0,1,3,0,3,0,0,0.24390243902439024,0.469047619047619,0,-1,-1,secure-auth-476-stanford.edu
27,27,0,1,3,0,3,0,0,0.35,0.44753086419753085,0,-1,-1,secure-auth-480-netflix.com
26,26,0,1,3,0,3,0,0,0.3589743589743589,0.44943019943019946,0,-1,-1,secure-auth-576-github.com
14,14,0,1,0,0,0,0,0,0.5,0.6672771672771672,0,-1,-1,salexforce.com
25,25,0,1,3,0,3,0,0,0.4,0.4266666666666667,0,-1,-1,secure-auth-382-apple.com
8,8,0,1,0,0,0,0,0,0.6666666666666667,0.6722222222222222,0,-1,-1,dobe.com
18,18,0,1,1,0,0,0,0,0.4285714285714286,0.6486772486772486,0,-1,-1,signin-netflix.com
10,10,0,1,0,0,0,0,0,0.3157894736842105,0.5333333333333333,0,-1,-1,havard.edu
12,12,0,1,0,0,0,0,0,0.24,0.46709401709401704,0,-1,-1,sranford.edu
19,19,0,1,1,0,0,0,0,0.6206896551724138,0.6479232268705952,0,-1,-1,barclays-portal.com
28,28,0,1,3,0,3,0,0,0.3414634146341463,0.5113756613756614,0,-1,-1,secure-auth-547-linkedin.com
28,28,0,1,3,0,3,0,0,0.3414634146341463,0.4543956043956044,0,-1,-1,secure-auth-244-citibank.com
25,25,0,2,3,0,3,0,0,0.2941176470588235,0.47333333333333333,0,-1,-1,secure-auth-442-cam.ac.uk
19,19,0,1,1,0,0,0,0,0.4375,0.6479232268705952,0,-1,-1,verify-citibank.com
24,24,0,1,3,0,3,0,0,0.3783783783783784,0.5662393162393162,0,-1,-1,secure-auth-810-hsbc.com
30,30,0,3,3,0,3,0,0,1.0,1.0,0,-1,-1,secure-auth-740-vtop.vit.ac.in
24,24,0,1,3,0,3,0,0,0.3783783783783784,0.5662393162393162,0,-1,-1,secure-auth-696-hsbc.com
19,19,0,1,1,0,0,0,0,0.4375,0.6371457489878543,0,-1,-1,support-twitter.com
26,26,0,1,3,0,3,0,0,0.3589743589743589,0.44943019943019946,0,-1,-1,secure-auth-236-github.com
28,28,0,1,3,0,3,0,0,0.3414634146341463,0.4543956043956044,0,-1,-1,secure-auth-454-citibank.com
27,27,0,1,3,0,3,0,0,0.19999999999999996,0.4246913580246914,0,-1,-1,secure-auth-711-harvard.edu
27,27,0,1,3,0,3,0,0,0.19999999999999996,0.4246913580246914,0,-1,-1,secure-auth-615-harvard.edu
10,10,0,1,0,0,0,0,0,0.3157894736842105,0.5444444444444444,0,-1,-1,github.xyz
16,16,0,2,0,0,0,0,0,0.5263157894736843,0.6851851851851851,0,-1,-1,portal.zaure.com
25,25,0,2,3,0,3,0,0,0.2941176470588235,0.47333333333333333,0,-1,-1,secure-auth-868-cam.ac.uk
8,8,0,2,0,0,0,0,0,0.47058823529411764,0.6481481481481481,0,-1,-1,lx.ac.uk
14,14,0,1,0,0,0,0,0,0.5,0.638095238095238,0,-1,-1,wellsafrgo.com
28,28,0,1,3,0,3,0,0,0.3902439024390244,0.5009157509157509,0,-1,-1,secure-auth-529-facebook.com
28,28,0,1,3,0,3,0,0,0.3902439024390244,0.5009157509157509,0,-1,-1,secure-auth-871-facebook.com
25,25,0,1,3,0,3,0,0,0.4,0.4266666666666667,0,-1,-1,secure-auth-507-apple.com
8,8,0,1,0,0,0,0,0,0.5555555555555556,0.6416666666666667,0,-1,-1,ysbc.com
28,28,0,1,3,0,3,0,0,0.3414634146341463,0.5113756613756614,0,-1,-1,secure-auth-925-linkedin.com
13,13,0,1,0,0,0,0,0,0.4545454545454546,0.6467236467236467,0,-1,-1,instagram.net
28,28,0,1,3,0,3,0,0,0.24390243902439024,0.469047619047619,0,-1,-1,secure-auth-230-stanford.edu
16,16,0,1,1,0,0,0,0,0.46153846153846156,0.6121794871794872,0,-1,-1,azure-verify.com
28,28,0,1,3,0,3,0,0,0.3902439024390244,0.5009157509157509,0,-1,-1,secure-auth-676-facebook.com
29,29,0,1,3,0,3,0,0,0.38095238095238093,0.509323116219668,0,-1,-1,secure-auth-337-instagram.com
7,7,0,1,0,0,0,0,0,0.375,0.49523809523809526,0,-1,-1,cam.biz
33,33,0,1,3,0,3,0,0,0.34782608695652173,0.5070707070707071,0,-1,-1,secure-auth-297-bankofamerica.com
25,25,0,1,3,0,3,0,0,0.4,0.4266666666666667,0,-1,-1,secure-auth-875-apple.com
30,30,0,1,3,0,3,0,0,0.37209302325581395,0.44273504273504277,0,-1,-1,secure-auth-776-wellsfargo.com
12,12,0,1,0,0,0,0,0,0.5454545454545454,0.7000000000000001,0,-1,-1,linkexin.com
27,27,0,1,3,0,3,0,0,0.35,0.44753086419753085,0,-1,-1,secure-auth-963-netflix.com
25,25,0,1,3,0,3,0,0,0.368421052631579,0.4615384615384615,0,-1,-1,secure-auth-178-chase.com
26,26,0,1,3,0,3,0,0,0.5555555555555556,0.47179487179487173,0,-1,-1,secure-auth-675-google.com
30,30,0,1,3,0,3,0,0,0.37209302325581395,0.48888888888888893,0,-1,-1,secure-auth-855-salesforce.com
19,19,0,1,3,0,0,0,0,0.4375,0.5954790823211876,1,-1,-1,xn--ctibank-rog.com
28,28,0,1,3,0,3,0,0,0.3414634146341463,0.4543956043956044,0,-1,-1,secure-auth-678-citibank.com
9,9,0,1,0,0,0,0,0,0.4444444444444444,0.5462962962962963,0,-1,-1,slack.net
18,18,0,1,3,0,0,0,0,0.4516129032258065,0.6424501424501424,1,-1,-1,xn--drpbox-xqf.com
26,26,0,1,3,0,3,0,0,0.5555555555555556,0.47179487179487173,0,-1,-1,secure-auth-531-google.com
33,33,0,1,3,0,3,0,0,0.34782608695652173,0.5070707070707071,0,-1,-1,secure-auth-405-bankofamerica.com
11,11,0,1,0,0,0,0,0,0.47619047619047616,0.6515151515151515,0,-1,-1,twktter.com
17,17,0,1,1,0,0,0,0,0.5185185185185186,0.6664990782637842,0,-1,-1,support-chase.com
26,26,0,1,3,0,3,0,0,0.5555555555555556,0.47179487179487173,0,-1,-1,secure-auth-978-google.com
10,10,0,1,0,0,0,0,0,0.30000000000000004,0.5333333333333333,0,-1,-1,netflix.ml
26,26,0,1,3,0,3,0,0,0.5555555555555556,0.47179487179487173,0,-1,-1,secure-auth-961-google.com
30,30,0,1,3,0,3,0,0,0.37209302325581395,0.48888888888888893,0,-1,-1,secure-auth-716-salesforce.com
25,25,0,1,3,0,3,0,0,0.368421052631579,0.47333333333333333,0,-1,-1,secure-auth-389-adobe.com
13,13,0,1,0,0,0,0,0,0.5384615384615384,0.6602564102564102,0,-1,-1,instargam.com
8,8,0,1,0,0,0,0,0,0.6666666666666667,0.7083333333333334,0,-1,-1,adoe.com
28,28,0,1,3,0,3,0,0,0.3902439024390244,0.5009157509157509,0,-1,-1,secure-auth-686-facebook.com
25,25,0,1,3,0,3,0,0,0.368421052631579,0.4615384615384615,0,-1,-1,secure-auth-103-slack.com
24,24,0,2,3,0,3,0,0,0.303030303030303,0.5148046398046398,0,-1,-1,secure-auth-844-ox.ac.uk
33,33,0,1,3,0,3,0,0,0.34782608695652173,0.5070707070707071,0,-1,-1,secure-auth-813-bankofamerica.com
30,30,0,1,3,0,3,0,0,0.37209302325581395,0.48888888888888893,0,-1,-1,secure-auth-742-salesforce.com
10,10,0,1,0,0,0,0,0,0.42105263157894735,0.6,0,-1,-1,adobe.info
30,30,0,1,3,0,3,0,0,0.37209302325581395,0.48888888888888893,0,-1,-1,secure-auth-588-salesforce.com
23,23,0,1,3,0,3,0,0,0.2222222222222222,0.47681159420289854,0,-1,-1,secure-auth-302-mit.edu
26,26,0,1,3,0,3,0,0,0.3589743589743589,0.44943019943019946,0,-1,-1,secure-auth-395-github.com
28,28,0,1,3,0,3,0,0,0.3414634146341463,0.4543956043956044,0,-1,-1,secure-auth-897-citibank.com
27,27,0,1,3,0,3,0,0,0.35,0.44753086419753085,0,-1,-1,secure-auth-545-netflix.com
24,24,0,2,3,0,3,0,0,0.303030303030303,0.5148046398046398,0,-1,-1,secure-auth-609-ox.ac.uk
19,19,0,1,1,0,0,0,0,0.4137931034482759,0.5924426450742241,0,-1,-1,linkedin-update.com
9,9,0,1,0,0,0,0,0,0.5263157894736843,0.6851851851851851,0,-1,-1,adibe.com
17,17,0,1,1,0,0,0,0,0.4444444444444444,0.6509803921568628,0,-1,-1,update-github.com
28,28,0,1,3,0,3,0,0,0.24390243902439024,0.469047619047619,0,-1,-1,secure-auth-913-stanford.edu
23,23,0,1,3,0,3,0,0,0.2222222222222222,0.47681159420289854,0,-1,-1,secure-auth-360-mit.edu
33,33,0,1,3,0,3,0,0,0.34782608695652173,0.5070707070707071,0,-1,-1,secure-auth-311-bankofamerica.com
13,13,0,1,0,0,0,0,0,0.9230769230769231,0.9487179487179488,0,-1,-1,nicrosoft.com
29,29,0,1,3,0,3,0,0,0.38095238095238093,0.509323116219668,0,-1,-1,secure-auth-368-instagram.com
23,23,0,1,3,0,3,0,0,0.2222222222222222,0.47681159420289854,0,-1,-1,secure-auth-999-mit.edu
29,29,0,1,3,0,3,0,0,0.6190476190476191,0.45042314007831247,0,-1,-1,secure-auth-339-microsoft.com
27,27,0,1,3,0,3,0,0,0.19999999999999996,0.4246913580246914,0,-1,-1,secure-auth-403-harvard.edu
28,28,0,1,3,0,3,0,0,0.24390243902439024,0.469047619047619,0,-1,-1,secure-auth-340-stanford.edu
25,25,0,1,3,0,3,0,0,0.368421052631579,0.47333333333333333,0,-1,-1,secure-auth-344-adobe.com
16,16,0,2,1,0,0,0,0,0.4,0.595568783068783,0,-1,-1,cam-signin.ac.uk
16,16,0,2,0,0,0,0,0,0.5263157894736843,0.6851851851851851,0,-1,-1,portal.asure.com
11,11,0,1,0,0,0,0,0,0.4,0.6262626262626262,0,-1,-1,citibank.ml
30,30,0,1,3,0,3,0,0,0.37209302325581395,0.48888888888888893,0,-1,-1,secure-auth-992-salesforce.com
28,28,0,1,3,0,3,0,0,0.368421052631579,0.4543956043956044,0,-1,-1,secure-auth-214-barclays.com
8,8,0,1,0,0,0,0,0,0.33333333333333337,0.5499999999999999,0,-1,-1,cam.club
27,27,0,1,3,0,3,0,0,0.4,0.4703703703703703,0,-1,-1,secure-auth-871-dropbox.com
14,14,0,1,0,0,0,0,0,0.5,0.638095238095238,0,-1,-1,wellfsargo.com
17,17,0,1,1,0,0,0,0,0.5925925925925926,0.7035361153008212,0,-1,-1,amazon-portal.com
12,12,0,1,0,0,0,0,0,0.38095238095238093,0.5907407407407408,0,-1,-1,netflix.info
30,30,0,1,3,0,3,0,0,0.37209302325581395,0.48888888888888893,0,-1,-1,secure-auth-302-salesforce.com
16,16,0,1,1,0,0,0,0,0.5384615384615384,0.7125,0,-1,-1,portal-azure.com
11,11,0,1,0,0,0,0,0,0.5,0.6515151515151515,0,-1,-1,nrtflix.com
10,10,0,1,0,0,0,0,0,0.4,0.5333333333333333,0,-1,-1,adobe.club
23,23,0,1,3,0,3,0,0,0.2777777777777778,0.5246376811594203,0,-1,-1,secure-auth-385-zoom.us
33,33,0,1,3,0,3,0,0,0.34782608695652173,0.5070707070707071,0,-1,-1,secure-auth-930-bankofamerica.com
22,22,0,1,1,0,0,0,0,0.4571428571428572,0.6608391608391608,0,-1,-1,wellsfargo-account.com
10,10,0,1,0,0,0,0,0,0.5,0.6777777777777777,0,-1,-1,apple.club
25,25,0,1,3,0,3,0,0,0.368421052631579,0.47333333333333333,0,-1,-1,secure-auth-408-adobe.com
30,30,0,1,3,0,3,0,0,0.37209302325581395,0.44273504273504277,0,-1,-1,secure-auth-460-wellsfargo.com
32,32,0,2,3,0,3,0,0,0.5263157894736843,0.6851851851851851,0,-1,-1,secure-auth-804-portal.azure.com
29,29,0,1,3,0,3,0,0,0.6190476190476191,0.45042314007831247,0,-1,-1,secure-auth-847-microsoft.com
11,11,0,1,0,0,0,0,0,0.47619047619047616,0.6595959595959596,0,-1,-1,netflid.com
27,27,0,1,3,0,3,0,0,0.4,0.4703703703703703,0,-1,-1,secure-auth-991-dropbox.com
11,11,0,1,0,0,0,0,0,0.30000000000000004,0.46060606060606063,0,-1,-1,hzrvard.edu
26,26,0,1,3,0,3,0,0,0.3589743589743589,0.44943019943019946,0,-1,-1,secure-auth-412-github.com
23,23,0,1,3,0,3,0,0,0.2777777777777778,0.5246376811594203,0,-1,-1,secure-auth-513-zoom.us
26,26,0,1,3,0,3,0,0,0.5555555555555556,0.47179487179487173,0,-1,-1,secure-auth-631-google.com
10,10,0,1,0,0,0,0,0,0.6,0.6777777777777777,0,-1,-1,amazoj.com
28,28,0,1,3,0,3,0,0,0.3902439024390244,0.5009157509157509,0,-1,-1,secure-auth-405-facebook.com
10,10,0,1,0,0,0,0,0,0.5217391304347826,0.6801282051282053,0,-1,-1,spotify.co
25,25,0,1,3,0,3,0,0,0.4,0.4266666666666667,0,-1,-1,secure-auth-346-apple.com
27,27,0,1,3,0,3,0,0,0.35,0.44753086419753085,0,-1,-1,secure-auth-876-twitter.com
14,14,0,2,1,0,0,0,0,0.4347826086956522,0.5619047619047619,0,-1,-1,cam-auth.ac.uk
11,11,0,1,0,0,0,0,0,0.38095238095238093,0.5878787878787879,0,-1,-1,linkedin.cc
25,25,0,1,3,0,3,0,0,0.368421052631579,0.4615384615384615,0,-1,-1,secure-auth-116-slack.com
17,17,0,1,1,0,0,0,0,0.4666666666666667,0.653657616892911,0,-1,-1,github-secure.com
25,25,0,2,3,0,3,0,0,0.2941176470588235,0.47333333333333333,0,-1,-1,secure-auth-405-cam.ac.uk
24,24,0,2,3,0,3,0,0,0.303030303030303,0.5148046398046398,0,-1,-1,secure-auth-321-ox.ac.uk
27,27,0,1,3,0,3,0,0,0.44999999999999996,0.4703703703703703,0,-1,-1,secure-auth-525-spotify.com
10,10,0,1,0,0,0,0,0,0.7,0.88,0,-1,-1,paypal.xyz
16,16,0,1,1,0,0,0,0,0.4137931034482759,0.6110347985347985,0,-1,-1,azure-secure.com
28,28,0,1,3,0,3,0,0,0.3414634146341463,0.5113756613756614,0,-1,-1,secure-auth-128-linkedin.com
28,28,0,1,3,0,3,0,0,0.3902439024390244,0.5009157509157509,0,-1,-1,secure-auth-216-facebook.com
24,24,0,1,3,0,3,0,0,0.3783783783783784,0.5662393162393162,0,-1,-1,secure-auth-621-hsbc.com
30,30,0,3,3,0,3,0,0,1.0,1.0,0,-1,-1,secure-auth-547-vtop.vit.ac.in
13,13,0,1,0,0,0,0,0,0.5384615384615384,0.6871794871794871,0,-1,-1,instagran.com
25,25,0,1,3,0,3,0,0,0.4,0.4266666666666667,0,-1,-1,secure-auth-742-apple.com
25,25,0,1,3,0,3,0,0,0.368421052631579,0.47333333333333333,0,-1,-1,secure-auth-540-adobe.com
27,27,0,1,3,0,3,0,0,0.35,0.44753086419753085,0,-1,-1,secure-auth-218-netflix.com
24,24,0,2,3,0,3,0,0,0.303030303030303,0.5148046398046398,0,-1,-1,secure-auth-570-ox.ac.uk
25,25,0,1,3,0,3,0,0,0.368421052631579,0.4615384615384615,0,-1,-1,secure-auth-943-slack.com
25,25,0,2,3,0,3,0,0,0.2941176470588235,0.47333333333333333,0,-1,-1,secure-auth-290-cam.ac.uk
12,12,0,1,0,0,0,0,0,0.5454545454545454,0.7388888888888889,0,-1,-1,barclayd.com
13,13,0,3,0,0,0,0,0,0.9411764705882353,0.9703703703703703,0,-1,-1,vtop.vi.ac.in
26,26,0,1,3,0,3,0,0,0.5555555555555556,0.4256410256410256,0,-1,-1,secure-auth-125-paypal.com
15,15,0,1,1,0,0,0,0,0.4285714285714286,0.5731379731379732,0,-1,-1,mit-support.edu
28,28,0,1,3,0,3,0,0,0.24390243902439024,0.469047619047619,0,-1,-1,secure-auth-154-stanford.edu
11,11,0,1,0,0,0,0,0,0.30000000000000004,0.5242424242424243,0,-1,-1,hafvard.edu
32,32,0,2,3,0,3,0,0,0.5263157894736843,0.6851851851851851,0,-1,-1,secure-auth-983-portal.azure.com
29,29,0,1,3,0,3,0,0,0.6190476190476191,0.45042314007831247,0,-1,-1,secure-auth-691-microsoft.com
25,25,0,1,3,0,3,0,0,0.368421052631579,0.4615384615384615,0,-1,-1,secure-auth-825-slack.com
27,27,0,1,3,0,3,0,0,0.4,0.4703703703703703,0,-1,-1,secure-auth-377-dropbox.com
30,30,0,3,3,0,3,0,0,1.0,1.0,0,-1,-1,secure-auth-952-vtop.vit.ac.in
25,25,0,1,3,0,3,0,0,0.368421052631579,0.47333333333333333,0,-1,-1,secure-auth-857-adobe.com
28,28,0,1,3,0,3,0,0,0.3414634146341463,0.4543956043956044,0,-1,-1,secure-auth-153-citibank.com
26,26,0,1,3,0,3,0,0,0.5555555555555556,0.4256410256410256,0,-1,-1,secure-auth-190-paypal.com
28,28,0,1,3,0,3,0,0,0.368421052631579,0.4543956043956044,0,-1,-1,secure-auth-982-barclays.com
27,27,0,1,3,0,3,0,0,0.35,0.44753086419753085,0,-1,-1,secure-auth-519-twitter.com
28,28,0,1,3,0,3,0,0,0.368421052631579,0.4543956043956044,0,-1,-1,secure-auth-256-barclays.com
11,11,0,1,0,0,0,0,0,0.2857142857142857,0.5242424242424243,0,-1,-1,hargard.edu
30,30,0,3,3,0,3,0,0,1.0,1.0,0,-1,-1,secure-auth-140-vtop.vit.ac.in
28,28,0,1,3,0,3,0,0,0.3414634146341463,0.5113756613756614,0,-1,-1,secure-auth-940-linkedin.com
28,28,0,1,3,0,3,0,0,0.24390243902439024,0.469047619047619,0,-1,-1,secure-auth-509-stanford.edu
26,26,0,1,3,0,3,0,0,0.3589743589743589,0.44943019943019946,0,-1,-1,secure-auth-414-github.com
25,25,0,1,3,0,3,0,0,0.368421052631579,0.4615384615384615,0,-1,-1,secure-auth-423-slack.com
23,23,0,1,3,0,3,0,0,0.2222222222222222,0.47681159420289854,0,-1,-1,secure-auth-944-mit.edu
26,26,0,1,3,0,3,0,0,0.3589743589743589,0.44943019943019946,0,-1,-1,secure-auth-733-github.com
28,28,0,1,3,0,3,0,0,0.24390243902439024,0.469047619047619,0,-1,-1,secure-auth-607-stanford.edu
30,30,0,1,3,0,3,0,0,0.37209302325581395,0.44273504273504277,0,-1,-1,secure-auth-503-wellsfargo.com
32,32,0,2,3,0,3,0,0,0.5263157894736843,0.6851851851851851,0,-1,-1,secure-auth-944-portal.azure.com
26,26,0,1,3,0,3,0,0,0.3589743589743589,0.452991452991453,0,-1,-1,secure-auth-595-amazon.com
28,28,0,1,3,0,3,0,0,0.3414634146341463,0.4543956043956044,0,-1,-1,secure-auth-206-citibank.com
12,12,0,1,0,0,0,0,0,0.38095238095238093,0.6441798941798942,0,-1,-1,citibank.xyz
25,25,0,1,3,0,3,0,0,0.368421052631579,0.4615384615384615,0,-1,-1,secure-auth-683-chase.com
26,26,0,1,3,0,3,0,0,0.3589743589743589,0.44943019943019946,0,-1,-1,secure-auth-283-github.com
23,23,0,1,3,0,3,0,0,0.2777777777777778,0.5246376811594203,0,-1,-1,secure-auth-154-zoom.us
11,11,0,1,0,0,0,0,0,0.47619047619047616,0.6595959595959596,0,-1,-1,netfoix.com
14,14,0,1,0,0,0,0,0,0.5,0.638095238095238,0,-1,-1,weIlsfargo.com
10,10,0,1,0,0,0,0,0,0.5217391304347826,0.6666666666666666,0,-1,-1,githuv.com
28,28,0,1,3,0,3,0,0,0.3902439024390244,0.5009157509157509,0,-1,-1,secure-auth-343-facebook.com
26,26,0,1,3,0,3,0,0,0.3589743589743589,0.452991452991453,0,-1,-1,secure-auth-449-amazon.com
27,27,0,1,3,0,3,0,0,0.4,0.4703703703703703,0,-1,-1,secure-auth-773-dropbox.com
27,27,0,1,3,0,3,0,0,0.35,0.44753086419753085,0,-1,-1,secure-auth-490-twitter.com
24,24,0,2,3,0,3,0,0,0.303030303030303,0.5148046398046398,0,-1,-1,secure-auth-466-ox.ac.uk
17,17,0,1,0,0,0,0,0,0.5185185185185186,0.5610644257703081,0,-1,-1,bankogamerica.com
29,29,0,1,3,0,3,0,0,0.6190476190476191,0.45042314007831247,0,-1,-1,secure-auth-229-microsoft.com
29,29,0,1,3,0,3,0,0,0.6190476190476191,0.45042314007831247,0,-1,-1,secure-auth-610-microsoft.com
8,8,0,1,0,0,0,0,0,0.47619047619047616,0.6260683760683761,0,-1,-1,hbsc.com
24,24,0,1,3,0,3,0,0,0.3783783783783784,0.5662393162393162,0,-1,-1,secure-auth-711-hsbc.com
12,12,0,1,0,0,0,0,0,0.5454545454545454,0.7805555555555556,0,-1,-1,barflays.com
15,15,0,1,1,0,0,0,0,0.4285714285714286,0.5731379731379732,0,-1,-1,hsbc-secure.com
27,27,0,1,3,0,3,0,0,0.35,0.44753086419753085,0,-1,-1,secure-auth-231-netflix.com
23,23,0,1,3,0,3,0,0,0.2222222222222222,0.47681159420289854,0,-1,-1,secure-auth-745-mit.edu
12,12,0,1,0,0,0,0,0,0.38095238095238093,0.5907407407407408,0,-1,-1,stanforc.edu
28,28,0,1,3,0,3,0,0,0.368421052631579,0.4543956043956044,0,-1,-1,secure-auth-644-barclays.com
25,25,0,1,3,0,3,0,0,0.368421052631579,0.4615384615384615,0,-1,-1,secure-auth-439-slack.com
25,25,0,1,3,0,3,0,0,0.4,0.4266666666666667,0,-1,-1,secure-auth-993-apple.com
12,12,0,1,0,0,0,0,0,0.38095238095238093,0.6441798941798942,0,-1,-1,citibank.top
26,26,0,1,3,0,3,0,0,0.5555555555555556,0.47179487179487173,0,-1,-1,secure-auth-460-google.com
24,24,0,1,3,0,3,0,0,0.3783783783783784,0.5662393162393162,0,-1,-1,secure-auth-835-hsbc.com
11,11,0,1,0,0,0,0,0,0.30000000000000004,0.5242424242424243,0,-1,-1,hatvard.edu
14,14,0,1,0,0,0,0,0,0.5,0.6654761904761904,0,-1,-1,wellsgargo.com
24,24,0,1,3,0,3,0,0,0.3783783783783784,0.5662393162393162,0,-1,-1,secure-auth-884-hsbc.com
29,29,0,1,3,0,3,0,0,0.6190476190476191,0.45042314007831247,0,-1,-1,secure-auth-234-microsoft.com
10,10,0,1,0,0,0,0,0,0.5,0.6777777777777777,0,-1,-1,netlix.com
29,29,0,1,3,0,3,0,0,0.6190476190476191,0.45042314007831247,0,-1,-1,secure-auth-731-microsoft.com
29,29,0,1,3,0,3,0,0,0.6190476190476191,0.45042314007831247,0,-1,-1,secure-auth-527-microsoft.com
15,15,0,2,0,0,0,0,0,0.5555555555555556,0.7083333333333334,0,-1,-1,portal.aure.com
29,29,0,1,3,0,3,0,0,0.6190476190476191,0.45042314007831247,0,-1,-1,secure-auth-299-microsoft.com
28,28,0,1,3,0,3,0,0,0.24390243902439024,0.469047619047619,0,-1,-1,secure-auth-952-stanford.edu
33,33,0,1,3,0,3,0,0,0.34782608695652173,0.5070707070707071,0,-1,-1,secure-auth-435-bankofamerica.com
29,29,0,1,3,0,3,0,0,0.6190476190476191,0.45042314007831247,0,-1,-1,secure-auth-169-microsoft.com
12,12,0,1,0,0,0,0,0,0.56,0.6773504273504273,0,-1,-1,instgram.com
30,30,0,1,3,0,3,0,0,0.37209302325581395,0.44273504273504277,0,-1,-1,secure-auth-557-wellsfargo.com
30,30,0,1,3,0,3,0,0,0.37209302325581395,0.48888888888888893,0,-1,-1,secure-auth-894-salesforce.com
30,30,0,1,3,0,3,0,0,0.37209302325581395,0.48888888888888893,0,-1,-1,secure-auth-820-salesforce.com
13,13,0,1,0,0,0,0,0,0.5384615384615384,0.6602564102564102,0,-1,-1,instagrqm.com
18,18,0,1,3,0,0,0,0,0.4516129032258065,0.6566951566951568,1,-1,-1,xn--sotify-brf.com
25,25,0,1,3,0,3,0,0,0.368421052631579,0.4615384615384615,0,-1,-1,secure-auth-228-chase.com
30,30,0,1,3,0,3,0,0,0.37209302325581395,0.44273504273504277,0,-1,-1,secure-auth-349-wellsfargo.com
28,28,0,1,3,0,3,0,0,0.368421052631579,0.4543956043956044,0,-1,-1,secure-auth-816-barclays.com
10,10,0,1,0,0,0,0,0,0.6,0.6777777777777777,0,-1,-1,maazon.com
27,27,0,1,3,0,3,0,0,0.4,0.4703703703703703,0,-1,-1,secure-auth-188-dropbox.com
26,26,0,1,3,0,3,0,0,0.5555555555555556,0.47179487179487173,0,-1,-1,secure-auth-463-google.com
29,29,0,1,3,0,3,0,0,0.38095238095238093,0.509323116219668,0,-1,-1,secure-auth-835-instagram.com
27,27,0,1,3,0,3,0,0,0.19999999999999996,0.4246913580246914,0,-1,-1,secure-auth-646-harvard.edu
16,16,0,1,1,0,0,0,0,0.24,0.49583333333333335,0,-1,-1,harvard-auth.edu
27,27,0,1,3,0,3,0,0,0.44999999999999996,0.4703703703703703,0,-1,-1,secure-auth-397-spotify.com
23,23,0,1,3,0,3,0,0,0.2222222222222222,0.47681159420289854,0,-1,-1,secure-auth-410-mit.edu
27,27,0,1,3,0,3,0,0,0.19999999999999996,0.4246913580246914,0,-1,-1,secure-auth-941-harvard.edu
24,24,0,1,3,0,3,0,0,0.3783783783783784,0.5662393162393162,0,-1,-1,secure-auth-347-hsbc.com
30,30,0,1,3,0,3,0,0,0.37209302325581395,0.44273504273504277,0,-1,-1,secure-auth-440-wellsfargo.com
29,29,0,1,3,0,3,0,0,0.38095238095238093,0.509323116219668,0,-1,-1,secure-auth-489-instagram.com
19,19,0,1,1,0,0,0,0,0.48275862068965514,0.6479232268705952,0,-1,-1,portal-citibank.com
26,26,0,1,3,0,3,0,0,0.5555555555555556,0.47179487179487173,0,-1,-1,secure-auth-218-google.com
18,18,0,1,1,0,0,0,0,0.2857142857142857,0.5888888888888889,0,-1,-1,portal-harvard.edu
33,33,0,1,3,0,3,0,0,0.34782608695652173,0.5070707070707071,0,-1,-1,secure-auth-131-bankofamerica.com
26,26,0,1,3,0,3,0,0,0.3589743589743589,0.452991452991453,0,-1,-1,secure-auth-461-amazon.com
28,28,0,1,3,0,3,0,0,0.368421052631579,0.4543956043956044,0,-1,-1,secure-auth-553-barclays.com
26,26,0,1,3,0,3,0,0,0.3589743589743589,0.452991452991453,0,-1,-1,secure-auth-429-amazon.com
30,30,0,3,3,0,3,0,0,1.0,1.0,0,-1,-1,secure-auth-770-vtop.vit.ac.in
12,12,0,1,0,0,0,0,0,0.56,0.7072649572649573,0,-1,-1,fzcebook.com
26,26,0,1,3,0,3,0,0,0.5555555555555556,0.47179487179487173,0,-1,-1,secure-auth-191-google.com
27,27,0,1,3,0,3,0,0,0.35,0.44753086419753085,0,-1,-1,secure-auth-222-twitter.com
27,27,0,1,3,0,3,0,0,0.19999999999999996,0.4246913580246914,0,-1,-1,secure-auth-562-harvard.edu
26,26,0,1,3,0,3,0,0,0.5555555555555556,0.47179487179487173,0,-1,-1,secure-auth-997-google.com
27,27,0,1,3,0,3,0,0,0.35,0.44753086419753085,0,-1,-1,secure-auth-456-twitter.com
16,16,0,1,3,0,1,0,0,0.3846153846153846,0.5657051282051282,1,-1,-1,xn--chae-i9d.com
16,16,0,2,1,0,0,0,0,0.72,0.8719907407407408,0,-1,-1,vit-update.ac.in
12,12,0,1,0,0,0,0,0,0.5454545454545454,0.7388888888888889,0,-1,-1,batclays.com
29,29,0,1,3,0,3,0,0,0.38095238095238093,0.509323116219668,0,-1,-1,secure-auth-313-instagram.com
25,25,0,2,3,0,3,0,0,0.2941176470588235,0.47333333333333333,0,-1,-1,secure-auth-824-cam.ac.uk
24,24,0,1,3,0,3,0,0,0.3783783783783784,0.5662393162393162,0,-1,-1,secure-auth-564-hsbc.com
10,10,0,1,0,0,0,0,0,0.5,0.6666666666666666,0,-1,-1,gkthub.com
30,30,0,1,3,0,3,0,0,0.37209302325581395,0.48888888888888893,0,-1,-1,secure-auth-123-salesforce.com
6,6,0,1,0,0,0,0,0,0.25,0.5111111111111111,0,-1,-1,zom.us
13,13,0,1,0,0,0,0,0,0.5384615384615384,0.6602564102564102,0,-1,-1,isntagram.com
24,24,0,1,3,0,3,0,0,0.3783783783783784,0.5662393162393162,0,-1,-1,secure-auth-790-hsbc.com
26,26,0,1,3,0,3,0,0,0.5555555555555556,0.4256410256410256,0,-1,-1,secure-auth-511-paypal.com
20,20,0,1,1,0,0,0,0,0.4242424242424242,0.602991452991453,0,-1,-1,instagram-secure.com
11,11,0,1,0,0,0,0,0,0.33333333333333337,0.5578865578865578,0,-1,-1,spotify.net
26,26,0,1,3,0,3,0,0,0.5555555555555556,0.47179487179487173,0,-1,-1,secure-auth-704-google.com
17,17,0,1,1,0,0,0,0,0.4444444444444444,0.6024563671622495,0,-1,-1,citibank-auth.com
26,26,0,1,3,0,3,0,0,0.3589743589743589,0.452991452991453,0,-1,-1,secure-auth-107-amazon.com
16,16,0,2,1,0,0,0,0,0.46153846153846156,0.6416666666666667,0,-1,-1,cam-portal.ac.uk
27,27,0,1,3,0,3,0,0,0.19999999999999996,0.4246913580246914,0,-1,-1,secure-auth-157-harvard.edu
23,23,0,1,3,0,3,0,0,0.2777777777777778,0.5246376811594203,0,-1,-1,secure-auth-266-zoom.us
8,8,0,1,0,0,0,0,0,0.23529411764705888,0.44722222222222224,0,-1,-1,hsbc.xyz
27,27,0,1,3,0,3,0,0,0.35,0.44753086419753085,0,-1,-1,secure-auth-126-netflix.com
22,22,0,1,1,0,0,0,0,0.4,0.6608391608391608,0,-1,-1,salesforce-account.com
9,9,0,1,0,0,0,0,0,0.5263157894736843,0.6444444444444444,0,-1,-1,dlack.com
30,30,0,3,3,0,3,0,0,1.0,1.0,0,-1,-1,secure-auth-666-vtop.vit.ac.in
29,29,0,1,3,0,3,0,0,0.6190476190476191,0.45042314007831247,0,-1,-1,secure-auth-363-microsoft.com
30,30,0,1,3,0,3,0,0,0.37209302325581395,0.48888888888888893,0,-1,-1,secure-auth-199-salesforce.com
17,17,0,1,0,0,0,0,0,0.5185185185185186,0.6086834733893558,0,-1,-1,bankpfamerica.com
10,10,0,1,0,0,0,0,0,0.9,0.9466666666666665,0,-1,-1,paupal.com
7,7,0,1,0,0,0,0,0,0.4,0.632967032967033,0,-1,-1,soom.us
25,25,0,1,3,0,3,0,0,0.4,0.4266666666666667,0,-1,-1,secure-auth-114-apple.com
27,27,0,1,3,0,3,0,0,0.35,0.44753086419753085,0,-1,-1,secure-auth-113-netflix.com
26,26,0,1,3,0,3,0,0,0.5555555555555556,0.4256410256410256,0,-1,-1,secure-auth-190-paypal.com
23,23,0,1,3,0,3,0,0,0.2777777777777778,0.5246376811594203,0,-1,-1,secure-auth-660-zoom.us
19,19,0,1,1,0,0,0,0,0.5,0.6479232268705952,0,-1,-1,netflix-support.com
21,21,0,1,1,0,0,0,0,0.47058823529411764,0.5958485958485958,0,-1,-1,secure-salesforce.com
11,11,0,1,0,0,0,0,0,0.33333333333333337,0.5578865578865578,0,-1,-1,stanford.ml
25,25,0,2,3,0,3,0,0,0.2941176470588235,0.47333333333333333,0,-1,-1,secure-auth-143-cam.ac.uk
11,11,0,1,0,0,0,0,0,0.30000000000000004,0.47972027972027975,0,-1,-1,staford.edu
27,27,0,1,3,0,3,0,0,0.35,0.44753086419753085,0,-1,-1,secure-auth-696-twitter.com
13,13,0,1,0,0,0,0,0,0.9230769230769231,0.9692307692307692,0,-1,-1,microsodt.com
14,14,0,1,3,0,0,0,0,0.25,0.4785714285714286,1,-1,-1,xn--zom-sed.us
23,23,0,1,3,0,3,0,0,0.2777777777777778,0.5246376811594203,0,-1,-1,secure-auth-333-zoom.us
29,29,0,1,3,0,3,0,0,0.6190476190476191,0.45042314007831247,0,-1,-1,secure-auth-272-microsoft.com
6,6,0,1,0,0,0,0,0,0.2666666666666667,0.5111111111111111,0,-1,-1,ox.biz
13,13,0,1,0,0,0,0,0,0.34782608695652173,0.5615384615384615,0,-1,-1,salesforce.cc
25,25,0,1,3,0,3,0,0,0.4,0.4266666666666667,0,-1,-1,secure-auth-180-apple.com
28,28,0,1,3,0,3,0,0,0.368421052631579,0.4543956043956044,0,-1,-1,secure-auth-922-barclays.com
28,28,0,1,3,0,3,0,0,0.3902439024390244,0.5009157509157509,0,-1,-1,secure-auth-337-facebook.com
25,25,0,1,3,0,3,0,0,0.368421052631579,0.4615384615384615,0,-1,-1,secure-auth-938-slack.com
26,26,0,1,3,0,3,0,0,0.3589743589743589,0.44943019943019946,0,-1,-1,secure-auth-544-github.com
25,25,0,2,3,0,3,0,0,0.2941176470588235,0.47333333333333333,0,-1,-1,secure-auth-790-cam.ac.uk
30,30,0,1,3,0,3,0,0,0.37209302325581395,0.44273504273504277,0,-1,-1,secure-auth-415-wellsfargo.com
12,12,0,1,0,0,0,0,0,0.5454545454545454,0.7388888888888889,0,-1,-1,bafclays.com
25,25,0,2,3,0,3,0,0,0.2941176470588235,0.47333333333333333,0,-1,-1,secure-auth-729-cam.ac.uk
27,27,0,1,3,0,3,0,0,0.35,0.44753086419753085,0,-1,-1,secure-auth-414-netflix.com
19,19,0,1,1,0,0,0,0,0.8125,0.9214574898785426,0,-1,-1,microsoft-login.com
25,25,0,1,3,0,3,0,0,0.4,0.4266666666666667,0,-1,-1,secure-auth-102-apple.com
12,12,0,1,0,0,0,0,0,0.56,0.6596459096459096,0,-1,-1,instagam.com
11,11,0,1,0,0,0,0,0,0.5714285714285714,0.7311688311688312,0,-1,-1,apotify.com
8,8,0,1,0,0,0,0,0,0.47619047619047616,0.6260683760683761,0,-1,-1,jsbc.com
11,11,0,1,0,0,0,0,0,0.30000000000000004,0.5242424242424243,0,-1,-1,hravard.edu
24,24,0,1,3,0,3,0,0,0.3783783783783784,0.5662393162393162,0,-1,-1,secure-auth-684-hsbc.com
9,9,0,1,0,0,0,0,0,0.5263157894736843,0.6768416768416768,0,-1,-1,slacm.com
17,17,0,1,1,0,0,0,0,0.5185185185185186,0.7151960784313726,0,-1,-1,support-slack.com
28,28,0,1,3,0,3,0,0,0.3414634146341463,0.4543956043956044,0,-1,-1,secure-auth-307-citibank.com
13,13,0,1,0,0,0,0,0,0.34782608695652173,0.5760683760683761,0,-1,-1,wellsfargo.ml
11,11,0,1,0,0,0,0,0,0.5833333333333333,0.7436363636363637,0,-1,-1,psotify.com
27,27,0,1,3,0,3,0,0,0.44999999999999996,0.4703703703703703,0,-1,-1,secure-auth-921-spotify.com
32,32,0,2,3,0,3,0,0,0.5263157894736843,0.6851851851851851,0,-1,-1,secure-auth-386-portal.azure.com
28,28,0,1,3,0,3,0,0,0.3902439024390244,0.5009157509157509,0,-1,-1,secure-auth-971-facebook.com
24,24,0,1,3,0,3,0,0,0.3783783783783784,0.5662393162393162,0,-1,-1,secure-auth-968-hsbc.com
30,30,0,1,3,0,3,0,0,0.37209302325581395,0.44273504273504277,0,-1,-1,secure-auth-778-wellsfargo.com
30,30,0,1,3,0,3,0,0,0.37209302325581395,0.44273504273504277,0,-1,-1,secure-auth-566-wellsfargo.com
27,27,0,1,3,0,3,0,0,0.44999999999999996,0.4703703703703703,0,-1,-1,secure-auth-152-spotify.com
11,11,0,1,0,0,0,0,0,0.5833333333333333,0.7151515151515152,0,-1,-1,sptoify.com
18,18,0,1,3,0,0,0,0,0.4516129032258065,0.6032763532763533,1,-1,-1,xn--spotfy-svf.com
18,18,0,1,1,0,0,0,0,0.5161290322580645,0.6231481481481481,0,-1,-1,login-facebook.com
25,25,0,2,3,0,3,0,0,0.2941176470588235,0.47333333333333333,0,-1,-1,secure-auth-305-cam.ac.uk
25,25,0,1,3,0,3,0,0,0.4,0.4266666666666667,0,-1,-1,secure-auth-987-apple.com
12,12,0,1,0,0,0,0,0,0.5454545454545454,0.6658730158730158,0,-1,-1,bwrclays.com
28,28,0,1,3,0,3,0,0,0.3414634146341463,0.4543956043956044,0,-1,-1,secure-auth-434-citibank.com
28,28,0,1,3,0,3,0,0,0.24390243902439024,0.469047619047619,0,-1,-1,secure-auth-995-stanford.edu
25,25,0,1,3,0,3,0,0,0.368421052631579,0.47333333333333333,0,-1,-1,secure-auth-628-adobe.com
13,13,0,1,0,0,0,0,0,0.9230769230769231,0.9692307692307692,0,-1,-1,microsort.com
24,24,0,1,3,0,3,0,0,0.3783783783783784,0.5662393162393162,0,-1,-1,secure-auth-401-hsbc.com
26,26,0,1,3,0,3,0,0,0.3589743589743589,0.452991452991453,0,-1,-1,secure-auth-679-amazon.com
16,16,0,1,3,0,2,0,0,0.46153846153846156,0.6583333333333333,1,-1,-1,xn--dobe-43d.com
14,14,0,1,0,0,0,0,0,0.5833333333333333,0.6654761904761904,0,-1,-1,salesgorce.com
23,23,0,1,3,0,3,0,0,0.2777777777777778,0.5246376811594203,0,-1,-1,secure-auth-250-zoom.us
17,17,0,1,0,0,0,0,0,0.4666666666666667,0.5703242835595778,0,-1,-1,bankofameirca.com
9,9,0,1,0,0,0,0,0,0.33333333333333337,0.5518518518518518,0,-1,-1,slack.top
24,24,0,1,3,0,3,0,0,0.3783783783783784,0.5662393162393162,0,-1,-1,secure-auth-543-hsbc.com
13,13,0,1,0,0,0,0,0,0.3846153846153846,0.5897435897435898,0,-1,-1,facebook.club
10,10,0,1,0,0,0,0,0,0.5217391304347826,0.6666666666666666,0,-1,-1,amzzon.com
9,9,0,1,0,0,0,0,0,0.5263157894736843,0.6851851851851851,0,-1,-1,chaze.com
13,13,0,1,0,0,0,0,0,0.9230769230769231,0.9145299145299146,0,-1,-1,mifrosoft.com
23,23,0,1,3,0,3,0,0,0.2222222222222222,0.47681159420289854,0,-1,-1,secure-auth-158-mit.edu
30,30,0,1,3,0,3,0,0,0.37209302325581395,0.44273504273504277,0,-1,-1,secure-auth-749-wellsfargo.com
23,23,0,1,3,0,3,0,0,0.2777777777777778,0.5246376811594203,0,-1,-1,secure-auth-189-zoom.us
12,12,0,1,0,0,0,0,0,0.2857142857142857,0.5166666666666667,0,-1,-1,linkedin.net
28,28,0,1,3,0,3,0,0,0.368421052631579,0.4543956043956044,0,-1,-1,secure-auth-590-barclays.com
14,14,0,1,1,0,0,0,0,0.33333333333333337,0.565079365079365,0,-1,-1,zoom-portal.us
25,25,0,2,3,0,3,0,0,0.2941176470588235,0.47333333333333333,0,-1,-1,secure-auth-979-cam.ac.uk
24,24,0,2,3,0,3,0,0,0.303030303030303,0.5148046398046398,0,-1,-1,secure-auth-117-ox.ac.uk
26,26,0,1,3,0,3,0,0,0.3589743589743589,0.452991452991453,0,-1,-1,secure-auth-860-amazon.com
26,26,0,1,3,0,3,0,0,0.5555555555555556,0.47179487179487173,0,-1,-1,secure-auth-149-google.com
11,11,0,1,0,0,0,0,0,0.5,0.6515151515151515,0,-1,-1,nstflix.com
12,12,0,1,0,0,1,0,0,0.48,0.6444444444444445,0,-1,-1,facebo0k.com
24,24,0,1,3,0,3,0,0,0.3783783783783784,0.5662393162393162,0,-1,-1,secure-auth-146-hsbc.com
27,27,0,1,3,0,3,0,0,0.19999999999999996,0.4246913580246914,0,-1,-1,secure-auth-712-harvard.edu
27,27,0,1,3,0,3,0,0,0.4,0.4703703703703703,0,-1,-1,secure-auth-964-dropbox.com
12,12,0,1,0,0,0,0,0,0.24,0.46709401709401704,0,-1,-1,stznford.edu
23,23,0,1,3,0,3,0,0,0.2222222222222222,0.47681159420289854,0,-1,-1,secure-auth-191-mit.edu
14,14,0,1,0,0,0,0,0,0.5,0.638095238095238,0,-1,-1,wellsfsrgo.com
28,28,0,1,3,0,3,0,0,0.24390243902439024,0.469047619047619,0,-1,-1,secure-auth-746-stanford.edu
24,24,0,2,3,0,3,0,0,0.303030303030303,0.5148046398046398,0,-1,-1,secure-auth-605-ox.ac.uk
27,27,0,1,3,0,3,0,0,0.35,0.44753086419753085,0,-1,-1,secure-auth-796-twitter.com
26,26,0,1,3,0,3,0,0,0.5555555555555556,0.4256410256410256,0,-1,-1,secure-auth-216-paypal.com
9,9,0,1,0,0,0,0,0,0.9473684210526316,0.9733333333333334,0,-1,-1,papal.com
26,26,0,1,3,0,3,0,0,0.5555555555555556,0.47179487179487173,0,-1,-1,secure-auth-888-google.com
10,10,0,1,0,0,0,0,0,0.7,0.7999999999999999,0,-1,-1,amazln.com
12,12,0,1,0,0,0,0,0,0.4,0.5907407407407408,0,-1,-1,instagram.cc
13,13,0,1,0,0,0,0,0,0.34782608695652173,0.5760683760683761,0,-1,-1,barclays.club
9,9,0,1,0,0,0,0,0,0.5263157894736843,0.6185185185185186,0,-1,-1,slzck.com
28,28,0,1,3,0,3,0,0,0.3414634146341463,0.5113756613756614,0,-1,-1,secure-auth-853-linkedin.com
25,25,0,1,3,0,3,0,0,0.368421052631579,0.4615384615384615,0,-1,-1,secure-auth-375-slack.com
27,27,0,1,3,0,3,0,0,0.4,0.4703703703703703,0,-1,-1,secure-auth-276-dropbox.com
27,27,0,1,3,0,3,0,0,0.4,0.4703703703703703,0,-1,-1,secure-auth-769-dropbox.com
28,28,0,1,3,0,3,0,0,0.3414634146341463,0.4543956043956044,0,-1,-1,secure-auth-149-citibank.com
23,23,0,1,3,0,3,0,0,0.2777777777777778,0.5246376811594203,0,-1,-1,secure-auth-265-zoom.us
28,28,0,1,3,0,3,0,0,0.3414634146341463,0.5113756613756614,0,-1,-1,secure-auth-890-linkedin.com
24,24,0,1,3,0,3,0,0,0.3783783783783784,0.5662393162393162,0,-1,-1,secure-auth-659-hsbc.com
23,23,0,1,3,0,3,0,0,0.2777777777777778,0.5246376811594203,0,-1,-1,secure-auth-660-zoom.us
11,11,0,1,0,0,0,0,0,0.5714285714285714,0.7151515151515152,0,-1,-1,neyflix.com
12,12,0,1,0,0,0,0,0,0.4,0.5982905982905983,0,-1,-1,facebook.top
28,28,0,1,3,0,3,0,0,0.24390243902439024,0.469047619047619,0,-1,-1,secure-auth-184-stanford.edu
17,17,0,1,1,0,0,0,0,0.4666666666666667,0.653657616892911,0,-1,-1,github-verify.com
17,17,0,1,0,0,0,0,0,0.4666666666666667,0.5703242835595778,0,-1,-1,bankofmaerica.com
24,24,0,1,3,0,3,0,0,0.3783783783783784,0.5662393162393162,0,-1,-1,secure-auth-647-hsbc.com
32,32,0,2,3,0,3,0,0,0.5263157894736843,0.6851851851851851,0,-1,-1,secure-auth-223-portal.azure.com
10,10,0,1,0,0,0,0,0,0.9,0.8962962962962964,0,-1,-1,boogle.com
10,10,0,1,0,0,0,0,0,0.9,0.9066666666666667,0,-1,-1,glogle.com
25,25,0,1,3,0,3,0,0,0.4,0.4266666666666667,0,-1,-1,secure-auth-402-apple.com
8,8,0,1,0,0,0,0,0,0.33333333333333337,0.5499999999999999,0,-1,-1,zoom.net
29,29,0,1,3,0,3,0,0,0.6190476190476191,0.45042314007831247,0,-1,-1,secure-auth-621-microsoft.com
28,28,0,1,3,0,3,0,0,0.3414634146341463,0.5113756613756614,0,-1,-1,secure-auth-916-linkedin.com
30,30,0,1,3,0,3,0,0,0.37209302325581395,0.44273504273504277,0,-1,-1,secure-auth-696-wellsfargo.com
11,11,0,1,0,0,0,0,0,0.30000000000000004,0.5242424242424243,0,-1,-1,barvard.edu
29,29,0,1,3,0,3,0,0,0.6190476190476191,0.45042314007831247,0,-1,-1,secure-auth-276-microsoft.com
28,28,0,1,3,0,3,0,0,0.368421052631579,0.4543956043956044,0,-1,-1,secure-auth-508-barclays.com
13,13,0,1,0,0,0,0,0,0.9230769230769231,0.9487179487179488,0,-1,-1,kicrosoft.com
12,12,0,1,0,0,0,0,0,0.48,0.6773504273504273,0,-1,-1,instagram.co
14,14,0,1,0,0,0,0,0,0.5,0.638095238095238,0,-1,-1,welIsfargo.com
25,25,0,1,3,0,3,0,0,0.368421052631579,0.47333333333333333,0,-1,-1,secure-auth-477-adobe.com
28,28,0,1,3,0,3,0,0,0.3414634146341463,0.4543956043956044,0,-1,-1,secure-auth-373-citibank.com
8,8,0,1,0,0,0,0,0,0.5555555555555556,0.6722222222222222,0,-1,-1,slac.com
11,11,0,1,0,0,0,0,0,0.47619047619047616,0.6595959595959596,0,-1,-1,netfliz.com
25,25,0,1,3,0,3,0,0,0.368421052631579,0.47333333333333333,0,-1,-1,secure-auth-922-adobe.com
28,28,0,1,3,0,3,0,0,0.24390243902439024,0.469047619047619,0,-1,-1,secure-auth-354-stanford.edu
11,11,0,1,0,0,0,0,0,0.30000000000000004,0.5045454545454545,0,-1,-1,yarvard.edu
26,26,0,1,3,0,3,0,0,0.3589743589743589,0.452991452991453,0,-1,-1,secure-auth-183-amazon.com
12,12,0,1,0,0,0,0,0,0.48,0.6120268620268621,0,-1,-1,citibsnk.com
25,25,0,2,3,0,3,0,0,0.2941176470588235,0.47333333333333333,0,-1,-1,secure-auth-615-cam.ac.uk
10,10,0,1,0,0,0,0,0,0.5217391304347826,0.6666666666666666,0,-1,-1,gituhb.com
25,25,0,1,3,0,3,0,0,0.368421052631579,0.47333333333333333,0,-1,-1,secure-auth-355-adobe.com
25,25,0,1,1,0,0,0,0,0.42105263157894735,0.5109157509157509,0,-1,-1,account-bankofamerica.com
27,27,0,1,3,0,3,0,0,0.44999999999999996,0.4703703703703703,0,-1,-1,secure-auth-229-spotify.com
28,28,0,1,3,0,3,0,0,0.3902439024390244,0.5009157509157509,0,-1,-1,secure-auth-304-facebook.com
28,28,0,1,3,0,3,0,0,0.24390243902439024,0.469047619047619,0,-1,-1,secure-auth-639-stanford.edu
27,27,0,1,3,0,3,0,0,0.35,0.44753086419753085,0,-1,-1,secure-auth-583-netflix.com
14,14,0,3,0,0,0,0,0,0.8888888888888888,0.9259259259259259,0,-1,-1,vtop.bit.ac.in
10,10,0,1,0,0,0,0,0,0.9,0.96,0,-1,-1,paypak.com
25,25,0,1,3,0,3,0,0,0.368421052631579,0.47333333333333333,0,-1,-1,secure-auth-818-adobe.com
26,26,0,1,3,0,3,0,0,0.5555555555555556,0.4256410256410256,0,-1,-1,secure-auth-503-paypal.com
29,29,0,1,3,0,3,0,0,0.38095238095238093,0.509323116219668,0,-1,-1,secure-auth-778-instagram.com
30,30,0,1,3,0,3,0,0,0.37209302325581395,0.44273504273504277,0,-1,-1,secure-auth-654-wellsfargo.com
26,26,0,1,3,0,3,0,0,0.3589743589743589,0.452991452991453,0,-1,-1,secure-auth-893-amazon.com
33,33,0,1,3,0,3,0,0,0.34782608695652173,0.5070707070707071,0,-1,-1,secure-auth-389-bankofamerica.com
30,30,0,3,3,0,3,0,0,1.0,1.0,0,-1,-1,secure-auth-134-vtop.vit.ac.in
25,25,0,1,3,0,3,0,0,0.4,0.4266666666666667,0,-1,-1,secure-auth-838-apple.com
24,24,0,1,1,0,0,0,0,0.43243243243243246,0.6772533022533023,0,-1,-1,bankofamerica-signin.com
28,28,0,1,3,0,3,0,0,0.3414634146341463,0.4543956043956044,0,-1,-1,secure-auth-763-citibank.com
30,30,0,1,3,0,3,0,0,0.37209302325581395,0.48888888888888893,0,-1,-1,secure-auth-109-salesforce.com
27,27,0,1,3,0,3,0,0,0.35,0.44753086419753085,0,-1,-1,secure-auth-662-twitter.com
9,9,0,1,0,0,0,0,0,0.5263157894736843,0.6851851851851851,0,-1,-1,fhase.com
10,10,0,1,0,0,0,0,0,0.9,0.9066666666666667,0,-1,-1,pzypal.com
28,28,0,1,3,0,3,0,0,0.24390243902439024,0.469047619047619,0,-1,-1,secure-auth-150-stanford.edu
13,13,0,1,0,0,0,0,0,0.5384615384615384,0.6602564102564102,0,-1,-1,insatgram.com
32,32,0,2,3,0,3,0,0,0.5263157894736843,0.6851851851851851,0,-1,-1,secure-auth-709-portal.azure.com
27,27,0,1,3,0,3,0,0,0.35,0.44753086419753085,0,-1,-1,secure-auth-361-twitter.com
13,13,0,1,0,0,0,0,0,0.9230769230769231,0.9641025641025641,0,-1,-1,micdosoft.com
11,11,0,1,0,0,0,0,0,0.47619047619047616,0.6595959595959596,0,-1,-1,netfljx.com
24,24,0,1,3,0,3,0,0,0.3783783783783784,0.5662393162393162,0,-1,-1,secure-auth-552-hsbc.com
28,28,0,1,3,0,3,0,0,0.3414634146341463,0.5113756613756614,0,-1,-1,secure-auth-570-linkedin.com
12,12,0,1,0,0,0,0,0,0.5454545454545454,0.6444444444444445,0,-1,-1,facebpok.com
32,32,0,2,3,0,3,0,0,0.5263157894736843,0.6851851851851851,0,-1,-1,secure-auth-592-portal.azure.com
14,14,0,1,0,0,0,0,0,0.5,0.6672771672771672,0,-1,-1,salseforce.com
32,32,0,2,3,0,3,0,0,0.5263157894736843,0.6851851851851851,0,-1,-1,secure-auth-987-portal.azure.com
8,8,0,1,0,0,0,0,0,0.5882352941176471,0.7268518518518517,0,-1,-1,mit.info
17,17,0,1,1,0,0,0,0,0.5333333333333333,0.6318627450980392,0,-1,-1,login-dropbox.com
28,28,0,1,3,0,3,0,0,0.3414634146341463,0.5113756613756614,0,-1,-1,secure-auth-666-linkedin.com
14,14,0,1,0,0,0,0,0,0.5185185185185186,0.638095238095238,0,-1,-1,salesofrce.com
29,29,0,1,3,0,3,0,0,0.6190476190476191,0.45042314007831247,0,-1,-1,secure-auth-814-microsoft.com
28,28,0,1,3,0,3,0,0,0.3902439024390244,0.5009157509157509,0,-1,-1,secure-auth-300-facebook.com
25,25,0,1,3,0,3,0,0,0.368421052631579,0.47333333333333333,0,-1,-1,secure-auth-797-adobe.com
26,26,0,1,3,0,3,0,0,0.5555555555555556,0.4256410256410256,0,-1,-1,secure-auth-243-paypal.com
11,11,0,1,0,0,0,0,0,0.5714285714285714,0.7151515151515152,0,-1,-1,linedin.com
6,6,0,1,0,0,0,0,0,0.5263157894736843,0.611111111111111,0,-1,-1,mit.ml
17,17,0,1,1,0,0,0,0,0.5333333333333333,0.6953242835595778,0,-1,-1,adobe-support.com
18,18,0,1,1,0,0,0,0,0.4516129032258065,0.64494301994302,0,-1,-1,verify-twitter.com
23,23,0,1,3,0,3,0,0,0.2777777777777778,0.5246376811594203,0,-1,-1,secure-auth-828-zoom.us
29,29,0,1,3,0,3,0,0,0.6190476190476191,0.45042314007831247,0,-1,-1,secure-auth-528-microsoft.com
25,25,0,1,3,0,3,0,0,0.368421052631579,0.4615384615384615,0,-1,-1,secure-auth-695-chase.com
17,17,0,1,1,0,0,0,0,0.7407407407407407,0.7960784313725492,0,-1,-1,update-google.com
18,18,0,1,1,0,0,0,0,0.6428571428571428,0.7281792281792283,0,-1,-1,spotify-portal.com
30,30,0,1,3,0,3,0,0,0.37209302325581395,0.48888888888888893,0,-1,-1,secure-auth-674-salesforce.com
12,12,0,1,0,0,0,0,0,0.5454545454545454,0.6658730158730158,0,-1,-1,bzrclays.com
14,14,0,1,0,0,0,0,0,0.5,0.6039377289377289,0,-1,-1,wwllsfargo.com
23,23,0,1,3,0,3,0,0,0.2222222222222222,0.47681159420289854,0,-1,-1,secure-auth-637-mit.edu
25,25,0,1,3,0,3,0,0,0.368421052631579,0.4615384615384615,0,-1,-1,secure-auth-160-slack.com
23,23,0,1,3,0,3,0,0,0.2222222222222222,0.47681159420289854,0,-1,-1,secure-auth-465-mit.edu
24,24,0,1,1,0,0,0,0,0.4117647058823529,0.5611111111111111,0,-1,-1,update-bankofamerica.com
25,25,0,1,3,0,3,0,0,0.368421052631579,0.4615384615384615,0,-1,-1,secure-auth-680-slack.com
24,24,0,1,3,0,3,0,0,0.3783783783783784,0.5662393162393162,0,-1,-1,secure-auth-563-hsbc.com
14,14,0,1,0,0,0,0,0,0.5,0.6039377289377289,0,-1,-1,wsllsfargo.com
19,19,0,1,3,0,0,0,0,0.48275862068965514,0.5880084827453248,1,-1,-1,xn--faebook-zjg.com
28,28,0,1,3,0,3,0,0,0.368421052631579,0.4543956043956044,0,-1,-1,secure-auth-732-barclays.com
26,26,0,1,3,0,3,0,0,0.5555555555555556,0.47179487179487173,0,-1,-1,secure-auth-839-google.com
33,33,0,1,3,0,3,0,0,0.34782608695652173,0.5070707070707071,0,-1,-1,secure-auth-684-bankofamerica.com
25,25,0,1,3,0,3,0,0,0.368421052631579,0.4615384615384615,0,-1,-1,secure-auth-353-chase.com
12,12,0,1,0,0,0,0,0,0.47619047619047616,0.6441798941798942,0,-1,-1,citibank.biz
9,9,0,1,0,0,0,0,0,0.5263157894736843,0.6185185185185186,0,-1,-1,slsck.com
26,26,0,1,3,0,3,0,0,0.3589743589743589,0.44943019943019946,0,-1,-1,secure-auth-716-github.com
18,18,0,1,1,0,0,0,0,0.2962962962962963,0.5472120472120472,0,-1,-1,stanford-login.edu
16,16,0,2,1,0,0,0,0,0.4,0.6833333333333332,0,-1,-1,portal-cam.ac.uk
23,23,0,1,3,0,3,0,0,0.2777777777777778,0.5246376811594203,0,-1,-1,secure-auth-387-zoom.us
25,25,0,1,3,0,3,0,0,0.368421052631579,0.47333333333333333,0,-1,-1,secure-auth-626-adobe.com
25,25,0,1,3,0,3,0,0,0.368421052631579,0.4615384615384615,0,-1,-1,secure-auth-455-chase.com
28,28,0,1,3,0,3,0,0,0.24390243902439024,0.469047619047619,0,-1,-1,secure-auth-209-stanford.edu
14,14,0,1,1,0,0,0,0,0.34782608695652173,0.5189255189255189,0,-1,-1,verify-mit.edu
26,26,0,1,3,0,3,0,0,0.3589743589743589,0.44943019943019946,0,-1,-1,secure-auth-180-github.com
29,29,0,1,3,0,3,0,0,0.6190476190476191,0.45042314007831247,0,-1,-1,secure-auth-351-microsoft.com
30,30,0,1,3,0,3,0,0,0.37209302325581395,0.48888888888888893,0,-1,-1,secure-auth-130-salesforce.com
25,25,0,1,3,0,3,0,0,0.368421052631579,0.4615384615384615,0,-1,-1,secure-auth-163-slack.com
29,29,0,1,3,0,3,0,0,0.6190476190476191,0.45042314007831247,0,-1,-1,secure-auth-806-microsoft.com
27,27,0,1,3,0,3,0,0,0.4,0.4703703703703703,0,-1,-1,secure-auth-970-dropbox.com
30,30,0,1,3,0,3,0,0,0.37209302325581395,0.44273504273504277,0,-1,-1,secure-auth-620-wellsfargo.com
32,32,0,2,3,0,3,0,0,0.5263157894736843,0.6851851851851851,0,-1,-1,secure-auth-555-portal.azure.com
25,25,0,1,3,0,3,0,0,0.368421052631579,0.4615384615384615,0,-1,-1,secure-auth-219-chase.com
25,25,0,1,3,0,3,0,0,0.368421052631579,0.4615384615384615,0,-1,-1,secure-auth-142-chase.com
18,18,0,1,1,0,0,0,0,0.2222222222222222,0.45740740740740743,0,-1,-1,secure-harvard.edu
9,9,0,1,0,0,0,0,0,0.9473684210526316,0.9296296296296296,0,-1,-1,oogle.com
10,10,0,1,0,0,0,0,0,0.5217391304347826,0.6666666666666666,0,-1,-1,githyb.com
15,15,0,2,3,0,0,0,0,0.33333333333333337,0.5703703703703703,1,-1,-1,xn--o-gub.ac.uk
13,13,0,1,0,0,0,0,0,0.9230769230769231,0.9846153846153847,0,-1,-1,micrsooft.com
11,11,0,1,0,0,0,0,0,0.5,0.6595959595959596,0,-1,-1,facebok.com
28,28,0,1,3,0,3,0,0,0.368421052631579,0.4543956043956044,0,-1,-1,secure-auth-173-barclays.com
30,30,0,3,3,0,3,0,0,1.0,1.0,0,-1,-1,secure-auth-530-vtop.vit.ac.in
16,16,0,1,1,0,0,0,0,0.4137931034482759,0.6110347985347985,0,-1,-1,chase-signin.com
27,27,0,1,3,0,3,0,0,0.35,0.44753086419753085,0,-1,-1,secure-auth-713-netflix.com
27,27,0,1,3,0,3,0,0,0.35,0.44753086419753085,0,-1,-1,secure-auth-950-twitter.com
18,18,0,1,1,0,0,0,0,0.2857142857142857,0.5407407407407407,0,-1,-1,update-harvard.edu
29,29,0,1,3,0,3,0,0,0.6190476190476191,0.45042314007831247,0,-1,-1,secure-auth-295-microsoft.com
25,25,0,1,3,0,3,0,0,0.368421052631579,0.4615384615384615,0,-1,-1,secure-auth-627-slack.com
25,25,0,1,3,0,3,0,0,0.368421052631579,0.47333333333333333,0,-1,-1,secure-auth-121-adobe.com
25,25,0,1,3,0,3,0,0,0.368421052631579,0.4615384615384615,0,-1,-1,secure-auth-348-chase.com
20,20,0,1,1,0,0,0,0,0.48484848484848486,0.6301282051282051,0,-1,-1,linkedin-support.com
29,29,0,1,3,0,3,0,0,0.38095238095238093,0.509323116219668,0,-1,-1,secure-auth-177-instagram.com
13,13,0,1,0,0,0,0,0,0.9230769230769231,0.9252136752136753,0,-1,-1,micfosoft.com
28,28,0,1,3,0,3,0,0,0.24390243902439024,0.469047619047619,0,-1,-1,secure-auth-640-stanford.edu
27,27,0,1,3,0,3,0,0,0.4,0.4703703703703703,0,-1,-1,secure-auth-708-dropbox.com
25,25,0,2,3,0,3,0,0,0.2941176470588235,0.47333333333333333,0,-1,-1,secure-auth-609-cam.ac.uk
13,13,0,1,0,0,0,0,0,0.9230769230769231,0.9692307692307692,0,-1,-1,microaoft.com
30,30,0,1,3,0,3,0,0,0.37209302325581395,0.44273504273504277,0,-1,-1,secure-auth-284-wellsfargo.com
29,29,0,1,3,0,3,0,0,0.38095238095238093,0.509323116219668,0,-1,-1,secure-auth-652-instagram.com
25,25,0,1,3,0,3,0,0,0.368421052631579,0.4615384615384615,0,-1,-1,secure-auth-202-slack.com
27,27,0,1,3,0,3,0,0,0.35,0.44753086419753085,0,-1,-1,secure-auth-553-twitter.com
8,8,0,2,0,0,0,0,0,0.47058823529411764,0.6481481481481481,0,-1,-1,px.ac.uk
19,19,0,1,1,0,0,0,0,0.5,0.6985155195681512,0,-1,-1,support-spotify.com
16,16,0,1,1,0,0,0,0,0.5384615384615384,0.725,0,-1,-1,apple-signin.com
12,12,0,1,0,0,0,0,0,0.5454545454545454,0.7134920634920635,0,-1,-1,barclwys.com
12,12,0,1,0,0,0,0,0,0.56,0.7072649572649573,0,-1,-1,vacebook.com
25,25,0,1,3,0,3,0,0,0.4,0.4266666666666667,0,-1,-1,secure-auth-455-apple.com
9,9,0,1,0,0,0,0,0,0.5263157894736843,0.6444444444444444,0,-1,-1,zlack.com
12,12,0,1,0,0,0,0,0,0.2857142857142857,0.5092592592592592,0,-1,-1,stanforr.edu
30,30,0,1,3,0,3,0,0,0.37209302325581395,0.48888888888888893,0,-1,-1,secure-auth-166-salesforce.com
30,30,0,1,3,0,3,0,0,0.37209302325581395,0.48888888888888893,0,-1,-1,secure-auth-875-salesforce.com
12,12,0,1,0,0,0,0,0,0.2857142857142857,0.5092592592592592,0,-1,-1,stafnord.edu
23,23,0,1,3,0,3,0,0,0.2777777777777778,0.5246376811594203,0,-1,-1,secure-auth-279-zoom.us
12,12,0,1,0,0,0,0,0,0.2857142857142857,0.5240740740740741,0,-1,-1,stanvord.edu
10,10,0,1,0,0,0,0,0,0.5217391304347826,0.6666666666666666,0,-1,-1,amqzon.com
13,13,0,3,0,0,0,0,0,0.9411764705882353,0.9666666666666667,0,-1,-1,vtop.vt.ac.in
30,30,0,1,3,0,3,0,0,0.37209302325581395,0.48888888888888893,0,-1,-1,secure-auth-368-salesforce.com
14,14,0,1,0,0,0,0,0,0.5185185185185186,0.638095238095238,0,-1,-1,salesfotce.com
20,20,0,1,1,0,0,0,0,0.48484848484848486,0.602991452991453,0,-1,-1,barclays-account.com
27,27,0,1,3,0,3,0,0,0.35,0.44753086419753085,0,-1,-1,secure-auth-650-netflix.com
24,24,0,1,1,0,0,0,0,0.4117647058823529,0.5245726495726496,0,-1,-1,signin-bankofamerica.com
29,29,0,1,3,0,3,0,0,0.38095238095238093,0.509323116219668,0,-1,-1,secure-auth-448-instagram.com
30,30,0,1,3,0,3,0,0,0.37209302325581395,0.48888888888888893,0,-1,-1,secure-auth-874-salesforce.com
8,8,0,2,0,0,0,0,0,0.47058823529411764,0.6481481481481481,0,-1,-1,cm.ac.uk
29,29,0,1,3,0,3,0,0,0.6190476190476191,0.45042314007831247,0,-1,-1,secure-auth-976-microsoft.com
25,25,0,2,3,0,3,0,0,0.2941176470588235,0.47333333333333333,0,-1,-1,secure-auth-885-cam.ac.uk
33,33,0,1,3,0,3,0,0,0.34782608695652173,0.5070707070707071,0,-1,-1,secure-auth-480-bankofamerica.com
25,25,0,1,3,0,3,0,0,0.4,0.4266666666666667,0,-1,-1,secure-auth-779-apple.com
17,17,0,1,0,0,0,0,0,0.4666666666666667,0.5703242835595778,0,-1,-1,banlofamerica.com
27,27,0,1,3,0,3,0,0,0.19999999999999996,0.4246913580246914,0,-1,-1,secure-auth-770-harvard.edu
12,12,0,1,0,0,0,0,0,0.38095238095238093,0.5337606837606838,0,-1,-1,twitter.club
9,9,0,1,0,0,0,0,0,0.4444444444444444,0.5982905982905983,0,-1,-1,hsbc.info
14,14,0,1,0,0,0,0,0,0.26086956521739135,0.5158730158730158,0,-1,-1,wellsfargo.net
28,28,0,1,3,0,3,0,0,0.24390243902439024,0.469047619047619,0,-1,-1,secure-auth-628-stanford.edu
30,30,0,1,3,0,3,0,0,0.37209302325581395,0.48888888888888893,0,-1,-1,secure-auth-306-salesforce.com
26,26,0,1,3,0,3,0,0,0.3589743589743589,0.452991452991453,0,-1,-1,secure-auth-106-amazon.com
27,27,0,1,3,0,3,0,0,0.44999999999999996,0.4703703703703703,0,-1,-1,secure-auth-747-spotify.com
25,25,0,2,3,0,3,0,0,0.2941176470588235,0.47333333333333333,0,-1,-1,secure-auth-434-cam.ac.uk
28,28,0,1,3,0,3,0,0,0.3414634146341463,0.5113756613756614,0,-1,-1,secure-auth-820-linkedin.com
24,24,0,1,3,0,3,0,0,0.3783783783783784,0.5662393162393162,0,-1,-1,secure-auth-368-hsbc.com
25,25,0,1,3,0,3,0,0,0.4,0.4266666666666667,0,-1,-1,secure-auth-370-apple.com
12,12,0,1,0,0,0,0,0,0.5454545454545454,0.7134920634920635,0,-1,-1,fadebook.com
28,28,0,1,3,0,3,0,0,0.3902439024390244,0.5009157509157509,0,-1,-1,secure-auth-131-facebook.com
27,27,0,1,3,0,3,0,0,0.19999999999999996,0.4246913580246914,0,-1,-1,secure-auth-304-harvard.edu
26,26,0,1,3,0,3,0,0,0.5555555555555556,0.4256410256410256,0,-1,-1,secure-auth-935-paypal.com
25,25,0,1,3,0,3,0,0,0.368421052631579,0.47333333333333333,0,-1,-1,secure-auth-805-adobe.com
8,8,0,1,0,0,0,0,0,0.47619047619047616,0.6032051282051282,0,-1,-1,hdbc.com
25,25,0,1,3,0,3,0,0,0.368421052631579,0.4615384615384615,0,-1,-1,secure-auth-860-chase.com
27,27,0,1,3,0,3,0,0,0.35,0.44753086419753085,0,-1,-1,secure-auth-348-netflix.com
28,28,0,1,3,0,3,0,0,0.3414634146341463,0.5113756613756614,0,-1,-1,secure-auth-248-linkedin.com
17,17,0,1,0,0,0,0,0,0.4444444444444444,0.5954248366013072,0,-1,-1,bankofanerica.com
11,11,0,1,0,0,0,0,0,0.30000000000000004,0.5242424242424243,0,-1,-1,havrard.edu
11,11,0,1,0,0,0,0,0,0.5833333333333333,0.7151515151515152,0,-1,-1,spofify.com
30,30,0,3,3,0,3,0,0,1.0,1.0,0,-1,-1,secure-auth-397-vtop.vit.ac.in
28,28,0,1,3,0,3,0,0,0.3414634146341463,0.5113756613756614,0,-1,-1,secure-auth-665-linkedin.com
30,30,0,1,3,0,3,0,0,0.37209302325581395,0.44273504273504277,0,-1,-1,secure-auth-945-wellsfargo.com
11,11,0,1,0,0,0,0,0,0.5714285714285714,0.7311688311688312,0,-1,-1,barclas.com
25,25,0,1,3,0,3,0,0,0.4,0.4266666666666667,0,-1,-1,secure-auth-611-apple.com
24,24,0,2,3,0,3,0,0,0.303030303030303,0.5148046398046398,0,-1,-1,secure-auth-945-ox.ac.uk
30,30,0,3,3,0,3,0,0,1.0,1.0,0,-1,-1,secure-auth-228-vtop.vit.ac.in
25,25,0,1,3,0,3,0,0,0.368421052631579,0.47333333333333333,0,-1,-1,secure-auth-446-adobe.com
25,25,0,1,3,0,3,0,0,0.368421052631579,0.47333333333333333,0,-1,-1,secure-auth-201-adobe.com
27,27,0,1,3,0,3,0,0,0.35,0.44753086419753085,0,-1,-1,secure-auth-135-twitter.com
11,11,0,1,0,0,0,0,0,0.5,0.6515151515151515,0,-1,-1,itibank.com
25,25,0,1,3,0,3,0,0,0.368421052631579,0.47333333333333333,0,-1,-1,secure-auth-925-adobe.com
28,28,0,1,3,0,3,0,0,0.3902439024390244,0.5009157509157509,0,-1,-1,secure-auth-584-facebook.com
28,28,0,1,3,0,3,0,0,0.368421052631579,0.4543956043956044,0,-1,-1,secure-auth-373-barclays.com
30,30,0,1,3,0,3,0,0,0.37209302325581395,0.48888888888888893,0,-1,-1,secure-auth-668-salesforce.com
28,28,0,1,3,0,3,0,0,0.24390243902439024,0.469047619047619,0,-1,-1,secure-auth-415-stanford.edu
28,28,0,1,3,0,3,0,0,0.24390243902439024,0.469047619047619,0,-1,-1,secure-auth-898-stanford.edu
12,12,0,1,0,0,0,0,0,0.2727272727272727,0.46709401709401704,0,-1,-1,syanford.edu
14,14,0,1,1,0,0,0,0,0.5,0.6761904761904761,0,-1,-1,adobe-auth.com
32,32,0,2,3,0,3,0,0,0.5263157894736843,0.6851851851851851,0,-1,-1,secure-auth-506-portal.azure.com
27,27,0,1,3,0,3,0,0,0.4,0.4703703703703703,0,-1,-1,secure-auth-356-dropbox.com
14,14,0,1,0,0,0,0,0,0.5,0.6672771672771672,0,-1,-1,szlesforce.com
27,27,0,1,3,0,3,0,0,0.19999999999999996,0.4246913580246914,0,-1,-1,secure-auth-897-harvard.edu
30,30,0,3,3,0,3,0,0,1.0,1.0,0,-1,-1,secure-auth-338-vtop.vit.ac.in
9,9,0,1,0,0,0,0,0,0.631578947368421,0.7555555555555555,0,-1,-1,qdobe.com
25,25,0,1,3,0,3,0,0,0.368421052631579,0.4615384615384615,0,-1,-1,secure-auth-718-chase.com
29,29,0,1,3,0,3,0,0,0.38095238095238093,0.509323116219668,0,-1,-1,secure-auth-253-instagram.com
27,27,0,1,3,0,3,0,0,0.35,0.44753086419753085,0,-1,-1,secure-auth-234-twitter.com
15,15,0,1,1,0,0,0,0,0.64,0.7361111111111112,0,-1,-1,login-apple.com
27,27,0,1,3,0,3,0,0,0.35,0.44753086419753085,0,-1,-1,secure-auth-424-netflix.com
30,30,0,3,3,0,3,0,0,1.0,1.0,0,-1,-1,secure-auth-747-vtop.vit.ac.in
10,10,0,1,0,0,0,0,0,0.5217391304347826,0.6666666666666666,0,-1,-1,gitnub.com
16,16,0,1,1,0,0,0,0,0.6153846153846154,0.7837962962962962,0,-1,-1,update-apple.com
14,14,0,1,1,0,0,0,0,0.37037037037037035,0.5767195767195767,0,-1,-1,mit-portal.edu
27,27,0,1,3,0,3,0,0,0.4,0.4703703703703703,0,-1,-1,secure-auth-804-dropbox.com
27,27,0,1,3,0,3,0,0,0.35,0.44753086419753085,0,-1,-1,secure-auth-827-netflix.com
29,29,0,1,3,0,3,0,0,0.6190476190476191,0.45042314007831247,0,-1,-1,secure-auth-249-microsoft.com
30,30,0,3,3,0,3,0,0,1.0,1.0,0,-1,-1,secure-auth-780-vtop.vit.ac.in
11,11,0,1,0,0,0,0,0,0.7619047619047619,0.9054545454545454,0,-1,-1,paypal.info
28,28,0,1,3,0,3,0,0,0.3414634146341463,0.5113756613756614,0,-1,-1,secure-auth-680-linkedin.com
17,17,0,1,3,0,1,0,0,0.4444444444444444,0.6048265460030166,1,-1,-1,xn--mazon-3ve.com
24,24,0,2,3,0,3,0,0,0.303030303030303,0.5148046398046398,0,-1,-1,secure-auth-263-ox.ac.uk
13,13,0,1,0,0,0,0,0,0.5217391304347826,0.6837606837606837,0,-1,-1,saesforce.com
18,18,0,1,3,0,0,0,0,0.3870967741935484,0.5925925925925926,1,-1,-1,xn--netflx-tvf.com
24,24,0,1,3,0,3,0,0,0.3783783783783784,0.5662393162393162,0,-1,-1,secure-auth-144-hsbc.com
14,14,0,3,0,0,0,0,0,0.8888888888888888,0.9407407407407408,0,-1,-1,vtop.vir.ac.in
11,11,0,1,0,0,0,0,0,0.5714285714285714,0.7151515151515152,0,-1,-1,linkedi.com
28,28,0,1,3,0,3,0,0,0.3414634146341463,0.5113756613756614,0,-1,-1,secure-auth-657-linkedin.com
10,10,0,1,0,0,1,0,0,0.5,0.6666666666666666,0,-1,-1,g1thub.com
30,30,0,1,3,0,3,0,0,0.37209302325581395,0.44273504273504277,0,-1,-1,secure-auth-886-wellsfargo.com
12,12,0,1,0,0,0,0,0,0.56,0.7072649572649573,0,-1,-1,fqcebook.com
27,27,0,1,3,0,3,0,0,0.35,0.44753086419753085,0,-1,-1,secure-auth-958-netflix.com
28,28,0,1,3,0,3,0,0,0.24390243902439024,0.469047619047619,0,-1,-1,secure-auth-709-stanford.edu
28,28,0,1,3,0,3,0,0,0.3902439024390244,0.5009157509157509,0,-1,-1,secure-auth-585-facebook.com
16,16,0,1,1,0,0,0,0,0.5384615384615384,0.7125,0,-1,-1,update-azure.com
7,7,0,1,0,0,0,0,0,0.3529411764705882,0.5761904761904763,0,-1,-1,zook.us
10,10,0,1,0,0,0,0,0,0.7,0.88,0,-1,-1,google.xyz
21,21,0,1,1,0,0,0,0,0.4516129032258065,0.5404456654456654,0,-1,-1,wellsfargo-secure.com
27,27,0,1,3,0,3,0,0,0.44999999999999996,0.4703703703703703,0,-1,-1,secure-auth-650-spotify.com
11,11,0,1,0,0,0,0,0,0.5833333333333333,0.724941724941725,0,-1,-1,xropbox.com
21,21,0,1,3,0,2,0,0,0.3870967741935484,0.5821123321123322,1,-1,-1,xn--salesfrce-52h.com
9,9,0,1,0,0,0,0,0,0.631578947368421,0.7555555555555555,0,-1,-1,cgase.com
11,11,0,1,0,0,0,0,0,0.47619047619047616,0.6515151515151515,0,-1,-1,inkedin.com
15,15,0,1,1,0,0,0,0,0.4285714285714286,0.6207570207570208,0,-1,-1,hsbc-signin.com
10,10,0,1,0,0,0,0,0,0.5217391304347826,0.6666666666666666,0,-1,-1,girhub.com
12,12,0,1,0,0,0,0,0,0.5454545454545454,0.7134920634920635,0,-1,-1,barclsys.com
28,28,0,1,3,0,3,0,0,0.3414634146341463,0.4543956043956044,0,-1,-1,secure-auth-403-citibank.com
10,10,0,1,0,0,0,0,0,0.6,0.6777777777777777,0,-1,-1,amaaon.com
24,24,0,2,3,0,3,0,0,0.303030303030303,0.5148046398046398,0,-1,-1,secure-auth-214-ox.ac.uk
13,13,0,1,0,0,0,0,0,0.7692307692307692,0.9076923076923077,0,-1,-1,microsoft.xyz
27,27,0,1,3,0,3,0,0,0.19999999999999996,0.4246913580246914,0,-1,-1,secure-auth-850-harvard.edu
33,33,0,1,3,0,3,0,0,0.34782608695652173,0.5070707070707071,0,-1,-1,secure-auth-588-bankofamerica.com
28,28,0,1,3,0,3,0,0,0.24390243902439024,0.469047619047619,0,-1,-1,secure-auth-269-stanford.edu
11,11,0,1,0,0,0,0,0,0.5833333333333333,0.7311688311688312,0,-1,-1,drolbox.com
27,27,0,1,3,0,3,0,0,0.4,0.4703703703703703,0,-1,-1,secure-auth-120-dropbox.com
26,26,0,1,3,0,3,0,0,0.5555555555555556,0.4256410256410256,0,-1,-1,secure-auth-100-paypal.com
25,25,0,1,3,0,3,0,0,0.368421052631579,0.4615384615384615,0,-1,-1,secure-auth-965-slack.com
17,17,0,2,1,0,0,0,0,0.6923076923076923,0.6822284469343293,0,-1,-1,vit-account.ac.in
28,28,0,1,3,0,3,0,0,0.3902439024390244,0.5009157509157509,0,-1,-1,secure-auth-180-facebook.com
27,27,0,1,3,0,3,0,0,0.35,0.44753086419753085,0,-1,-1,secure-auth-479-netflix.com
26,26,0,1,3,0,3,0,0,0.5555555555555556,0.4256410256410256,0,-1,-1,secure-auth-304-paypal.com
33,33,0,1,3,0,3,0,0,0.34782608695652173,0.5070707070707071,0,-1,-1,secure-auth-808-bankofamerica.com
12,12,0,1,0,0,0,0,0,0.56,0.6773504273504273,0,-1,-1,barcoays.com
21,21,0,1,1,0,0,0,0,0.5161290322580645,0.6818070818070817,0,-1,-1,wellsfargo-portal.com
26,26,0,1,3,0,3,0,0,0.3589743589743589,0.44943019943019946,0,-1,-1,secure-auth-587-github.com
12,12,0,1,0,0,0,0,0,0.5454545454545454,0.7000000000000001,0,-1,-1,linkedib.com
28,28,0,1,3,0,3,0,0,0.3414634146341463,0.5113756613756614,0,-1,-1,secure-auth-341-linkedin.com
30,30,0,1,3,0,3,0,0,0.37209302325581395,0.48888888888888893,0,-1,-1,secure-auth-957-salesforce.com
27,27,0,1,3,0,3,0,0,0.19999999999999996,0.4246913580246914,0,-1,-1,secure-auth-646-harvard.edu
12,12,0,1,0,0,0,0,0,0.31999999999999995,0.5644078144078144,0,-1,-1,stanford.top
32,32,0,2,3,0,3,0,0,0.5263157894736843,0.6851851851851851,0,-1,-1,secure-auth-852-portal.azure.com
30,30,0,1,3,0,3,0,0,0.37209302325581395,0.48888888888888893,0,-1,-1,secure-auth-499-salesforce.com
12,12,0,1,0,0,0,0,0,0.2857142857142857,0.5092592592592592,0,-1,-1,ztanford.edu
13,13,0,1,0,0,0,0,0,0.34782608695652173,0.5692307692307693,0,-1,-1,linkedin.club
14,14,0,1,0,0,0,0,0,0.5,0.638095238095238,0,-1,-1,wellsfrago.com
28,28,0,1,3,0,3,0,0,0.368421052631579,0.4543956043956044,0,-1,-1,secure-auth-867-barclays.com
25,25,0,1,3,0,3,0,0,0.4,0.4266666666666667,0,-1,-1,secure-auth-172-apple.com
30,30,0,1,3,0,3,0,0,0.37209302325581395,0.48888888888888893,0,-1,-1,secure-auth-107-salesforce.com
25,25,0,1,3,0,3,0,0,0.368421052631579,0.47333333333333333,0,-1,-1,secure-auth-653-adobe.com
7,7,0,1,0,0,0,0,0,0.4,0.5663003663003664,0,-1,-1,hsbc.co
23,23,0,1,3,0,3,0,0,0.2222222222222222,0.47681159420289854,0,-1,-1,secure-auth-876-mit.edu
25,25,0,1,3,0,3,0,0,0.368421052631579,0.4615384615384615,0,-1,-1,secure-auth-325-slack.com
13,13,0,1,0,0,0,0,0,0.5384615384615384,0.6602564102564102,0,-1,-1,ibstagram.com
28,28,0,1,3,0,3,0,0,0.3414634146341463,0.4543956043956044,0,-1,-1,secure-auth-668-citibank.com
29,29,0,1,3,0,3,0,0,0.6190476190476191,0.45042314007831247,0,-1,-1,secure-auth-468-microsoft.com
19,19,0,1,1,0,0,0,0,0.5517241379310345,0.6651821862348178,0,-1,-1,facebook-portal.com
23,23,0,1,3,0,3,0,0,0.2777777777777778,0.5246376811594203,0,-1,-1,secure-auth-521-zoom.us
11,11,0,1,0,0,0,0,0,0.19999999999999996,0.46060606060606063,0,-1,-1,harvqrd.edu
30,30,0,1,3,0,3,0,0,0.37209302325581395,0.44273504273504277,0,-1,-1,secure-auth-650-wellsfargo.com
11,11,0,1,0,0,0,0,0,0.5833333333333333,0.7311688311688312,0,-1,-1,fcebook.com
27,27,0,1,3,0,3,0,0,0.35,0.44753086419753085,0,-1,-1,secure-auth-777-twitter.com
27,27,0,1,3,0,3,0,0,0.44999999999999996,0.4703703703703703,0,-1,-1,secure-auth-381-spotify.com
33,33,0,1,3,0,3,0,0,0.34782608695652173,0.5070707070707071,0,-1,-1,secure-auth-229-bankofamerica.com
16,16,0,1,1,0,0,0,0,0.5384615384615384,0.6172619047619047,0,-1,-1,secure-apple.com
28,28,0,1,3,0,3,0,0,0.3414634146341463,0.4543956043956044,0,-1,-1,secure-auth-102-citibank.com
9,9,0,1,0,0,0,0,0,0.736842105263158,0.825925925925926,0,-1,-1,aople.com
28,28,0,1,3,0,3,0,0,0.3414634146341463,0.4543956043956044,0,-1,-1,secure-auth-416-citibank.com
12,12,0,1,0,0,0,0,0,0.48,0.6917989417989419,0,-1,-1,fitibank.com
27,27,0,1,3,0,3,0,0,0.35,0.44753086419753085,0,-1,-1,secure-auth-289-netflix.com
25,25,0,1,3,0,3,0,0,0.368421052631579,0.4615384615384615,0,-1,-1,secure-auth-419-slack.com
10,10,0,1,0,0,0,0,0,0.9,0.8962962962962964,0,-1,-1,yoogle.com
24,24,0,2,3,0,3,0,0,0.303030303030303,0.5148046398046398,0,-1,-1,secure-auth-255-ox.ac.uk
26,26,0,1,3,0,3,0,0,0.3589743589743589,0.44943019943019946,0,-1,-1,secure-auth-835-github.com
17,17,0,1,0,0,0,0,0,0.4666666666666667,0.5703242835595778,0,-1,-1,bankofameriac.com
25,25,0,1,3,0,3,0,0,0.4,0.4266666666666667,0,-1,-1,secure-auth-413-apple.com
30,30,0,3,3,0,3,0,0,1.0,1.0,0,-1,-1,secure-auth-220-vtop.vit.ac.in
11,11,0,1,0,0,0,0,0,0.41666666666666663,0.5878787878787879,0,-1,-1,stanford.co
25,25,0,1,3,0,3,0,0,0.368421052631579,0.4615384615384615,0,-1,-1,secure-auth-716-chase.com
30,30,0,1,3,0,3,0,0,0.37209302325581395,0.48888888888888893,0,-1,-1,secure-auth-131-salesforce.com
12,12,0,1,0,0,0,0,0,0.38095238095238093,0.5092592592592592,0,-1,-1,stanford.net
14,14,0,1,0,0,0,0,0,0.5,0.638095238095238,0,-1,-1,wellzfargo.com
19,19,0,1,3,0,0,0,0,0.375,0.5924426450742241,1,-1,-1,xn--itibank-xjg.com
17,17,0,1,0,0,0,0,0,0.4666666666666667,0.5703242835595778,0,-1,-1,banmofamerica.com
12,12,0,1,0,0,0,0,0,0.2857142857142857,0.49444444444444446,0,-1,-1,atanford.edu
29,29,0,1,3,0,3,0,0,0.6190476190476191,0.45042314007831247,0,-1,-1,secure-auth-495-microsoft.com
26,26,0,1,3,0,3,0,0,0.3589743589743589,0.452991452991453,0,-1,-1,secure-auth-800-amazon.com
24,24,0,2,3,0,3,0,0,0.303030303030303,0.5148046398046398,0,-1,-1,secure-auth-339-ox.ac.uk
32,32,0,2,3,0,3,0,0,0.5263157894736843,0.6851851851851851,0,-1,-1,secure-auth-254-portal.azure.com
15,15,0,1,3,0,0,0,0,0.4285714285714286,0.6205128205128205,1,-1,-1,xn--hbc-fhd.com
32,32,0,2,3,0,3,0,0,0.5263157894736843,0.6851851851851851,0,-1,-1,secure-auth-357-portal.azure.com
16,16,0,2,1,0,0,0,0,0.4,0.6431878306878307,0,-1,-1,signin-cam.ac.uk
10,10,0,1,0,0,0,0,0,0.5217391304347826,0.6148148148148148,0,-1,-1,hithub.com
30,30,0,1,3,0,3,0,0,0.37209302325581395,0.48888888888888893,0,-1,-1,secure-auth-999-salesforce.com
25,25,0,1,3,0,3,0,0,0.368421052631579,0.47333333333333333,0,-1,-1,secure-auth-902-adobe.com
10,10,0,1,0,0,0,0,0,0.9,0.9377777777777778,0,-1,-1,paypao.com
28,28,0,1,3,0,3,0,0,0.3902439024390244,0.5009157509157509,0,-1,-1,secure-auth-947-facebook.com
24,24,0,2,3,0,3,0,0,0.303030303030303,0.5148046398046398,0,-1,-1,secure-auth-403-ox.ac.uk
28,28,0,1,3,0,3,0,0,0.3414634146341463,0.4543956043956044,0,-1,-1,secure-auth-137-citibank.com
27,27,0,1,3,0,3,0,0,0.44999999999999996,0.4703703703703703,0,-1,-1,secure-auth-568-spotify.com
27,27,0,1,3,0,3,0,0,0.35,0.44753086419753085,0,-1,-1,secure-auth-776-twitter.com
27,27,0,1,3,0,3,0,0,0.19999999999999996,0.4246913580246914,0,-1,-1,secure-auth-109-harvard.edu
28,28,0,1,3,0,3,0,0,0.3902439024390244,0.5009157509157509,0,-1,-1,secure-auth-742-facebook.com
26,26,0,1,3,0,3,0,0,0.3589743589743589,0.452991452991453,0,-1,-1,secure-auth-478-amazon.com
27,27,0,1,3,0,3,0,0,0.35,0.44753086419753085,0,-1,-1,secure-auth-297-twitter.com
28,28,0,1,3,0,3,0,0,0.3414634146341463,0.5113756613756614,0,-1,-1,secure-auth-838-linkedin.com
27,27,0,1,3,0,3,0,0,0.4,0.4703703703703703,0,-1,-1,secure-auth-181-dropbox.com
33,33,0,1,3,0,3,0,0,0.34782608695652173,0.5070707070707071,0,-1,-1,secure-auth-706-bankofamerica.com
27,27,0,1,3,0,3,0,0,0.35,0.44753086419753085,0,-1,-1,secure-auth-510-netflix.com
27,27,0,1,3,0,3,0,0,0.4,0.4703703703703703,0,-1,-1,secure-auth-369-dropbox.com
17,17,0,1,1,0,0,0,0,0.7407407407407407,0.9176470588235295,0,-1,-1,paypal-verify.com
12,12,0,1,0,0,0,0,0,0.56,0.638888888888889,0,-1,-1,cotibank.com
28,28,0,1,3,0,3,0,0,0.24390243902439024,0.469047619047619,0,-1,-1,secure-auth-271-stanford.edu
26,26,0,1,3,0,3,0,0,0.3589743589743589,0.452991452991453,0,-1,-1,secure-auth-196-amazon.com
30,30,0,1,3,0,3,0,0,0.37209302325581395,0.48888888888888893,0,-1,-1,secure-auth-611-salesforce.com
29,29,0,1,3,0,3,0,0,0.6190476190476191,0.45042314007831247,0,-1,-1,secure-auth-936-microsoft.com
30,30,0,1,3,0,3,0,0,0.37209302325581395,0.48888888888888893,0,-1,-1,secure-auth-264-salesforce.com
27,27,0,1,3,0,3,0,0,0.44999999999999996,0.4703703703703703,0,-1,-1,secure-auth-895-spotify.com
30,30,0,3,3,0,3,0,0,1.0,1.0,0,-1,-1,secure-auth-789-vtop.vit.ac.in
9,9,0,1,0,0,0,0,0,0.631578947368421,0.7306878306878307,0,-1,-1,alack.com
18,18,0,1,3,0,0,0,0,0.3870967741935484,0.5948310948310948,1,-1,-1,xn--twtter-qvf.com
26,26,0,1,3,0,3,0,0,0.3589743589743589,0.452991452991453,0,-1,-1,secure-auth-528-amazon.com
23,23,0,1,3,0,3,0,0,0.2222222222222222,0.47681159420289854,0,-1,-1,secure-auth-983-mit.edu
12,12,0,1,0,0,0,0,0,0.31999999999999995,0.5092592592592592,0,-1,-1,stanfofd.edu
28,28,0,1,3,0,3,0,0,0.3414634146341463,0.5113756613756614,0,-1,-1,secure-auth-756-linkedin.com
28,28,0,1,3,0,3,0,0,0.368421052631579,0.4543956043956044,0,-1,-1,secure-auth-437-barclays.com
9,9,0,1,0,0,0,0,0,0.631578947368421,0.7555555555555555,0,-1,-1,aazon.com
24,24,0,2,3,0,3,0,0,0.303030303030303,0.5148046398046398,0,-1,-1,secure-auth-624-ox.ac.uk
33,33,0,1,3,0,3,0,0,0.34782608695652173,0.5070707070707071,0,-1,-1,secure-auth-567-bankofamerica.com
27,27,0,1,3,0,3,0,0,0.35,0.44753086419753085,0,-1,-1,secure-auth-321-netflix.com
25,25,0,2,3,0,3,0,0,0.2941176470588235,0.47333333333333333,0,-1,-1,secure-auth-126-cam.ac.uk
12,12,0,1,0,0,0,0,0,0.64,0.7606837606837606,0,-1,-1,facrbook.com
26,26,0,1,3,0,3,0,0,0.5555555555555556,0.4256410256410256,0,-1,-1,secure-auth-127-paypal.com
27,27,0,1,3,0,3,0,0,0.4,0.4703703703703703,0,-1,-1,secure-auth-483-dropbox.com
25,25,0,1,3,0,3,0,0,0.4,0.4266666666666667,0,-1,-1,secure-auth-967-apple.com
17,17,0,1,0,0,0,0,0,0.4666666666666667,0.6294620412267471,0,-1,-1,bsnkofamerica.com
26,26,0,1,3,0,3,0,0,0.5555555555555556,0.4256410256410256,0,-1,-1,secure-auth-248-paypal.com
27,27,0,1,3,0,3,0,0,0.19999999999999996,0.4246913580246914,0,-1,-1,secure-auth-143-harvard.edu
16,16,0,2,0,0,0,0,0,0.5263157894736843,0.6851851851851851,0,-1,-1,portal.wzure.com
28,28,0,1,3,0,3,0,0,0.3902439024390244,0.5009157509157509,0,-1,-1,secure-auth-288-facebook.com
25,25,0,1,3,0,3,0,0,0.368421052631579,0.47333333333333333,0,-1,-1,secure-auth-126-adobe.com
29,29,0,1,3,0,3,0,0,0.6190476190476191,0.45042314007831247,0,-1,-1,secure-auth-373-microsoft.com
26,26,0,1,3,0,3,0,0,0.3589743589743589,0.452991452991453,0,-1,-1,secure-auth-574-amazon.com
23,23,0,1,3,0,3,0,0,0.2222222222222222,0.47681159420289854,0,-1,-1,secure-auth-586-mit.edu
11,11,0,1,0,0,0,0,0,0.30000000000000004,0.5242424242424243,0,-1,-1,harvars.edu
25,25,0,2,3,0,3,0,0,0.2941176470588235,0.47333333333333333,0,-1,-1,secure-auth-448-cam.ac.uk
11,11,0,1,0,0,0,0,0,0.30000000000000004,0.5242424242424243,0,-1,-1,harvarr.edu
27,27,0,1,3,0,3,0,0,0.44999999999999996,0.4703703703703703,0,-1,-1,secure-auth-646-spotify.com
25,25,0,1,3,0,3,0,0,0.4,0.4266666666666667,0,-1,-1,secure-auth-619-apple.com
27,27,0,1,3,0,3,0,0,0.44999999999999996,0.4703703703703703,0,-1,-1,secure-auth-857-spotify.com
10,10,0,1,0,0,0,0,0,0.21052631578947367,0.4666666666666666,0,-1,-1,harvrd.edu
14,14,0,1,1,0,0,0,0,0.37037037037037035,0.5744810744810745,0,-1,-1,mit-verify.edu
25,25,0,1,3,0,3,0,0,0.4,0.4266666666666667,0,-1,-1,secure-auth-220-apple.com
16,16,0,1,1,0,0,0,0,0.6153846153846154,0.6648809523809524,0,-1,-1,azure-portal.com
25,25,0,1,3,0,3,0,0,0.368421052631579,0.4615384615384615,0,-1,-1,secure-auth-670-slack.com
28,28,0,1,3,0,3,0,0,0.3902439024390244,0.5009157509157509,0,-1,-1,secure-auth-639-facebook.com
29,29,0,1,3,0,3,0,0,0.6190476190476191,0.45042314007831247,0,-1,-1,secure-auth-402-microsoft.com
18,18,0,1,1,0,0,0,0,0.8387096774193549,0.8048433048433049,0,-1,-1,auth-microsoft.com
30,30,0,1,3,0,3,0,0,0.37209302325581395,0.48888888888888893,0,-1,-1,secure-auth-124-salesforce.com
10,10,0,1,0,0,0,0,0,0.5217391304347826,0.6666666666666666,0,-1,-1,twiter.com
28,28,0,1,3,0,3,0,0,0.24390243902439024,0.469047619047619,0,-1,-1,secure-auth-465-stanford.edu
20,20,0,1,1,0,0,0,0,0.7878787878787878,0.8320512820512821,0,-1,-1,signin-microsoft.com
11,11,0,1,0,0,0,0,0,0.7619047619047619,0.9054545454545454,0,-1,-1,paypal.club
28,28,0,1,3,0,3,0,0,0.3414634146341463,0.4543956043956044,0,-1,-1,secure-auth-713-citibank.com
24,24,0,1,3,0,3,0,0,0.3783783783783784,0.5662393162393162,0,-1,-1,secure-auth-799-hsbc.com
26,26,0,1,3,0,3,0,0,0.3589743589743589,0.44943019943019946,0,-1,-1,secure-auth-560-github.com
26,26,0,1,3,0,3,0,0,0.5555555555555556,0.4256410256410256,0,-1,-1,secure-auth-438-paypal.com
32,32,0,2,3,0,3,0,0,0.5263157894736843,0.6851851851851851,0,-1,-1,secure-auth-267-portal.azure.com
32,32,0,2,3,0,3,0,0,0.5263157894736843,0.6851851851851851,0,-1,-1,secure-auth-992-portal.azure.com
26,26,0,1,3,0,3,0,0,0.3589743589743589,0.452991452991453,0,-1,-1,secure-auth-878-amazon.com
12,12,0,1,0,0,0,0,0,0.2857142857142857,0.5092592592592592,0,-1,-1,stanfkrd.edu
27,27,0,1,3,0,3,0,0,0.19999999999999996,0.4246913580246914,0,-1,-1,secure-auth-266-harvard.edu
8,8,0,1,0,0,0,0,0,0.4444444444444444,0.5750000000000001,0,-1,-1,slack.co
25,25,0,1,3,0,3,0,0,0.368421052631579,0.4615384615384615,0,-1,-1,secure-auth-784-slack.com
27,27,0,1,3,0,3,0,0,0.19999999999999996,0.4246913580246914,0,-1,-1,secure-auth-964-harvard.edu
33,33,0,1,3,0,3,0,0,0.34782608695652173,0.5070707070707071,0,-1,-1,secure-auth-335-bankofamerica.com
28,28,0,1,3,0,3,0,0,0.3414634146341463,0.5113756613756614,0,-1,-1,secure-auth-350-linkedin.com
11,11,0,1,0,0,0,0,0,0.5714285714285714,0.7590909090909091,0,-1,-1,barclay.com
25,25,0,1,3,0,3,0,0,0.4,0.4266666666666667,0,-1,-1,secure-auth-826-apple.com
25,25,0,2,3,0,3,0,0,0.2941176470588235,0.47333333333333333,0,-1,-1,secure-auth-987-cam.ac.uk
30,30,0,1,3,0,3,0,0,0.37209302325581395,0.44273504273504277,0,-1,-1,secure-auth-335-wellsfargo.com
24,24,0,2,3,0,3,0,0,0.303030303030303,0.5148046398046398,0,-1,-1,secure-auth-492-ox.ac.uk
28,28,0,1,3,0,3,0,0,0.24390243902439024,0.469047619047619,0,-1,-1,secure-auth-199-stanford.edu
17,17,0,1,0,0,0,0,0,0.4666666666666667,0.5703242835595778,0,-1,-1,bwnkofamerica.com
25,25,0,1,3,0,3,0,0,0.368421052631579,0.4615384615384615,0,-1,-1,secure-auth-205-slack.com
33,33,0,1,3,0,3,0,0,0.34782608695652173,0.5070707070707071,0,-1,-1,secure-auth-242-bankofamerica.com
23,23,0,1,3,0,3,0,0,0.2222222222222222,0.47681159420289854,0,-1,-1,secure-auth-414-mit.edu
25,25,0,1,3,0,3,0,0,0.368421052631579,0.4615384615384615,0,-1,-1,secure-auth-465-slack.com
24,24,0,2,3,0,3,0,0,0.303030303030303,0.5148046398046398,0,-1,-1,secure-auth-552-ox.ac.uk
11,11,0,1,0,0,0,0,0,0.5833333333333333,0.7151515151515152,0,-1,-1,spotiry.com
19,19,0,1,3,0,1,0,0,0.375,0.5954790823211876,1,-1,-1,xn--citibnk-6fg.com
25,25,0,1,3,0,3,0,0,0.368421052631579,0.4615384615384615,0,-1,-1,secure-auth-269-chase.com
24,24,0,2,3,0,3,0,0,0.303030303030303,0.5148046398046398,0,-1,-1,secure-auth-602-ox.ac.uk
26,26,0,1,3,0,3,0,0,0.5555555555555556,0.47179487179487173,0,-1,-1,secure-auth-658-google.com
25,25,0,1,3,0,3,0,0,0.368421052631579,0.47333333333333333,0,-1,-1,secure-auth-301-adobe.com
9,9,0,2,0,0,0,0,0,0.4444444444444444,0.5462962962962963,0,-1,-1,can.ac.uk
7,7,0,1,0,0,0,0,0,0.375,0.49523809523809526,0,-1,-1,cam.net
27,27,0,1,3,0,3,0,0,0.44999999999999996,0.4703703703703703,0,-1,-1,secure-auth-228-spotify.com
25,25,0,1,3,0,3,0,0,0.4,0.4266666666666667,0,-1,-1,secure-auth-664-apple.com
27,27,0,1,3,0,3,0,0,0.19999999999999996,0.4246913580246914,0,-1,-1,secure-auth-759-harvard.edu
27,27,0,1,3,0,3,0,0,0.4,0.4703703703703703,0,-1,-1,secure-auth-785-dropbox.com
15,15,0,1,1,0,0,0,0,0.31999999999999995,0.5444444444444444,0,-1,-1,support-mit.edu
25,25,0,1,3,0,3,0,0,0.368421052631579,0.47333333333333333,0,-1,-1,secure-auth-329-adobe.com
25,25,0,1,3,0,3,0,0,0.368421052631579,0.47333333333333333,0,-1,-1,secure-auth-621-adobe.com
16,16,0,1,3,0,1,0,0,0.4137931034482759,0.6121794871794872,1,-1,-1,xn--lack-f9d.com
17,17,0,1,1,0,0,0,0,0.7407407407407407,0.9176470588235295,0,-1,-1,google-verify.com
28,28,0,1,3,0,3,0,0,0.3414634146341463,0.4543956043956044,0,-1,-1,secure-auth-980-citibank.com
27,27,0,1,3,0,3,0,0,0.19999999999999996,0.4246913580246914,0,-1,-1,secure-auth-847-harvard.edu
26,26,0,1,3,0,3,0,0,0.3589743589743589,0.44943019943019946,0,-1,-1,secure-auth-381-github.com
25,25,0,1,3,0,3,0,0,0.368421052631579,0.4615384615384615,0,-1,-1,secure-auth-611-chase.com
29,29,0,1,3,0,3,0,0,0.6190476190476191,0.45042314007831247,0,-1,-1,secure-auth-480-microsoft.com
12,12,0,1,0,0,0,0,0,0.5454545454545454,0.7388888888888889,0,-1,-1,barclasy.com
11,11,0,1,0,0,0,0,0,0.5,0.6515151515151515,0,-1,-1,taitter.com
32,32,0,2,3,0,3,0,0,0.5263157894736843,0.6851851851851851,0,-1,-1,secure-auth-413-portal.azure.com
23,23,0,1,3,0,3,0,0,0.2777777777777778,0.5246376811594203,0,-1,-1,secure-auth-598-zoom.us
26,26,0,1,3,0,3,0,0,0.3589743589743589,0.452991452991453,0,-1,-1,secure-auth-695-amazon.com
23,23,0,1,3,0,3,0,0,0.2222222222222222,0.47681159420289854,0,-1,-1,secure-auth-474-mit.edu
30,30,0,3,3,0,3,0,0,1.0,1.0,0,-1,-1,secure-auth-805-vtop.vit.ac.in
30,30,0,1,3,0,3,0,0,0.37209302325581395,0.48888888888888893,0,-1,-1,secure-auth-181-salesforce.com
25,25,0,2,3,0,3,0,0,0.2941176470588235,0.47333333333333333,0,-1,-1,secure-auth-773-cam.ac.uk
26,26,0,1,3,0,3,0,0,0.5555555555555556,0.4256410256410256,0,-1,-1,secure-auth-417-paypal.com
25,25,0,2,3,0,3,0,0,0.2941176470588235,0.47333333333333333,0,-1,-1,secure-auth-865-cam.ac.uk
28,28,0,1,3,0,3,0,0,0.368421052631579,0.4543956043956044,0,-1,-1,secure-auth-419-barclays.com
6,6,0,1,0,0,0,0,0,0.375,0.6,0,-1,-1,oom.us
29,29,0,1,3,0,3,0,0,0.38095238095238093,0.509323116219668,0,-1,-1,secure-auth-195-instagram.com
27,27,0,1,3,0,3,0,0,0.35,0.44753086419753085,0,-1,-1,secure-auth-566-twitter.com
11,11,0,1,0,0,0,0,0,0.5714285714285714,0.7311688311688312,0,-1,-1,deopbox.com
30,30,0,3,3,0,3,0,0,1.0,1.0,0,-1,-1,secure-auth-327-vtop.vit.ac.in
24,24,0,2,3,0,3,0,0,0.303030303030303,0.5148046398046398,0,-1,-1,secure-auth-978-ox.ac.uk
26,26,0,1,3,0,3,0,0,0.5555555555555556,0.47179487179487173,0,-1,-1,secure-auth-679-google.com
10,10,0,1,0,0,0,0,0,0.4347826086956522,0.6509157509157509,0,-1,-1,spotify.cc
14,14,0,1,1,0,0,0,0,0.2962962962962963,0.5366300366300366,0,-1,-1,verify-zoom.us
26,26,0,1,3,0,3,0,0,0.5555555555555556,0.47179487179487173,0,-1,-1,secure-auth-829-google.com
29,29,0,1,3,0,3,0,0,0.38095238095238093,0.509323116219668,0,-1,-1,secure-auth-643-instagram.com
18,18,0,1,1,0,0,0,0,0.5161290322580645,0.6196581196581197,0,-1,-1,amazon-account.com
28,28,0,1,3,0,3,0,0,0.368421052631579,0.4543956043956044,0,-1,-1,secure-auth-411-barclays.com
25,25,0,1,3,0,3,0,0,0.368421052631579,0.4615384615384615,0,-1,-1,secure-auth-822-chase.com
11,11,0,1,0,0,0,0,0,0.30000000000000004,0.5242424242424243,0,-1,-1,harvafd.edu
11,11,0,1,0,0,1,0,0,0.47619047619047616,0.6595959595959596,0,-1,-1,netfl1x.com
23,23,0,1,3,0,3,0,0,0.2222222222222222,0.47681159420289854,0,-1,-1,secure-auth-866-mit.edu
33,33,0,1,3,0,3,0,0,0.34782608695652173,0.5070707070707071,0,-1,-1,secure-auth-676-bankofamerica.com
16,16,0,1,3,0,2,0,0,0.4137931034482759,0.6121794871794872,1,-1,-1,xn--chse-63d.com
29,29,0,1,3,0,3,0,0,0.38095238095238093,0.509323116219668,0,-1,-1,secure-auth-746-instagram.com
12,12,0,1,0,0,0,0,0,0.38095238095238093,0.5888888888888889,0,-1,-1,barclays.biz
28,28,0,1,3,0,3,0,0,0.3902439024390244,0.5009157509157509,0,-1,-1,secure-auth-488-facebook.com
28,28,0,1,3,0,3,0,0,0.368421052631579,0.4543956043956044,0,-1,-1,secure-auth-633-barclays.com
13,13,0,1,0,0,1,0,0,0.9230769230769231,0.9538461538461539,0,-1,-1,m1crosoft.com
11,11,0,1,0,0,1,0,0,0.5833333333333333,0.7151515151515152,0,-1,-1,spot1fy.com
23,23,0,1,3,0,3,0,0,0.2222222222222222,0.47681159420289854,0,-1,-1,secure-auth-580-mit.edu
27,27,0,1,3,0,3,0,0,0.35,0.44753086419753085,0,-1,-1,secure-auth-655-twitter.com
23,23,0,1,3,0,3,0,0,0.2777777777777778,0.5246376811594203,0,-1,-1,secure-auth-610-zoom.us
17,17,0,1,1,0,0,0,0,0.4666666666666667,0.6086834733893558,0,-1,-1,slack-account.com
12,12,0,1,0,0,1,0,0,0.48,0.6444444444444445,0,-1,-1,faceb0ok.com
11,11,0,1,0,0,0,0,0,0.5833333333333333,0.7257187257187256,0,-1,-1,spoitfy.com
26,26,0,1,3,0,3,0,0,0.3589743589743589,0.452991452991453,0,-1,-1,secure-auth-621-amazon.com
27,27,0,1,3,0,3,0,0,0.19999999999999996,0.4246913580246914,0,-1,-1,secure-auth-812-harvard.edu
23,23,0,1,3,0,3,0,0,0.2222222222222222,0.47681159420289854,0,-1,-1,secure-auth-137-mit.edu
9,9,0,1,0,0,0,0,0,0.8421052631578947,0.9377777777777778,0,-1,-1,google.ml
15,15,0,1,0,0,0,0,0,0.31999999999999995,0.5731379731379732,0,-1,-1,salesforce.club
30,30,0,1,3,0,3,0,0,0.37209302325581395,0.44273504273504277,0,-1,-1,secure-auth-504-wellsfargo.com
26,26,0,1,3,0,3,0,0,0.3589743589743589,0.452991452991453,0,-1,-1,secure-auth-889-amazon.com
25,25,0,1,3,0,3,0,0,0.368421052631579,0.4615384615384615,0,-1,-1,secure-auth-156-slack.com
27,27,0,1,3,0,3,0,0,0.35,0.44753086419753085,0,-1,-1,secure-auth-147-netflix.com
12,12,0,1,0,0,0,0,0,0.56,0.7388888888888889,0,-1,-1,bacrlays.com
28,28,0,1,3,0,3,0,0,0.24390243902439024,0.469047619047619,0,-1,-1,secure-auth-689-stanford.edu
27,27,0,1,3,0,3,0,0,0.35,0.44753086419753085,0,-1,-1,secure-auth-720-netflix.com
25,25,0,1,3,0,3,0,0,0.4,0.4266666666666667,0,-1,-1,secure-auth-268-apple.com
26,26,0,1,3,0,3,0,0,0.3589743589743589,0.452991452991453,0,-1,-1,secure-auth-902-amazon.com
27,27,0,1,3,0,3,0,0,0.35,0.44753086419753085,0,-1,-1,secure-auth-166-netflix.com
27,27,0,1,3,0,3,0,0,0.4,0.4703703703703703,0,-1,-1,secure-auth-125-dropbox.com
30,30,0,1,3,0,3,0,0,0.37209302325581395,0.48888888888888893,0,-1,-1,secure-auth-663-salesforce.com
30,30,0,3,3,0,3,0,0,1.0,1.0,0,-1,-1,secure-auth-537-vtop.vit.ac.in
28,28,0,1,3,0,3,0,0,0.3414634146341463,0.4543956043956044,0,-1,-1,secure-auth-945-citibank.com
27,27,0,1,3,0,3,0,0,0.35,0.44753086419753085,0,-1,-1,secure-auth-268-twitter.com
11,11,0,1,0,0,0,0,0,0.5833333333333333,0.724941724941725,0,-1,-1,drpobox.com
12,12,0,1,0,0,0,0,0,0.5454545454545454,0.6658730158730158,0,-1,-1,faceblok.com
32,32,0,2,3,0,3,0,0,0.5263157894736843,0.6851851851851851,0,-1,-1,secure-auth-768-portal.azure.com
25,25,0,1,3,0,3,0,0,0.368421052631579,0.4615384615384615,0,-1,-1,secure-auth-241-slack.com
25,25,0,1,3,0,3,0,0,0.368421052631579,0.4615384615384615,0,-1,-1,secure-auth-271-chase.com
12,12,0,1,0,0,0,0,0,0.56,0.6120268620268621,0,-1,-1,istagram.com
30,30,0,1,3,0,3,0,0,0.37209302325581395,0.48888888888888893,0,-1,-1,secure-auth-694-salesforce.com
11,11,0,1,0,0,0,0,0,0.5714285714285714,0.7311688311688312,0,-1,-1,brclays.com
14,14,0,1,1,0,0,0,0,0.33333333333333337,0.5523809523809524,0,-1,-1,portal-mit.edu
20,20,0,1,1,0,0,0,0,0.4666666666666667,0.6301282051282051,0,-1,-1,account-barclays.com
30,30,0,3,3,0,3,0,0,1.0,1.0,0,-1,-1,secure-auth-715-vtop.vit.ac.in
32,32,0,2,3,0,3,0,0,0.5263157894736843,0.6851851851851851,0,-1,-1,secure-auth-738-portal.azure.com
26,26,0,1,3,0,3,0,0,0.5555555555555556,0.47179487179487173,0,-1,-1,secure-auth-883-google.com
29,29,0,1,3,0,3,0,0,0.38095238095238093,0.509323116219668,0,-1,-1,secure-auth-389-instagram.com
32,32,0,2,3,0,3,0,0,0.5263157894736843,0.6851851851851851,0,-1,-1,secure-auth-711-portal.azure.com
17,17,0,1,0,0,0,0,0,0.4666666666666667,0.5703242835595778,0,-1,-1,bankofqmerica.com
28,28,0,1,3,0,3,0,0,0.3902439024390244,0.5009157509157509,0,-1,-1,secure-auth-756-facebook.com
18,18,0,1,1,0,0,0,0,0.3571428571428571,0.5333333333333333,0,-1,-1,harvard-portal.edu
9,9,0,1,0,0,0,0,0,0.5263157894736843,0.6851851851851851,0,-1,-1,adkbe.com
29,29,0,1,3,0,3,0,0,0.38095238095238093,0.509323116219668,0,-1,-1,secure-auth-553-instagram.com
26,26,0,1,3,0,3,0,0,0.5555555555555556,0.47179487179487173,0,-1,-1,secure-auth-532-google.com
8,8,0,2,0,0,0,0,0,0.47058823529411764,0.6481481481481481,0,-1,-1,am.ac.uk
28,28,0,1,3,0,3,0,0,0.24390243902439024,0.469047619047619,0,-1,-1,secure-auth-407-stanford.edu
25,25,0,1,3,0,3,0,0,0.368421052631579,0.47333333333333333,0,-1,-1,secure-auth-489-adobe.com
25,25,0,1,3,0,3,0,0,0.4,0.4266666666666667,0,-1,-1,secure-auth-347-apple.com
33,33,0,1,3,0,3,0,0,0.34782608695652173,0.5070707070707071,0,-1,-1,secure-auth-111-bankofamerica.com
12,12,0,1,0,0,0,0,0,0.4545454545454546,0.638888888888889,0,-1,-1,linkwdin.com
19,19,0,1,1,0,0,0,0,0.48275862068965514,0.6651821862348178,0,-1,-1,instagram-login.com
15,15,0,1,1,0,0,0,0,0.56,0.7592592592592592,0,-1,-1,adobe-login.com
7,7,0,1,0,0,0,0,0,0.30000000000000004,0.5026455026455027,0,-1,-1,mig.edu
27,27,0,1,3,0,3,0,0,0.19999999999999996,0.4246913580246914,0,-1,-1,secure-auth-865-harvard.edu
25,25,0,1,3,0,3,0,0,0.368421052631579,0.4615384615384615,0,-1,-1,secure-auth-970-chase.com
11,11,0,1,0,0,0,0,0,0.5,0.6595959595959596,0,-1,-1,netflis.com
17,17,0,1,1,0,0,0,0,0.4444444444444444,0.6509803921568628,0,-1,-1,github-update.com
29,29,0,1,3,0,3,0,0,0.6190476190476191,0.45042314007831247,0,-1,-1,secure-auth-513-microsoft.com
32,32,0,2,3,0,3,0,0,0.5263157894736843,0.6851851851851851,0,-1,-1,secure-auth-319-portal.azure.com
16,16,0,1,1,0,0,0,0,0.46153846153846156,0.6110347985347985,0,-1,-1,verify-azure.com
14,14,0,1,0,0,0,0,0,0.5185185185185186,0.6456043956043956,0,-1,-1,wrllsfargo.com
11,11,0,1,0,0,0,0,0,0.5833333333333333,0.7257187257187256,0,-1,-1,spotifh.com
25,25,0,2,3,0,3,0,0,0.2941176470588235,0.47333333333333333,0,-1,-1,secure-auth-509-cam.ac.uk
26,26,0,1,3,0,3,0,0,0.5555555555555556,0.4256410256410256,0,-1,-1,secure-auth-803-paypal.com
27,27,0,1,3,0,3,0,0,0.44999999999999996,0.4703703703703703,0,-1,-1,secure-auth-832-spotify.com
24,24,0,1,3,0,3,0,0,0.3783783783783784,0.5662393162393162,0,-1,-1,secure-auth-314-hsbc.com
25,25,0,1,3,0,3,0,0,0.4,0.4266666666666667,0,-1,-1,secure-auth-452-apple.com
28,28,0,1,3,0,3,0,0,0.368421052631579,0.4543956043956044,0,-1,-1,secure-auth-507-barclays.com
24,24,0,2,3,0,3,0,0,0.303030303030303,0.5148046398046398,0,-1,-1,secure-auth-270-ox.ac.uk
25,25,0,1,3,0,3,0,0,0.4,0.4266666666666667,0,-1,-1,secure-auth-182-apple.com
22,22,0,1,1,0,0,0,0,0.5,0.6412587412587413,0,-1,-1,support-salesforce.com
14,14,0,1,0,0,0,0,0,0.5,0.638095238095238,0,-1,-1,salesfoece.com
9,9,0,1,0,0,0,0,0,0.5263157894736843,0.6851851851851851,0,-1,-1,vhase.com
25,25,0,1,3,0,3,0,0,0.4,0.4266666666666667,0,-1,-1,secure-auth-796-apple.com
28,28,0,1,3,0,3,0,0,0.24390243902439024,0.469047619047619,0,-1,-1,secure-auth-614-stanford.edu
12,12,0,1,0,0,0,0,0,0.5454545454545454,0.6444444444444445,0,-1,-1,ciyibank.com
29,29,0,1,3,0,3,0,0,0.6190476190476191,0.45042314007831247,0,-1,-1,secure-auth-918-microsoft.com
26,26,0,1,3,0,3,0,0,0.3589743589743589,0.452991452991453,0,-1,-1,secure-auth-900-amazon.com
11,11,0,1,0,0,0,0,0,0.30000000000000004,0.5242424242424243,0,-1,-1,harvarx.edu
27,27,0,1,3,0,3,0,0,0.44999999999999996,0.4703703703703703,0,-1,-1,secure-auth-337-spotify.com
30,30,0,3,3,0,3,0,0,1.0,1.0,0,-1,-1,secure-auth-283-vtop.vit.ac.in
25,25,0,1,3,0,3,0,0,0.368421052631579,0.4615384615384615,0,-1,-1,secure-auth-372-slack.com
27,27,0,1,3,0,3,0,0,0.44999999999999996,0.4703703703703703,0,-1,-1,secure-auth-120-spotify.com
25,25,0,1,3,0,3,0,0,0.368421052631579,0.47333333333333333,0,-1,-1,secure-auth-225-adobe.com
12,12,0,1,0,0,0,0,0,0.48,0.6441798941798942,0,-1,-1,citibanj.com
27,27,0,1,3,0,3,0,0,0.4,0.4703703703703703,0,-1,-1,secure-auth-769-dropbox.com
26,26,0,1,3,0,3,0,0,0.3589743589743589,0.452991452991453,0,-1,-1,secure-auth-985-amazon.com
26,26,0,1,3,0,3,0,0,0.5555555555555556,0.4256410256410256,0,-1,-1,secure-auth-901-paypal.com
11,11,0,1,0,0,0,0,0,0.25,0.47972027972027975,0,-1,-1,stnford.edu
28,28,0,1,3,0,3,0,0,0.24390243902439024,0.469047619047619,0,-1,-1,secure-auth-425-stanford.edu
26,26,0,1,3,0,3,0,0,0.5555555555555556,0.4256410256410256,0,-1,-1,secure-auth-245-paypal.com
25,25,0,2,3,0,3,0,0,0.2941176470588235,0.47333333333333333,0,-1,-1,secure-auth-845-cam.ac.uk
26,26,0,1,3,0,3,0,0,0.5555555555555556,0.47179487179487173,0,-1,-1,secure-auth-685-google.com
28,28,0,1,3,0,3,0,0,0.3414634146341463,0.4543956043956044,0,-1,-1,secure-auth-676-citibank.com
25,25,0,1,3,0,3,0,0,0.368421052631579,0.4615384615384615,0,-1,-1,secure-auth-956-chase.com
28,28,0,1,3,0,3,0,0,0.3414634146341463,0.5113756613756614,0,-1,-1,secure-auth-571-linkedin.com
25,25,0,2,3,0,3,0,0,0.2941176470588235,0.47333333333333333,0,-1,-1,secure-auth-928-cam.ac.uk
27,27,0,1,3,0,3,0,0,0.44999999999999996,0.4703703703703703,0,-1,-1,secure-auth-777-spotify.com
11,11,0,1,0,0,0,0,0,0.5833333333333333,0.7151515151515152,0,-1,-1,spotjfy.com
30,30,0,1,3,0,3,0,0,0.37209302325581395,0.48888888888888893,0,-1,-1,secure-auth-403-salesforce.com
14,14,0,1,0,0,0,0,0,0.5,0.6672771672771672,0,-1,-1,salesfocre.com
20,20,0,1,3,0,2,0,0,0.4242424242424242,0.5467948717948717,1,-1,-1,xn--instagrm-76g.com
27,27,0,1,3,0,3,0,0,0.35,0.44753086419753085,0,-1,-1,secure-auth-903-twitter.com
26,26,0,1,3,0,3,0,0,0.3589743589743589,0.44943019943019946,0,-1,-1,secure-auth-856-github.com
28,28,0,1,3,0,3,0,0,0.3414634146341463,0.5113756613756614,0,-1,-1,secure-auth-745-linkedin.com
14,14,0,1,0,0,0,0,0,0.5,0.6672771672771672,0,-1,-1,saldsforce.com
12,12,0,1,0,0,0,0,0,0.5454545454545454,0.7134920634920635,0,-1,-1,barclzys.com
9,9,0,2,0,0,0,0,0,0.4444444444444444,0.5462962962962963,0,-1,-1,xam.ac.uk
10,10,0,1,0,0,0,0,0,0.6086956521739131,0.7333333333333334,0,-1,-1,drobox.com
9,9,0,1,0,0,0,0,0,0.3157894736842105,0.5444444444444444,0,-1,-1,adobe.xyz
26,26,0,1,3,0,3,0,0,0.3589743589743589,0.44943019943019946,0,-1,-1,secure-auth-639-github.com
27,27,0,1,3,0,3,0,0,0.4,0.4703703703703703,0,-1,-1,secure-auth-968-dropbox.com
7,7,0,1,0,0,0,0,0,0.5,0.6571428571428571,0,-1,-1,sbc.com
25,25,0,1,3,0,3,0,0,0.4,0.4266666666666667,0,-1,-1,secure-auth-472-apple.com
32,32,0,2,3,0,3,0,0,0.5263157894736843,0.6851851851851851,0,-1,-1,secure-auth-827-portal.azure.com
9,9,0,1,0,0,0,0,0,0.5263157894736843,0.6851851851851851,0,-1,-1,adobr.com
28,28,0,1,3,0,3,0,0,0.24390243902439024,0.469047619047619,0,-1,-1,secure-auth-493-stanford.edu
28,28,0,1,3,0,3,0,0,0.24390243902439024,0.469047619047619,0,-1,-1,secure-auth-233-stanford.edu
28,28,0,1,3,0,3,0,0,0.3414634146341463,0.5113756613756614,0,-1,-1,secure-auth-565-linkedin.com
25,25,0,1,3,0,3,0,0,0.368421052631579,0.4615384615384615,0,-1,-1,secure-auth-913-slack.com
29,29,0,1,3,0,3,0,0,0.6190476190476191,0.45042314007831247,0,-1,-1,secure-auth-149-microsoft.com
23,23,0,1,3,0,3,0,0,0.2222222222222222,0.47681159420289854,0,-1,-1,secure-auth-650-mit.edu
30,30,0,3,3,0,3,0,0,1.0,1.0,0,-1,-1,secure-auth-975-vtop.vit.ac.in
25,25,0,1,3,0,3,0,0,0.4,0.4266666666666667,0,-1,-1,secure-auth-203-apple.com
21,21,0,1,1,0,0,0,0,0.3870967741935484,0.5958485958485958,0,-1,-1,salesforce-secure.com
26,26,0,1,3,0,3,0,0,0.5555555555555556,0.47179487179487173,0,-1,-1,secure-auth-413-google.com
15,15,0,1,1,0,0,0,0,0.5,0.6745726495726495,0,-1,-1,hsbc-verify.com
26,26,0,1,3,0,3,0,0,0.3589743589743589,0.44943019943019946,0,-1,-1,secure-auth-552-github.com
25,25,0,2,3,0,3,0,0,0.2941176470588235,0.47333333333333333,0,-1,-1,secure-auth-301-cam.ac.uk
29,29,0,1,3,0,3,0,0,0.6190476190476191,0.45042314007831247,0,-1,-1,secure-auth-656-microsoft.com
12,12,0,1,0,0,0,0,0,0.48,0.6917989417989419,0,-1,-1,ditibank.com
27,27,0,1,3,0,3,0,0,0.4,0.4703703703703703,0,-1,-1,secure-auth-500-dropbox.com
30,30,0,3,3,0,3,0,0,1.0,1.0,0,-1,-1,secure-auth-591-vtop.vit.ac.in
30,30,0,1,3,0,3,0,0,0.37209302325581395,0.48888888888888893,0,-1,-1,secure-auth-843-salesforce.com
28,28,0,1,3,0,3,0,0,0.3902439024390244,0.5009157509157509,0,-1,-1,secure-auth-167-facebook.com
25,25,0,1,3,0,3,0,0,0.368421052631579,0.4615384615384615,0,-1,-1,secure-auth-154-slack.com
29,29,0,1,3,0,3,0,0,0.6190476190476191,0.45042314007831247,0,-1,-1,secure-auth-696-microsoft.com
25,25,0,1,3,0,3,0,0,0.368421052631579,0.4615384615384615,0,-1,-1,secure-auth-401-chase.com
25,25,0,1,3,0,3,0,0,0.368421052631579,0.4615384615384615,0,-1,-1,secure-auth-686-slack.com
28,28,0,1,3,0,3,0,0,0.3902439024390244,0.5009157509157509,0,-1,-1,secure-auth-979-facebook.com
14,14,0,1,0,0,0,0,0,0.5,0.6039377289377289,0,-1,-1,wlelsfargo.com
28,28,0,1,3,0,3,0,0,0.3902439024390244,0.5009157509157509,0,-1,-1,secure-auth-294-facebook.com
32,32,0,2,3,0,3,0,0,0.5263157894736843,0.6851851851851851,0,-1,-1,secure-auth-782-portal.azure.com
27,27,0,1,3,0,3,0,0,0.35,0.44753086419753085,0,-1,-1,secure-auth-620-twitter.com
11,11,0,1,0,0,0,0,0,0.30000000000000004,0.46060606060606063,0,-1,-1,hwrvard.edu
19,19,0,1,1,0,0,0,0,0.5,0.6108861898335581,0,-1,-1,twitter-account.com
21,21,0,1,1,0,0,0,0,0.4516129032258065,0.5588115588115589,0,-1,-1,portal-wellsfargo.com
25,25,0,2,3,0,3,0,0,0.2941176470588235,0.47333333333333333,0,-1,-1,secure-auth-591-cam.ac.uk
28,28,0,1,3,0,3,0,0,0.368421052631579,0.4543956043956044,0,-1,-1,secure-auth-381-barclays.com
18,18,0,1,1,0,0,0,0,0.7142857142857143,0.8911111111111111,0,-1,-1,paypal-support.com
28,28,0,1,3,0,3,0,0,0.3902439024390244,0.5009157509157509,0,-1,-1,secure-auth-916-facebook.com
29,29,0,1,3,0,3,0,0,0.38095238095238093,0.509323116219668,0,-1,-1,secure-auth-818-instagram.com
33,33,0,1,3,0,3,0,0,0.34782608695652173,0.5070707070707071,0,-1,-1,secure-auth-708-bankofamerica.com
30,30,0,3,3,0,3,0,0,1.0,1.0,0,-1,-1,secure-auth-449-vtop.vit.ac.in
25,25,0,2,3,0,3,0,0,0.2941176470588235,0.47333333333333333,0,-1,-1,secure-auth-811-cam.ac.uk
18,18,0,1,1,0,0,0,0,0.5161290322580645,0.6111111111111112,0,-1,-1,github-account.com
30,30,0,3,3,0,3,0,0,1.0,1.0,0,-1,-1,secure-auth-114-vtop.vit.ac.in
29,29,0,1,3,0,3,0,0,0.6190476190476191,0.45042314007831247,0,-1,-1,secure-auth-684-microsoft.com
25,25,0,1,3,0,3,0,0,0.368421052631579,0.4615384615384615,0,-1,-1,secure-auth-537-chase.com
33,33,0,1,3,0,3,0,0,0.34782608695652173,0.5070707070707071,0,-1,-1,secure-auth-918-bankofamerica.com
17,17,0,1,1,0,0,0,0,0.5333333333333333,0.653657616892911,0,-1,-1,chase-support.com
28,28,0,1,3,0,3,0,0,0.368421052631579,0.4543956043956044,0,-1,-1,secure-auth-892-barclays.com
32,32,0,2,3,0,3,0,0,0.5263157894736843,0.6851851851851851,0,-1,-1,secure-auth-868-portal.azure.com
30,30,0,1,3,0,3,0,0,0.37209302325581395,0.44273504273504277,0,-1,-1,secure-auth-856-wellsfargo.com
12,12,0,1,0,0,0,0,0,0.36363636363636365,0.6658730158730158,0,-1,-1,barclays.top
12,12,0,1,0,0,0,0,0,0.36363636363636365,0.5722222222222223,0,-1,-1,harvard.club
26,26,0,1,3,0,3,0,0,0.5555555555555556,0.47179487179487173,0,-1,-1,secure-auth-741-google.com
27,27,0,1,3,0,3,0,0,0.19999999999999996,0.4246913580246914,0,-1,-1,secure-auth-494-harvard.edu
25,25,0,1,3,0,3,0,0,0.368421052631579,0.4615384615384615,0,-1,-1,secure-auth-547-slack.com
17,17,0,1,1,0,0,0,0,0.7407407407407407,0.8294117647058824,0,-1,-1,verify-paypal.com
27,27,0,1,3,0,3,0,0,0.35,0.44753086419753085,0,-1,-1,secure-auth-273-netflix.com
33,33,0,1,3,0,3,0,0,0.34782608695652173,0.5070707070707071,0,-1,-1,secure-auth-852-bankofamerica.com
27,27,0,1,3,0,3,0,0,0.4,0.4703703703703703,0,-1,-1,secure-auth-642-dropbox.com
13,13,0,1,0,0,0,0,0,0.5384615384615384,0.6602564102564102,0,-1,-1,instagrsm.com
12,12,0,1,0,0,0,0,0,0.96,0.9743589743589745,0,-1,-1,icrosoft.com
25,25,0,1,3,0,3,0,0,0.368421052631579,0.4615384615384615,0,-1,-1,secure-auth-665-slack.com
27,27,0,1,3,0,3,0,0,0.19999999999999996,0.4246913580246914,0,-1,-1,secure-auth-149-harvard.edu
26,26,0,1,3,0,3,0,0,0.5555555555555556,0.4256410256410256,0,-1,-1,secure-auth-900-paypal.com
26,26,0,1,3,0,3,0,0,0.3589743589743589,0.44943019943019946,0,-1,-1,secure-auth-269-github.com
32,32,0,2,3,0,3,0,0,0.5263157894736843,0.6851851851851851,0,-1,-1,secure-auth-602-portal.azure.com
33,33,0,1,3,0,3,0,0,0.34782608695652173,0.5070707070707071,0,-1,-1,secure-auth-753-bankofamerica.com
12,12,0,1,0,0,0,0,0,0.96,0.9794871794871796,0,-1,-1,mirosoft.com
16,16,0,2,0,0,0,0,0,0.5263157894736843,0.6851851851851851,0,-1,-1,portal.azude.com
26,26,0,1,3,0,3,0,0,0.5555555555555556,0.47179487179487173,0,-1,-1,secure-auth-246-google.com
26,26,0,1,3,0,3,0,0,0.3589743589743589,0.44943019943019946,0,-1,-1,secure-auth-159-github.com
25,25,0,1,3,0,3,0,0,0.4,0.4266666666666667,0,-1,-1,secure-auth-922-apple.com
33,33,0,1,3,0,3,0,0,0.34782608695652173,0.5070707070707071,0,-1,-1,secure-auth-385-bankofamerica.com
30,30,0,3,3,0,3,0,0,1.0,1.0,0,-1,-1,secure-auth-290-vtop.vit.ac.in
32,32,0,2,3,0,3,0,0,0.5263157894736843,0.6851851851851851,0,-1,-1,secure-auth-706-portal.azure.com
13,13,0,1,0,0,0,0,0,0.9230769230769231,0.9192307692307693,0,-1,-1,micrpsoft.com
28,28,0,1,3,0,3,0,0,0.3902439024390244,0.5009157509157509,0,-1,-1,secure-auth-563-facebook.com
10,10,0,1,0,0,0,0,0,0.3157894736842105,0.5333333333333333,0,-1,-1,harvad.edu
25,25,0,2,3,0,3,0,0,0.2941176470588235,0.47333333333333333,0,-1,-1,secure-auth-276-cam.ac.uk
24,24,0,2,3,0,3,0,0,0.303030303030303,0.5148046398046398,0,-1,-1,secure-auth-186-ox.ac.uk
28,28,0,1,3,0,3,0,0,0.3414634146341463,0.5113756613756614,0,-1,-1,secure-auth-315-linkedin.com
17,17,0,1,1,0,0,0,0,0.23076923076923073,0.47657952069716775,0,-1,-1,login-harvard.edu
27,27,0,1,3,0,3,0,0,0.35,0.44753086419753085,0,-1,-1,secure-auth-521-twitter.com
13,13,0,1,0,0,0,0,0,0.9230769230769231,0.9692307692307692,0,-1,-1,microxoft.com
28,28,0,1,3,0,3,0,0,0.24390243902439024,0.469047619047619,0,-1,-1,secure-auth-167-stanford.edu
29,29,0,1,3,0,3,0,0,0.38095238095238093,0.509323116219668,0,-1,-1,secure-auth-413-instagram.com
17,17,0,1,0,0,0,0,0,0.4666666666666667,0.5703242835595778,0,-1,-1,bankoafmerica.com
30,30,0,1,3,0,3,0,0,0.37209302325581395,0.48888888888888893,0,-1,-1,secure-auth-647-salesforce.com
30,30,0,1,3,0,3,0,0,0.37209302325581395,0.44273504273504277,0,-1,-1,secure-auth-357-wellsfargo.com
28,28,0,1,3,0,3,0,0,0.24390243902439024,0.469047619047619,0,-1,-1,secure-auth-544-stanford.edu
25,25,0,1,3,0,3,0,0,0.368421052631579,0.47333333333333333,0,-1,-1,secure-auth-698-adobe.com
28,28,0,1,3,0,3,0,0,0.24390243902439024,0.469047619047619,0,-1,-1,secure-auth-541-stanford.edu
30,30,0,3,3,0,3,0,0,1.0,1.0,0,-1,-1,secure-auth-131-vtop.vit.ac.in
27,27,0,1,3,0,3,0,0,0.35,0.44753086419753085,0,-1,-1,secure-auth-241-netflix.com
26,26,0,1,3,0,3,0,0,0.5555555555555556,0.4256410256410256,0,-1,-1,secure-auth-664-paypal.com
26,26,0,1,3,0,3,0,0,0.5555555555555556,0.47179487179487173,0,-1,-1,secure-auth-997-google.com
28,28,0,1,3,0,3,0,0,0.24390243902439024,0.469047619047619,0,-1,-1,secure-auth-632-stanford.edu
29,29,0,1,3,0,3,0,0,0.6190476190476191,0.45042314007831247,0,-1,-1,secure-auth-224-microsoft.com
26,26,0,1,3,0,3,0,0,0.3589743589743589,0.452991452991453,0,-1,-1,secure-auth-957-amazon.com
19,19,0,1,1,0,0,0,0,0.27586206896551724,0.5403894351262771,0,-1,-1,portal-stanford.edu
33,33,0,1,3,0,3,0,0,0.34782608695652173,0.5070707070707071,0,-1,-1,secure-auth-204-bankofamerica.com
27,27,0,1,3,0,3,0,0,0.35,0.44753086419753085,0,-1,-1,secure-auth-559-twitter.com
27,27,0,1,3,0,3,0,0,0.35,0.44753086419753085,0,-1,-1,secure-auth-702-twitter.com
24,24,0,2,3,0,3,0,0,0.303030303030303,0.5148046398046398,0,-1,-1,secure-auth-395-ox.ac.uk
11,11,0,1,0,0,0,0,0,0.5833333333333333,0.7392191142191141,0,-1,-1,dropboc.com
13,13,0,1,0,0,0,0,0,0.5384615384615384,0.6602564102564102,0,-1,-1,instsgram.com
26,26,0,1,3,0,3,0,0,0.3589743589743589,0.452991452991453,0,-1,-1,secure-auth-242-amazon.com
12,12,0,1,0,0,0,0,0,0.5454545454545454,0.7134920634920635,0,-1,-1,barckays.com
26,26,0,1,3,0,3,0,0,0.5555555555555556,0.47179487179487173,0,-1,-1,secure-auth-286-google.com
15,15,0,1,1,0,0,0,0,0.48,0.626984126984127,0,-1,-1,slack-login.com
28,28,0,1,3,0,3,0,0,0.3902439024390244,0.5009157509157509,0,-1,-1,secure-auth-608-facebook.com
23,23,0,1,3,0,3,0,0,0.2777777777777778,0.5246376811594203,0,-1,-1,secure-auth-634-zoom.us
25,25,0,1,3,0,3,0,0,0.4,0.4266666666666667,0,-1,-1,secure-auth-368-apple.com
14,14,0,1,0,0,0,0,0,0.5,0.638095238095238,0,-1,-1,weplsfargo.com
23,23,0,1,3,0,3,0,0,0.2777777777777778,0.5246376811594203,0,-1,-1,secure-auth-346-zoom.us
29,29,0,1,3,0,3,0,0,0.38095238095238093,0.509323116219668,0,-1,-1,secure-auth-428-instagram.com
8,8,0,1,0,0,0,0,0,0.5555555555555556,0.7083333333333334,0,-1,-1,hase.com
17,17,0,1,0,0,0,0,0,0.4666666666666667,0.5703242835595778,0,-1,-1,bankofamwrica.com
28,28,0,1,3,0,3,0,0,0.368421052631579,0.4543956043956044,0,-1,-1,secure-auth-394-barclays.com
23,23,0,1,3,0,3,0,0,0.2222222222222222,0.47681159420289854,0,-1,-1,secure-auth-879-mit.edu
9,9,0,1,0,0,0,0,0,0.736842105263158,0.812962962962963,0,-1,-1,aplpe.com
15,15,0,1,1,0,0,0,0,0.56,0.7361111111111112,0,-1,-1,login-azure.com
25,25,0,2,3,0,3,0,0,0.2941176470588235,0.47333333333333333,0,-1,-1,secure-auth-937-cam.ac.uk
25,25,0,1,3,0,3,0,0,0.368421052631579,0.47333333333333333,0,-1,-1,secure-auth-450-adobe.com
26,26,0,1,3,0,3,0,0,0.3589743589743589,0.452991452991453,0,-1,-1,secure-auth-743-amazon.com
24,24,0,1,3,0,3,0,0,0.3783783783783784,0.5662393162393162,0,-1,-1,secure-auth-477-hsbc.com
26,26,0,1,3,0,3,0,0,0.5555555555555556,0.4256410256410256,0,-1,-1,secure-auth-947-paypal.com
13,13,0,1,0,0,0,0,0,0.9230769230769231,0.9846153846153847,0,-1,-1,microsotf.com
10,10,0,1,0,0,0,0,0,0.9,0.94,0,-1,-1,gpogle.com
27,27,0,1,3,0,3,0,0,0.4,0.4703703703703703,0,-1,-1,secure-auth-576-dropbox.com
26,26,0,1,3,0,3,0,0,0.3589743589743589,0.452991452991453,0,-1,-1,secure-auth-750-amazon.com
14,14,0,1,0,0,0,0,0,0.5,0.6672771672771672,0,-1,-1,walesforce.com
30,30,0,3,3,0,3,0,0,1.0,1.0,0,-1,-1,secure-auth-217-vtop.vit.ac.in
25,25,0,1,3,0,3,0,0,0.368421052631579,0.4615384615384615,0,-1,-1,secure-auth-915-slack.com
30,30,0,1,3,0,3,0,0,0.37209302325581395,0.48888888888888893,0,-1,-1,secure-auth-712-salesforce.com
10,10,0,1,0,0,0,0,0,0.8,0.92,0,-1,-1,paypal.top
9,9,0,1,0,0,0,0,0,0.5454545454545454,0.6851851851851851,0,-1,-1,chwse.com
29,29,0,1,3,0,3,0,0,0.38095238095238093,0.509323116219668,0,-1,-1,secure-auth-762-instagram.com
28,28,0,1,3,0,3,0,0,0.368421052631579,0.4543956043956044,0,-1,-1,secure-auth-737-barclays.com
23,23,0,1,3,0,3,0,0,0.2777777777777778,0.5246376811594203,0,-1,-1,secure-auth-466-zoom.us
12,12,0,1,0,0,0,0,0,0.5454545454545454,0.7388888888888889,0,-1,-1,harclays.com
26,26,0,1,3,0,3,0,0,0.3589743589743589,0.452991452991453,0,-1,-1,secure-auth-733-amazon.com
23,23,0,1,3,0,3,0,0,0.2222222222222222,0.47681159420289854,0,-1,-1,secure-auth-276-mit.edu
14,14,0,1,0,0,0,0,0,0.5,0.6039377289377289,0,-1,-1,wellsfaryo.com
30,30,0,3,3,0,3,0,0,1.0,1.0,0,-1,-1,secure-auth-188-vtop.vit.ac.in
10,10,0,1,0,0,0,0,0,0.6,0.6777777777777777,0,-1,-1,akazon.com
20,20,0,1,3,0,0,0,0,0.4666666666666667,0.4866300366300366,1,-1,-1,xn--intagram-lhh.com
27,27,0,1,3,0,3,0,0,0.19999999999999996,0.4246913580246914,0,-1,-1,secure-auth-170-harvard.edu
28,28,0,1,3,0,3,0,0,0.3414634146341463,0.4543956043956044,0,-1,-1,secure-auth-538-citibank.com
25,25,0,2,3,0,3,0,0,0.2941176470588235,0.47333333333333333,0,-1,-1,secure-auth-567-cam.ac.uk
24,24,0,1,3,0,3,0,0,0.3783783783783784,0.5662393162393162,0,-1,-1,secure-auth-815-hsbc.com
14,14,0,1,1,0,0,0,0,0.34782608695652173,0.5767195767195767,0,-1,-1,mit-update.edu
27,27,0,1,3,0,3,0,0,0.19999999999999996,0.4246913580246914,0,-1,-1,secure-auth-227-harvard.edu
28,28,0,1,3,0,3,0,0,0.3414634146341463,0.5113756613756614,0,-1,-1,secure-auth-652-linkedin.com
27,27,0,1,3,0,3,0,0,0.44999999999999996,0.4703703703703703,0,-1,-1,secure-auth-573-spotify.com
12,12,0,1,0,0,1,0,0,0.48,0.638888888888889,0,-1,-1,cit1bank.com
17,17,0,1,1,0,0,0,0,0.4666666666666667,0.653657616892911,0,-1,-1,amazon-verify.com
25,25,0,1,3,0,3,0,0,0.368421052631579,0.4615384615384615,0,-1,-1,secure-auth-230-slack.com
13,13,0,1,0,0,0,0,0,0.9230769230769231,0.958974358974359,0,-1,-1,mivrosoft.com
28,28,0,1,3,0,3,0,0,0.3902439024390244,0.5009157509157509,0,-1,-1,secure-auth-445-facebook.com
29,29,0,1,3,0,3,0,0,0.6190476190476191,0.45042314007831247,0,-1,-1,secure-auth-356-microsoft.com
12,12,0,1,0,0,1,0,0,0.2857142857142857,0.5092592592592592,0,-1,-1,stanf0rd.edu
16,16,0,1,1,0,0,0,0,0.5384615384615384,0.7525,0,-1,-1,github-login.com
28,28,0,1,3,0,3,0,0,0.368421052631579,0.4543956043956044,0,-1,-1,secure-auth-440-barclays.com
30,30,0,3,3,0,3,0,0,1.0,1.0,0,-1,-1,secure-auth-897-vtop.vit.ac.in
28,28,0,1,3,0,3,0,0,0.3414634146341463,0.5113756613756614,0,-1,-1,secure-auth-767-linkedin.com
13,13,0,1,0,0,0,0,0,0.5217391304347826,0.6509157509157509,0,-1,-1,wellsfrgo.com
30,30,0,3,3,0,3,0,0,1.0,1.0,0,-1,-1,secure-auth-146-vtop.vit.ac.in
30,30,0,1,3,0,3,0,0,0.37209302325581395,0.44273504273504277,0,-1,-1,secure-auth-964-wellsfargo.com
28,28,0,1,3,0,3,0,0,0.3902439024390244,0.5009157509157509,0,-1,-1,secure-auth-807-facebook.com
29,29,0,1,3,0,3,0,0,0.6190476190476191,0.45042314007831247,0,-1,-1,secure-auth-888-microsoft.com
9,9,0,1,0,0,0,0,0,0.8421052631578947,0.9170370370370371,0,-1,-1,paple.com
29,29,0,1,3,0,3,0,0,0.38095238095238093,0.509323116219668,0,-1,-1,secure-auth-976-instagram.com
26,26,0,1,3,0,3,0,0,0.3589743589743589,0.44943019943019946,0,-1,-1,secure-auth-715-github.com
11,11,0,1,0,0,0,0,0,0.2857142857142857,0.5242424242424243,0,-1,-1,haravrd.edu
25,25,0,2,3,0,3,0,0,0.2941176470588235,0.47333333333333333,0,-1,-1,secure-auth-913-cam.ac.uk
26,26,0,1,3,0,3,0,0,0.3589743589743589,0.452991452991453,0,-1,-1,secure-auth-144-amazon.com
10,10,0,1,0,0,0,0,0,0.42105263157894735,0.6148148148148148,0,-1,-1,github.biz
29,29,0,1,3,0,3,0,0,0.38095238095238093,0.509323116219668,0,-1,-1,secure-auth-369-instagram.com
28,28,0,1,3,0,3,0,0,0.368421052631579,0.4543956043956044,0,-1,-1,secure-auth-397-barclays.com
29,29,0,1,3,0,3,0,0,0.6190476190476191,0.45042314007831247,0,-1,-1,secure-auth-735-microsoft.com
30,30,0,1,3,0,3,0,0,0.37209302325581395,0.48888888888888893,0,-1,-1,secure-auth-752-salesforce.com
19,19,0,1,1,0,0,0,0,0.48275862068965514,0.6479232268705952,0,-1,-1,facebook-signin.com
19,19,0,1,1,0,0,0,0,0.375,0.5954790823211876,0,-1,-1,citibank-signin.com
30,30,0,3,3,0,3,0,0,1.0,1.0,0,-1,-1,secure-auth-358-vtop.vit.ac.in
30,30,0,1,3,0,3,0,0,0.37209302325581395,0.48888888888888893,0,-1,-1,secure-auth-152-salesforce.com
6,6,0,1,0,0,0,0,0,0.2666666666666667,0.49572649572649574,0,-1,-1,ox.net
9,9,0,1,0,0,0,0,0,0.736842105263158,0.825925925925926,0,-1,-1,spple.com
25,25,0,2,3,0,3,0,0,0.2941176470588235,0.47333333333333333,0,-1,-1,secure-auth-603-cam.ac.uk
26,26,0,1,3,0,3,0,0,0.5555555555555556,0.47179487179487173,0,-1,-1,secure-auth-840-google.com
28,28,0,1,3,0,3,0,0,0.3902439024390244,0.5009157509157509,0,-1,-1,secure-auth-295-facebook.com
14,14,0,1,0,0,0,0,0,0.5,0.638095238095238,0,-1,-1,wellsfafgo.com
30,30,0,1,3,0,3,0,0,0.37209302325581395,0.44273504273504277,0,-1,-1,secure-auth-810-wellsfargo.com
18,18,0,1,1,0,0,0,0,0.5161290322580645,0.6566951566951568,0,-1,-1,verify-dropbox.com
10,10,0,1,0,0,0,0,0,0.5,0.6777777777777777,0,-1,-1,apple.info
25,25,0,2,3,0,3,0,0,0.2941176470588235,0.47333333333333333,0,-1,-1,secure-auth-726-cam.ac.uk
24,24,0,2,3,0,3,0,0,0.303030303030303,0.5148046398046398,0,-1,-1,secure-auth-135-ox.ac.uk
27,27,0,1,3,0,3,0,0,0.4,0.4703703703703703,0,-1,-1,secure-auth-275-dropbox.com
23,23,0,1,3,0,3,0,0,0.2222222222222222,0.47681159420289854,0,-1,-1,secure-auth-308-mit.edu
28,28,0,1,3,0,3,0,0,0.368421052631579,0.4543956043956044,0,-1,-1,secure-auth-264-barclays.com
25,25,0,1,3,0,3,0,0,0.368421052631579,0.4615384615384615,0,-1,-1,secure-auth-520-slack.com
26,26,0,1,3,0,3,0,0,0.5555555555555556,0.47179487179487173,0,-1,-1,secure-auth-408-google.com
26,26,0,1,3,0,3,0,0,0.5555555555555556,0.4256410256410256,0,-1,-1,secure-auth-777-paypal.com
25,25,0,1,3,0,3,0,0,0.368421052631579,0.47333333333333333,0,-1,-1,secure-auth-308-adobe.com
30,30,0,3,3,0,3,0,0,1.0,1.0,0,-1,-1,secure-auth-927-vtop.vit.ac.in
18,18,0,1,1,0,0,0,0,0.4516129032258065,0.6937321937321936,0,-1,-1,secure-twitter.com
14,14,0,1,0,0,0,0,0,0.5,0.638095238095238,0,-1,-1,welpsfargo.com
10,10,0,1,0,0,0,0,0,0.9,0.9466666666666665,0,-1,-1,pagpal.com
24,24,0,2,3,0,3,0,0,0.303030303030303,0.5148046398046398,0,-1,-1,secure-auth-979-ox.ac.uk
25,25,0,1,3,0,3,0,0,0.368421052631579,0.47333333333333333,0,-1,-1,secure-auth-931-adobe.com
32,32,0,2,3,0,3,0,0,0.5263157894736843,0.6851851851851851,0,-1,-1,secure-auth-708-portal.azure.com
28,28,0,1,3,0,3,0,0,0.24390243902439024,0.469047619047619,0,-1,-1,secure-auth-183-stanford.edu
6,6,0,1,0,0,0,0,0,0.375,0.48888888888888893,0,-1,-1,ox.top
26,26,0,1,3,0,3,0,0,0.3589743589743589,0.452991452991453,0,-1,-1,secure-auth-899-amazon.com
25,25,0,2,3,0,3,0,0,0.2941176470588235,0.47333333333333333,0,-1,-1,secure-auth-785-cam.ac.uk
26,26,0,1,3,0,3,0,0,0.5555555555555556,0.47179487179487173,0,-1,-1,secure-auth-536-google.com
12,12,0,1,0,0,0,0,0,0.5454545454545454,0.7134920634920635,0,-1,-1,barcIays.com
12,12,0,1,0,0,0,0,0,0.2857142857142857,0.5888888888888889,0,-1,-1,barclays.xyz
23,23,0,1,3,0,3,0,0,0.2777777777777778,0.5246376811594203,0,-1,-1,secure-auth-496-zoom.us
27,27,0,1,3,0,3,0,0,0.4,0.4703703703703703,0,-1,-1,secure-auth-723-dropbox.com
23,23,0,1,3,0,3,0,0,0.2222222222222222,0.47681159420289854,0,-1,-1,secure-auth-819-mit.edu
11,11,0,1,0,0,0,0,0,0.30000000000000004,0.47972027972027975,0,-1,-1,stanfor.edu
9,9,0,1,0,0,0,0,0,0.5263157894736843,0.7000000000000001,0,-1,-1,apple.top
13,13,0,1,0,0,0,0,0,0.5384615384615384,0.6602564102564102,0,-1,-1,instwgram.com
24,24,0,2,3,0,3,0,0,0.303030303030303,0.5148046398046398,0,-1,-1,secure-auth-903-ox.ac.uk
27,27,0,1,3,0,3,0,0,0.44999999999999996,0.4703703703703703,0,-1,-1,secure-auth-241-spotify.com
27,27,0,1,3,0,3,0,0,0.19999999999999996,0.4246913580246914,0,-1,-1,secure-auth-507-harvard.edu
32,32,0,2,3,0,3,0,0,0.5263157894736843,0.6851851851851851,0,-1,-1,secure-auth-410-portal.azure.com
28,28,0,1,3,0,3,0,0,0.3902439024390244,0.5009157509157509,0,-1,-1,secure-auth-634-facebook.com
11,11,0,1,0,0,0,0,0,0.5833333333333333,0.7151515151515152,0,-1,-1,spogify.com
28,28,0,1,3,0,3,0,0,0.3414634146341463,0.5113756613756614,0,-1,-1,secure-auth-337-linkedin.com
30,30,0,1,3,0,3,0,0,0.37209302325581395,0.48888888888888893,0,-1,-1,secure-auth-168-salesforce.com
26,26,0,1,3,0,3,0,0,0.5555555555555556,0.47179487179487173,0,-1,-1,secure-auth-670-google.com
28,28,0,1,3,0,3,0,0,0.3414634146341463,0.5113756613756614,0,-1,-1,secure-auth-652-linkedin.com
24,24,0,1,3,0,3,0,0,0.3783783783783784,0.5662393162393162,0,-1,-1,secure-auth-307-hsbc.com
25,25,0,1,1,0,0,0,0,0.4736842105263158,0.5201282051282051,0,-1,-1,bankofamerica-account.com
13,13,0,1,0,0,0,0,0,0.9230769230769231,0.9487179487179488,0,-1,-1,jicrosoft.com
30,30,0,1,3,0,3,0,0,0.37209302325581395,0.44273504273504277,0,-1,-1,secure-auth-110-wellsfargo.com
28,28,0,1,3,0,3,0,0,0.3902439024390244,0.5009157509157509,0,-1,-1,secure-auth-846-facebook.com
25,25,0,2,3,0,3,0,0,0.2941176470588235,0.47333333333333333,0,-1,-1,secure-auth-819-cam.ac.uk
14,14,0,1,0,0,0,0,0,0.5,0.6672771672771672,0,-1,-1,salesforcd.com
25,25,0,1,3,0,3,0,0,0.368421052631579,0.47333333333333333,0,-1,-1,secure-auth-870-adobe.com
24,24,0,1,3,0,3,0,0,0.3783783783783784,0.5662393162393162,0,-1,-1,secure-auth-671-hsbc.com
14,14,0,1,0,0,0,0,0,0.5,0.638095238095238,0,-1,-1,wellsfagro.com
27,27,0,1,3,0,3,0,0,0.35,0.44753086419753085,0,-1,-1,secure-auth-468-netflix.com
13,13,0,1,1,0,0,0,0,0.4347826086956522,0.5615384615384615,0,-1,-1,auth-hsbc.com
21,21,0,1,1,0,0,0,0,0.7647058823529411,0.9084249084249084,0,-1,-1,microsoft-support.com
27,27,0,1,3,0,3,0,0,0.35,0.44753086419753085,0,-1,-1,secure-auth-747-twitter.com
10,10,0,1,0,0,0,0,0,0.5217391304347826,0.6666666666666666,0,-1,-1,drpbox.com
11,11,0,1,0,0,0,0,0,0.5833333333333333,0.7311688311688312,0,-1,-1,dropgox.com
26,26,0,1,3,0,3,0,0,0.5555555555555556,0.4256410256410256,0,-1,-1,secure-auth-369-paypal.com
13,13,0,1,0,0,0,0,0,0.5384615384615384,0.6446886446886446,0,-1,-1,instagtam.com
16,16,0,1,1,0,0,0,0,0.7692307692307692,0.905,0,-1,-1,google-login.com
13,13,0,1,0,0,0,0,0,0.9230769230769231,0.9525641025641025,0,-1,-1,microsoct.com
26,26,0,1,3,0,3,0,0,0.3589743589743589,0.452991452991453,0,-1,-1,secure-auth-411-amazon.com
15,15,0,1,1,0,0,0,0,0.8,0.8222222222222223,0,-1,-1,auth-paypal.com
9,9,0,1,0,0,0,0,0,0.631578947368421,0.7783068783068784,0,-1,-1,appIe.com
11,11,0,1,0,0,0,0,0,0.5714285714285714,0.7151515151515152,0,-1,-1,wpotify.com
27,27,0,1,3,0,3,0,0,0.4,0.4703703703703703,0,-1,-1,secure-auth-188-dropbox.com
23,23,0,1,3,0,3,0,0,0.2777777777777778,0.5246376811594203,0,-1,-1,secure-auth-179-zoom.us
17,17,0,1,1,0,0,0,0,0.5185185185185186,0.6735294117647058,0,-1,-1,apple-support.com
16,16,0,1,1,0,0,0,0,0.24,0.49583333333333335,0,-1,-1,auth-harvard.edu
26,26,0,1,3,0,3,0,0,0.3589743589743589,0.452991452991453,0,-1,-1,secure-auth-671-amazon.com
11,11,0,1,0,0,0,0,0,0.30000000000000004,0.5242424242424243,0,-1,-1,garvard.edu
28,28,0,1,3,0,3,0,0,0.3902439024390244,0.5009157509157509,0,-1,-1,secure-auth-190-facebook.com
26,26,0,1,3,0,3,0,0,0.5555555555555556,0.4256410256410256,0,-1,-1,secure-auth-166-paypal.com
13,13,0,1,0,0,0,0,0,0.9230769230769231,0.9692307692307692,0,-1,-1,microsofr.com
26,26,0,1,3,0,3,0,0,0.5555555555555556,0.47179487179487173,0,-1,-1,secure-auth-709-google.com
23,23,0,1,3,0,3,0,0,0.2222222222222222,0.47681159420289854,0,-1,-1,secure-auth-736-mit.edu
27,27,0,1,3,0,3,0,0,0.4,0.4703703703703703,0,-1,-1,secure-auth-918-dropbox.com
7,7,0,1,0,0,0,0,0,0.5882352941176471,0.7380952380952381,0,-1,-1,zoom.co
14,14,0,3,0,0,0,0,0,0.8888888888888888,0.9407407407407408,0,-1,-1,vtop.viy.ac.in
25,25,0,1,3,0,3,0,0,0.4,0.4266666666666667,0,-1,-1,secure-auth-473-apple.com
24,24,0,1,3,0,3,0,0,0.3783783783783784,0.5662393162393162,0,-1,-1,secure-auth-176-hsbc.com
9,9,0,1,0,0,0,0,0,0.5263157894736843,0.6851851851851851,0,-1,-1,adobw.com
23,23,0,1,3,0,3,0,0,0.2777777777777778,0.5246376811594203,0,-1,-1,secure-auth-770-zoom.us
29,29,0,1,3,0,3,0,0,0.6190476190476191,0.45042314007831247,0,-1,-1,secure-auth-751-microsoft.com
28,28,0,1,3,0,3,0,0,0.3902439024390244,0.5009157509157509,0,-1,-1,secure-auth-894-facebook.com
29,29,0,1,3,0,3,0,0,0.38095238095238093,0.509323116219668,0,-1,-1,secure-auth-935-instagram.com
18,18,0,1,3,0,0,0,0,0.4285714285714286,0.6444444444444445,1,-1,-1,xn--sptify-xqf.com
26,26,0,1,3,0,3,0,0,0.5555555555555556,0.47179487179487173,0,-1,-1,secure-auth-314-google.com
28,28,0,1,3,0,3,0,0,0.3902439024390244,0.5009157509157509,0,-1,-1,secure-auth-900-facebook.com
25,25,0,1,3,0,3,0,0,0.368421052631579,0.47333333333333333,0,-1,-1,secure-auth-427-adobe.com
27,27,0,1,3,0,3,0,0,0.35,0.44753086419753085,0,-1,-1,secure-auth-586-twitter.com
12,12,0,1,0,0,0,0,0,0.2857142857142857,0.5166666666666667,0,-1,-1,linkedin.xyz
29,29,0,1,3,0,3,0,0,0.6190476190476191,0.45042314007831247,0,-1,-1,secure-auth-187-microsoft.com
9,9,0,1,0,0,0,0,0,0.736842105263158,0.7783068783068784,0,-1,-1,adoge.com
25,25,0,1,3,0,3,0,0,0.368421052631579,0.4615384615384615,0,-1,-1,secure-auth-513-slack.com
15,15,0,2,0,0,0,0,0,0.5555555555555556,0.6333333333333333,0,-1,-1,portal.zure.com
12,12,0,1,0,0,0,0,0,0.24,0.46709401709401704,0,-1,-1,stwnford.edu
29,29,0,1,3,0,3,0,0,0.38095238095238093,0.509323116219668,0,-1,-1,secure-auth-975-instagram.com
23,23,0,1,3,0,3,0,0,0.2222222222222222,0.47681159420289854,0,-1,-1,secure-auth-949-mit.edu
19,19,0,1,3,0,1,0,0,0.48275862068965514,0.6371457489878543,1,-1,-1,xn--facbook-9gg.com
17,17,0,1,1,0,0,0,0,0.5185185185185186,0.653657616892911,0,-1,-1,support-azure.com
26,26,0,1,3,0,3,0,0,0.5555555555555556,0.4256410256410256,0,-1,-1,secure-auth-929-paypal.com
25,25,0,1,3,0,3,0,0,0.368421052631579,0.4615384615384615,0,-1,-1,secure-auth-614-chase.com
26,26,0,1,3,0,3,0,0,0.3589743589743589,0.44943019943019946,0,-1,-1,secure-auth-252-github.com
29,29,0,1,3,0,3,0,0,0.38095238095238093,0.509323116219668,0,-1,-1,secure-auth-349-instagram.com
12,12,0,1,0,0,0,0,0,0.48,0.5777777777777778,0,-1,-1,citibqnk.com
10,10,0,1,0,0,0,0,0,0.5,0.6666666666666666,0,-1,-1,twtter.com
30,30,0,1,3,0,3,0,0,0.37209302325581395,0.44273504273504277,0,-1,-1,secure-auth-351-wellsfargo.com
23,23,0,1,1,0,0,0,0,0.4242424242424242,0.5710702341137124,0,-1,-1,login-bankofamerica.com
23,23,0,1,3,0,3,0,0,0.2777777777777778,0.5246376811594203,0,-1,-1,secure-auth-928-zoom.us
25,25,0,2,3,0,3,0,0,0.2941176470588235,0.47333333333333333,0,-1,-1,secure-auth-669-cam.ac.uk
24,24,0,2,3,0,3,0,0,0.303030303030303,0.5148046398046398,0,-1,-1,secure-auth-522-ox.ac.uk
7,7,0,2,0,0,0,0,0,0.5,0.671957671957672,0,-1,-1,o.ac.uk
27,27,0,1,3,0,3,0,0,0.19999999999999996,0.4246913580246914,0,-1,-1,secure-auth-304-harvard.edu
25,25,0,1,3,0,3,0,0,0.368421052631579,0.4615384615384615,0,-1,-1,secure-auth-601-chase.com
8,8,0,1,0,0,0,0,0,0.5714285714285714,0.7083333333333334,0,-1,-1,case.com
11,11,0,1,0,0,0,0,0,0.5714285714285714,0.7311688311688312,0,-1,-1,barcays.com
24,24,0,2,3,0,3,0,0,0.303030303030303,0.5148046398046398,0,-1,-1,secure-auth-500-ox.ac.uk
27,27,0,1,3,0,3,0,0,0.4,0.4703703703703703,0,-1,-1,secure-auth-443-dropbox.com
26,26,0,1,3,0,3,0,0,0.5555555555555556,0.4256410256410256,0,-1,-1,secure-auth-124-paypal.com
27,27,0,1,3,0,3,0,0,0.35,0.44753086419753085,0,-1,-1,secure-auth-942-twitter.com
27,27,0,1,3,0,3,0,0,0.19999999999999996,0.4246913580246914,0,-1,-1,secure-auth-657-harvard.edu
30,30,0,1,3,0,3,0,0,0.37209302325581395,0.48888888888888893,0,-1,-1,secure-auth-845-salesforce.com
25,25,0,1,3,0,3,0,0,0.368421052631579,0.47333333333333333,0,-1,-1,secure-auth-865-adobe.com
26,26,0,1,3,0,3,0,0,0.5555555555555556,0.4256410256410256,0,-1,-1,secure-auth-344-paypal.com
11,11,0,1,0,0,0,0,0,0.5833333333333333,0.7151515151515152,0,-1,-1,spoyify.com
24,24,0,1,3,0,0,0,0,0.3783783783783784,0.5245726495726496,1,-1,-1,xn--bankofamrica-zck.com
26,26,0,1,3,0,3,0,0,0.5555555555555556,0.4256410256410256,0,-1,-1,secure-auth-810-paypal.com
9,9,0,1,0,0,0,0,0,0.736842105263158,0.8546296296296297,0,-1,-1,appel.com
21,21,0,1,1,0,0,0,0,0.7647058823529411,0.7191697191697192,0,-1,-1,support-microsoft.com
27,27,0,1,3,0,3,0,0,0.44999999999999996,0.4703703703703703,0,-1,-1,secure-auth-447-spotify.com
24,24,0,2,3,0,3,0,0,0.303030303030303,0.5148046398046398,0,-1,-1,secure-auth-284-ox.ac.uk
26,26,0,1,3,0,3,0,0,0.3589743589743589,0.44943019943019946,0,-1,-1,secure-auth-631-github.com
12,12,0,1,0,0,0,0,0,0.5454545454545454,0.7000000000000001,0,-1,-1,limkedin.com
23,23,0,1,3,0,3,0,0,0.2777777777777778,0.5246376811594203,0,-1,-1,secure-auth-306-zoom.us
26,26,0,1,3,0,3,0,0,0.5555555555555556,0.4256410256410256,0,-1,-1,secure-auth-194-paypal.com
26,26,0,1,3,0,3,0,0,0.3589743589743589,0.452991452991453,0,-1,-1,secure-auth-533-amazon.com
28,28,0,1,3,0,3,0,0,0.3902439024390244,0.5009157509157509,0,-1,-1,secure-auth-467-facebook.com
25,25,0,1,3,0,3,0,0,0.368421052631579,0.4615384615384615,0,-1,-1,secure-auth-886-slack.com
30,30,0,1,3,0,3,0,0,0.37209302325581395,0.48888888888888893,0,-1,-1,secure-auth-875-salesforce.com
12,12,0,1,0,0,0,0,0,0.5454545454545454,0.7000000000000001,0,-1,-1,linjedin.com
33,33,0,1,3,0,3,0,0,0.34782608695652173,0.5070707070707071,0,-1,-1,secure-auth-509-bankofamerica.com
28,28,0,1,3,0,3,0,0,0.3902439024390244,0.5009157509157509,0,-1,-1,secure-auth-133-facebook.com
28,28,0,1,3,0,3,0,0,0.3414634146341463,0.5113756613756614,0,-1,-1,secure-auth-748-linkedin.com
33,33,0,1,3,0,3,0,0,0.34782608695652173,0.5070707070707071,0,-1,-1,secure-auth-578-bankofamerica.com
16,16,0,1,1,0,0,0,0,0.48275862068965514,0.6634615384615384,0,-1,-1,chase-verify.com
26,26,0,1,3,0,3,0,0,0.5555555555555556,0.4256410256410256,0,-1,-1,secure-auth-744-paypal.com
24,24,0,1,3,0,3,0,0,0.3783783783783784,0.5662393162393162,0,-1,-1,secure-auth-734-hsbc.com
25,25,0,1,3,0,3,0,0,0.368421052631579,0.4615384615384615,0,-1,-1,secure-auth-156-chase.com
30,30,0,1,3,0,3,0,0,0.37209302325581395,0.48888888888888893,0,-1,-1,secure-auth-487-salesforce.com
25,25,0,1,3,0,3,0,0,0.368421052631579,0.4615384615384615,0,-1,-1,secure-auth-401-chase.com
18,18,0,1,1,0,0,0,0,0.4516129032258065,0.6032763532763533,0,-1,-1,twitter-verify.com
14,14,0,1,0,0,0,0,0,0.4444444444444444,0.6857142857142856,0,-1,-1,wellsfargi.com
32,32,0,2,3,0,3,0,0,0.5263157894736843,0.6851851851851851,0,-1,-1,secure-auth-593-portal.azure.com
26,26,0,1,3,0,3,0,0,0.3589743589743589,0.452991452991453,0,-1,-1,secure-auth-251-amazon.com
24,24,0,1,3,0,3,0,0,0.3783783783783784,0.5662393162393162,0,-1,-1,secure-auth-338-hsbc.com
27,27,0,1,3,0,3,0,0,0.35,0.44753086419753085,0,-1,-1,secure-auth-976-twitter.com
11,11,0,1,0,0,0,0,0,0.47619047619047616,0.6515151515151515,0,-1,-1,linkdin.com
28,28,0,1,3,0,3,0,0,0.3902439024390244,0.5009157509157509,0,-1,-1,secure-auth-137-facebook.com
11,11,0,2,0,0,0,0,0,0.6666666666666667,0.8777777777777778,0,-1,-1,vtop.vit.co
30,30,0,1,3,0,3,0,0,0.37209302325581395,0.48888888888888893,0,-1,-1,secure-auth-824-salesforce.com
10,10,0,1,0,0,0,0,0,0.9,0.9466666666666665,0,-1,-1,goigle.com
27,27,0,1,3,0,3,0,0,0.19999999999999996,0.4246913580246914,0,-1,-1,secure-auth-914-harvard.edu
30,30,0,3,3,0,3,0,0,1.0,1.0,0,-1,-1,secure-auth-301-vtop.vit.ac.in
16,16,0,2,0,0,0,0,0,0.5263157894736843,0.6851851851851851,0,-1,-1,portal.azufe.com
25,25,0,1,3,0,3,0,0,0.4,0.4266666666666667,0,-1,-1,secure-auth-269-apple.com
25,25,0,1,3,0,3,0,0,0.368421052631579,0.47333333333333333,0,-1,-1,secure-auth-102-adobe.com
29,29,0,1,3,0,3,0,0,0.6190476190476191,0.45042314007831247,0,-1,-1,secure-auth-572-microsoft.com
29,29,0,1,3,0,3,0,0,0.38095238095238093,0.509323116219668,0,-1,-1,secure-auth-137-instagram.com
33,33,0,1,3,0,3,0,0,0.34782608695652173,0.5070707070707071,0,-1,-1,secure-auth-968-bankofamerica.com
27,27,0,1,3,0,3,0,0,0.35,0.44753086419753085,0,-1,-1,secure-auth-604-netflix.com
28,28,0,1,3,0,3,0,0,0.3902439024390244,0.5009157509157509,0,-1,-1,secure-auth-121-facebook.com
8,8,0,1,0,0,0,0,0,0.5714285714285714,0.6333333333333333,0,-1,-1,hsbf.com
27,27,0,1,3,0,3,0,0,0.4,0.4703703703703703,0,-1,-1,secure-auth-553-dropbox.com
26,26,0,1,3,0,3,0,0,0.5555555555555556,0.4256410256410256,0,-1,-1,secure-auth-737-paypal.com
25,25,0,1,3,0,3,0,0,0.368421052631579,0.4615384615384615,0,-1,-1,secure-auth-119-chase.com
28,28,0,1,3,0,3,0,0,0.24390243902439024,0.469047619047619,0,-1,-1,secure-auth-246-stanford.edu
28,28,0,1,3,0,3,0,0,0.24390243902439024,0.469047619047619,0,-1,-1,secure-auth-707-stanford.edu
25,25,0,1,3,0,3,0,0,0.368421052631579,0.4615384615384615,0,-1,-1,secure-auth-783-slack.com
26,26,0,1,3,0,3,0,0,0.5555555555555556,0.4256410256410256,0,-1,-1,secure-auth-942-paypal.com
23,23,0,2,3,0,2,0,0,0.3846153846153846,0.6041666666666666,1,-1,-1,portal.xn--zure-43d.com
29,29,0,1,3,0,3,0,0,0.6190476190476191,0.45042314007831247,0,-1,-1,secure-auth-719-microsoft.com
25,25,0,1,3,0,3,0,0,0.368421052631579,0.4615384615384615,0,-1,-1,secure-auth-998-slack.com
30,30,0,3,3,0,3,0,0,1.0,1.0,0,-1,-1,secure-auth-371-vtop.vit.ac.in
27,27,0,1,3,0,3,0,0,0.35,0.44753086419753085,0,-1,-1,secure-auth-314-twitter.com
11,11,0,1,0,0,0,0,0,0.47619047619047616,0.6595959595959596,0,-1,-1,betflix.com
28,28,0,1,3,0,3,0,0,0.3414634146341463,0.5113756613756614,0,-1,-1,secure-auth-560-linkedin.com
21,21,0,1,1,0,0,0,0,0.4516129032258065,0.6818070818070817,0,-1,-1,salesforce-update.com
28,28,0,1,3,0,3,0,0,0.368421052631579,0.4543956043956044,0,-1,-1,secure-auth-965-barclays.com
24,24,0,1,3,0,3,0,0,0.3783783783783784,0.5662393162393162,0,-1,-1,secure-auth-492-hsbc.com
30,30,0,3,3,0,3,0,0,1.0,1.0,0,-1,-1,secure-auth-965-vtop.vit.ac.in
14,14,0,1,0,0,0,0,0,0.25,0.48571428571428577,0,-1,-1,wellsfargo.xyz
30,30,0,3,3,0,3,0,0,1.0,1.0,0,-1,-1,secure-auth-892-vtop.vit.ac.in
25,25,0,1,3,0,3,0,0,0.368421052631579,0.4615384615384615,0,-1,-1,secure-auth-603-chase.com
18,18,0,1,1,0,0,0,0,0.5161290322580645,0.6962962962962962,0,-1,-1,dropbox-update.com
30,30,0,1,3,0,3,0,0,0.37209302325581395,0.48888888888888893,0,-1,-1,secure-auth-832-salesforce.com
14,14,0,1,0,0,0,0,0,0.5,0.6672771672771672,0,-1,-1,salssforce.com
29,29,0,1,3,0,3,0,0,0.38095238095238093,0.509323116219668,0,-1,-1,secure-auth-447-instagram.com
30,30,0,1,3,0,3,0,0,0.37209302325581395,0.44273504273504277,0,-1,-1,secure-auth-633-wellsfargo.com
12,12,0,1,0,0,0,0,0,0.48,0.6441798941798942,0,-1,-1,citibakn.com
11,11,0,1,0,0,0,0,0,0.5833333333333333,0.7627557627557627,0,-1,-1,spotofy.com
28,28,0,1,3,0,3,0,0,0.24390243902439024,0.469047619047619,0,-1,-1,secure-auth-278-stanford.edu
24,24,0,1,3,0,3,0,0,0.3783783783783784,0.5662393162393162,0,-1,-1,secure-auth-508-hsbc.com
10,10,0,1,0,0,0,0,0,0.5217391304347826,0.6666666666666666,0,-1,-1,yithub.com
29,29,0,1,3,0,3,0,0,0.6190476190476191,0.45042314007831247,0,-1,-1,secure-auth-461-microsoft.com
27,27,0,1,3,0,3,0,0,0.19999999999999996,0.4246913580246914,0,-1,-1,secure-auth-170-harvard.edu
27,27,0,1,3,0,3,0,0,0.19999999999999996,0.4246913580246914,0,-1,-1,secure-auth-709-harvard.edu
32,32,0,2,3,0,3,0,0,0.5263157894736843,0.6851851851851851,0,-1,-1,secure-auth-284-portal.azure.com
27,27,0,1,3,0,3,0,0,0.19999999999999996,0.4246913580246914,0,-1,-1,secure-auth-995-harvard.edu
14,14,0,1,0,0,0,0,0,0.5,0.6456043956043956,0,-1,-1,salesrorce.com
24,24,0,2,3,0,3,0,0,0.303030303030303,0.5148046398046398,0,-1,-1,secure-auth-214-ox.ac.uk
27,27,0,1,3,0,3,0,0,0.44999999999999996,0.4703703703703703,0,-1,-1,secure-auth-140-spotify.com
9,9,0,1,0,0,0,0,0,0.2727272727272727,0.5007122507122507,0,-1,-1,hsbc.club
17,17,0,1,1,0,0,0,0,0.7407407407407407,0.7294117647058824,0,-1,-1,secure-google.com
33,33,0,1,3,0,3,0,0,0.34782608695652173,0.5070707070707071,0,-1,-1,secure-auth-846-bankofamerica.com
26,26,0,1,3,0,3,0,0,0.5555555555555556,0.47179487179487173,0,-1,-1,secure-auth-286-google.com
13,13,0,1,0,0,0,0,0,0.34782608695652173,0.6316239316239316,0,-1,-1,salesforce.ml
24,24,0,2,3,0,3,0,0,0.303030303030303,0.5148046398046398,0,-1,-1,secure-auth-292-ox.ac.uk
30,30,0,1,3,0,3,0,0,0.37209302325581395,0.48888888888888893,0,-1,-1,secure-auth-265-salesforce.com
26,26,0,1,3,0,3,0,0,0.5555555555555556,0.4256410256410256,0,-1,-1,secure-auth-388-paypal.com
32,32,0,2,3,0,3,0,0,0.5263157894736843,0.6851851851851851,0,-1,-1,secure-auth-874-portal.azure.com
18,18,0,1,1,0,0,0,0,0.4285714285714286,0.6032763532763533,0,-1,-1,citibank-login.com
11,11,0,1,0,0,0,0,0,0.5714285714285714,0.7151515151515152,0,-1,-1,likedin.com
23,23,0,1,3,0,3,0,0,0.2222222222222222,0.47681159420289854,0,-1,-1,secure-auth-996-mit.edu
26,26,0,1,3,0,3,0,0,0.3589743589743589,0.452991452991453,0,-1,-1,secure-auth-177-amazon.com
16,16,0,2,1,0,0,0,0,0.4,0.5694444444444443,0,-1,-1,ox-account.ac.uk
28,28,0,1,3,0,3,0,0,0.24390243902439024,0.469047619047619,0,-1,-1,secure-auth-601-stanford.edu
23,23,0,1,3,0,3,0,0,0.2222222222222222,0.47681159420289854,0,-1,-1,secure-auth-190-mit.edu
26,26,0,1,3,0,3,0,0,0.3589743589743589,0.44943019943019946,0,-1,-1,secure-auth-593-github.com
17,17,0,1,0,0,0,0,0,0.4666666666666667,0.5703242835595778,0,-1,-1,baknofamerica.com
30,30,0,1,3,0,3,0,0,0.37209302325581395,0.44273504273504277,0,-1,-1,secure-auth-106-wellsfargo.com
13,13,0,1,0,0,0,0,0,0.7692307692307692,0.9076923076923077,0,-1,-1,microsoft.biz
30,30,0,1,3,0,3,0,0,0.37209302325581395,0.48888888888888893,0,-1,-1,secure-auth-690-salesforce.com
13,13,0,1,0,0,0,0,0,0.46153846153846156,0.6985347985347986,0,-1,-1,wellsfarg.com
26,26,0,1,3,0,3,0,0,0.3589743589743589,0.44943019943019946,0,-1,-1,secure-auth-199-github.com
9,9,0,1,0,0,0,0,0,0.42105263157894735,0.6185185185185186,0,-1,-1,apple.biz
28,28,0,1,3,0,3,0,0,0.3902439024390244,0.5009157509157509,0,-1,-1,secure-auth-671-facebook.com
33,33,0,1,3,0,3,0,0,0.34782608695652173,0.5070707070707071,0,-1,-1,secure-auth-997-bankofamerica.com
28,28,0,1,3,0,3,0,0,0.24390243902439024,0.469047619047619,0,-1,-1,secure-auth-687-stanford.edu
26,26,0,1,3,0,3,0,0,0.3589743589743589,0.44943019943019946,0,-1,-1,secure-auth-661-github.com
28,28,0,1,3,0,3,0,0,0.24390243902439024,0.469047619047619,0,-1,-1,secure-auth-719-stanford.edu
24,24,0,1,3,0,3,0,0,0.3783783783783784,0.5662393162393162,0,-1,-1,secure-auth-202-hsbc.com
30,30,0,3,3,0,3,0,0,1.0,1.0,0,-1,-1,secure-auth-770-vtop.vit.ac.in
13,13,0,1,0,0,0,0,0,0.9230769230769231,0.9192307692307693,0,-1,-1,micrisoft.com
27,27,0,1,3,0,3,0,0,0.35,0.44753086419753085,0,-1,-1,secure-auth-640-twitter.com
27,27,0,1,3,0,3,0,0,0.4,0.4703703703703703,0,-1,-1,secure-auth-274-dropbox.com
11,11,0,1,0,0,0,0,0,0.5714285714285714,0.8007575757575758,0,-1,-1,baclays.com
12,12,0,1,0,0,0,0,0,0.56,0.6596459096459096,0,-1,-1,facebooo.com
9,9,0,1,0,0,0,0,0,0.5263157894736843,0.6444444444444444,0,-1,-1,slacj.com
20,20,0,1,1,0,0,0,0,0.4242424242424242,0.602991452991453,0,-1,-1,account-facebook.com
10,10,0,1,0,0,0,0,0,0.3157894736842105,0.5333333333333333,0,-1,-1,harvar.edu
28,28,0,1,3,0,3,0,0,0.3902439024390244,0.5009157509157509,0,-1,-1,secure-auth-545-facebook.com
17,17,0,1,0,0,0,0,0,0.4666666666666667,0.5703242835595778,0,-1,-1,bajkofamerica.com
27,27,0,1,3,0,3,0,0,0.35,0.44753086419753085,0,-1,-1,secure-auth-470-netflix.com
26,26,0,1,3,0,3,0,0,0.3589743589743589,0.452991452991453,0,-1,-1,secure-auth-790-amazon.com
15,15,0,1,1,0,0,0,0,0.3571428571428571,0.5444444444444444,0,-1,-1,zoom-support.us
24,24,0,2,3,0,3,0,0,0.303030303030303,0.5148046398046398,0,-1,-1,secure-auth-474-ox.ac.uk
12,12,0,1,0,0,0,0,0,0.96,0.9846153846153847,0,-1,-1,microsoft.co
12,12,0,1,0,0,0,0,0,0.24,0.46709401709401704,0,-1,-1,stsnford.edu
11,11,0,1,0,0,0,0,0,0.30000000000000004,0.47377622377622375,0,-1,-1,tanford.edu
12,12,0,1,0,0,0,0,0,0.56,0.6773504273504273,0,-1,-1,instaram.com
10,10,0,1,0,0,0,0,0,0.4,0.6,0,-1,-1,harvard.cc
25,25,0,1,3,0,3,0,0,0.368421052631579,0.4615384615384615,0,-1,-1,secure-auth-801-chase.com
18,18,0,1,1,0,0,0,0,0.4516129032258065,0.6566951566951568,0,-1,-1,instagram-auth.com
25,25,0,1,3,0,3,0,0,0.4,0.4266666666666667,0,-1,-1,secure-auth-654-apple.com
26,26,0,1,3,0,3,0,0,0.3589743589743589,0.452991452991453,0,-1,-1,secure-auth-827-amazon.com
30,30,0,1,3,0,3,0,0,0.37209302325581395,0.44273504273504277,0,-1,-1,secure-auth-702-wellsfargo.com
26,26,0,1,3,0,3,0,0,0.3589743589743589,0.452991452991453,0,-1,-1,secure-auth-729-amazon.com
12,12,0,1,1,0,0,0,0,0.38095238095238093,0.547008547008547,0,-1,-1,mit-auth.edu
32,32,0,2,3,0,3,0,0,0.5263157894736843,0.6851851851851851,0,-1,-1,secure-auth-607-portal.azure.com
16,16,0,1,1,0,0,0,0,0.5517241379310345,0.67752849002849,0,-1,-1,spotify-auth.com
30,30,0,3,3,0,3,0,0,1.0,1.0,0,-1,-1,secure-auth-222-vtop.vit.ac.in
25,25,0,2,3,0,3,0,0,0.2941176470588235,0.47333333333333333,0,-1,-1,secure-auth-294-cam.ac.uk
9,9,0,1,0,0,0,0,0,0.5454545454545454,0.7000000000000001,0,-1,-1,slafk.com
25,25,0,1,3,0,3,0,0,0.368421052631579,0.4615384615384615,0,-1,-1,secure-auth-273-chase.com
28,28,0,1,3,0,3,0,0,0.3902439024390244,0.5009157509157509,0,-1,-1,secure-auth-940-facebook.com
25,25,0,1,3,0,3,0,0,0.368421052631579,0.4615384615384615,0,-1,-1,secure-auth-887-slack.com
14,14,0,1,0,0,0,0,0,0.4444444444444444,0.6039377289377289,0,-1,-1,wellsfarho.com
10,10,0,1,0,0,0,0,0,0.3157894736842105,0.5333333333333333,0,-1,-1,arvard.edu
11,11,0,1,0,0,0,0,0,0.33333333333333337,0.5463869463869464,0,-1,-1,dropbox.net
30,30,0,1,3,0,3,0,0,0.37209302325581395,0.48888888888888893,0,-1,-1,secure-auth-706-salesforce.com
16,16,0,2,1,0,0,0,0,0.48,0.625,0,-1,-1,verify-cam.ac.uk
29,29,0,1,3,0,3,0,0,0.38095238095238093,0.509323116219668,0,-1,-1,secure-auth-817-instagram.com
14,14,0,1,0,0,0,0,0,0.5,0.6857142857142856,0,-1,-1,wellsfargp.com
14,14,0,1,0,0,0,0,0,0.5,0.6672771672771672,0,-1,-1,sapesforce.com
25,25,0,1,3,0,3,0,0,0.4,0.4266666666666667,0,-1,-1,secure-auth-392-apple.com
30,30,0,1,3,0,3,0,0,0.37209302325581395,0.48888888888888893,0,-1,-1,secure-auth-357-salesforce.com
7,7,0,1,0,0,0,0,0,0.4,0.553113553113553,0,-1,-1,mir.edu
28,28,0,1,3,0,3,0,0,0.368421052631579,0.4543956043956044,0,-1,-1,secure-auth-801-barclays.com
14,14,0,1,0,0,0,0,0,0.5,0.6672771672771672,0,-1,-1,salesforcs.com
25,25,0,1,3,0,3,0,0,0.4,0.4266666666666667,0,-1,-1,secure-auth-465-apple.com
12,12,0,1,0,0,0,0,0,0.56,0.6182539682539682,0,-1,-1,faceboom.com
11,11,0,1,0,0,0,0,0,0.5,0.6297036297036297,0,-1,-1,twittrr.com
11,11,0,1,0,0,0,0,0,0.5,0.6515151515151515,0,-1,-1,twitrer.com
27,27,0,1,3,0,3,0,0,0.4,0.4703703703703703,0,-1,-1,secure-auth-349-dropbox.com
14,14,0,1,0,0,0,0,0,0.5,0.6672771672771672,0,-1,-1,saelsforce.com
30,30,0,1,3,0,3,0,0,0.37209302325581395,0.44273504273504277,0,-1,-1,secure-auth-556-wellsfargo.com
32,32,0,2,3,0,3,0,0,0.5263157894736843,0.6851851851851851,0,-1,-1,secure-auth-555-portal.azure.com
27,27,0,1,3,0,3,0,0,0.19999999999999996,0.4246913580246914,0,-1,-1,secure-auth-821-harvard.edu
25,25,0,1,3,0,3,0,0,0.368421052631579,0.4615384615384615,0,-1,-1,secure-auth-215-chase.com
30,30,0,1,3,0,3,0,0,0.37209302325581395,0.48888888888888893,0,-1,-1,secure-auth-301-salesforce.com
11,11,0,1,0,0,0,0,0,0.5714285714285714,0.7151515151515152,0,-1,-1,ddopbox.com
11,11,0,1,0,0,0,0,0,0.5833333333333333,0.7257187257187256,0,-1,-1,soptify.com
17,17,0,1,3,0,1,0,0,0.6666666666666667,0.8098039215686276,1,-1,-1,xn--paypl-7ve.com
29,29,0,1,3,0,3,0,0,0.6190476190476191,0.45042314007831247,0,-1,-1,secure-auth-411-microsoft.com
26,26,0,1,3,0,3,0,0,0.5555555555555556,0.4256410256410256,0,-1,-1,secure-auth-133-paypal.com
24,24,0,1,1,0,0,0,0,0.43243243243243246,0.577991452991453,0,-1,-1,secure-bankofamerica.com
12,12,0,1,0,0,0,0,0,0.4545454545454546,0.638888888888889,0,-1,-1,linkddin.com
28,28,0,1,3,0,3,0,0,0.3414634146341463,0.5113756613756614,0,-1,-1,secure-auth-598-linkedin.com
9,9,0,1,0,0,0,0,0,0.736842105263158,0.7783068783068784,0,-1,-1,aplle.com
32,32,0,2,3,0,3,0,0,0.5263157894736843,0.6851851851851851,0,-1,-1,secure-auth-637-portal.azure.com
25,25,0,1,3,0,3,0,0,0.4,0.4266666666666667,0,-1,-1,secure-auth-237-apple.com
27,27,0,1,3,0,3,0,0,0.35,0.44753086419753085,0,-1,-1,secure-auth-272-twitter.com
17,17,0,1,1,0,0,0,0,0.4666666666666667,0.5398692810457516,0,-1,-1,secure-amazon.com
26,26,0,1,3,0,3,0,0,0.5555555555555556,0.47179487179487173,0,-1,-1,secure-auth-527-google.com
26,26,0,1,3,0,3,0,0,0.3589743589743589,0.44943019943019946,0,-1,-1,secure-auth-251-github.com
18,18,0,1,1,0,0,0,0,0.5,0.6231481481481481,0,-1,-1,barclays-login.com
27,27,0,1,3,0,3,0,0,0.4,0.4703703703703703,0,-1,-1,secure-auth-210-dropbox.com
26,26,0,1,3,0,3,0,0,0.3589743589743589,0.452991452991453,0,-1,-1,secure-auth-759-amazon.com
8,8,0,2,0,0,0,0,0,0.47058823529411764,0.5648148148148148,0,-1,-1,ca.ac.uk
9,9,0,1,0,0,0,0,0,0.631578947368421,0.7555555555555555,0,-1,-1,adove.com
8,8,0,1,0,0,0,0,0,0.47619047619047616,0.6333333333333333,0,-1,-1,hsbv.com
33,33,0,1,3,0,3,0,0,0.34782608695652173,0.5070707070707071,0,-1,-1,secure-auth-718-bankofamerica.com
18,18,0,1,1,0,0,0,0,0.5161290322580645,0.6566951566951568,0,-1,-1,secure-dropbox.com
16,16,0,1,1,0,0,0,0,0.48275862068965514,0.6110347985347985,0,-1,-1,twitter-auth.com
28,28,0,1,3,0,3,0,0,0.3414634146341463,0.4543956043956044,0,-1,-1,secure-auth-137-citibank.com
18,18,0,1,1,0,0,0,0,0.4516129032258065,0.6032763532763533,0,-1,-1,account-amazon.com
30,30,0,1,3,0,3,0,0,0.37209302325581395,0.44273504273504277,0,-1,-1,secure-auth-329-wellsfargo.com
28,28,0,1,3,0,3,0,0,0.368421052631579,0.4543956043956044,0,-1,-1,secure-auth-946-barclays.com
13,13,0,2,0,0,0,0,0,0.5882352941176471,0.836111111111111,0,-1,-1,vtop.vit.club
10,10,0,1,0,0,0,0,0,0.6,0.7333333333333334,0,-1,-1,amazin.com
26,26,0,1,3,0,3,0,0,0.5555555555555556,0.4256410256410256,0,-1,-1,secure-auth-171-paypal.com
27,27,0,1,3,0,3,0,0,0.35,0.44753086419753085,0,-1,-1,secure-auth-754-netflix.com
27,27,0,1,3,0,3,0,0,0.4,0.4703703703703703,0,-1,-1,secure-auth-240-dropbox.com
24,24,0,2,3,0,3,0,0,0.303030303030303,0.5148046398046398,0,-1,-1,secure-auth-413-ox.ac.uk
10,10,0,1,0,0,0,0,0,0.9,0.97,0,-1,-1,pyapal.com
27,27,0,1,3,0,3,0,0,0.35,0.44753086419753085,0,-1,-1,secure-auth-919-twitter.com
30,30,0,1,3,0,3,0,0,0.37209302325581395,0.48888888888888893,0,-1,-1,secure-auth-360-salesforce.com
25,25,0,1,3,0,3,0,0,0.368421052631579,0.4615384615384615,0,-1,-1,secure-auth-990-slack.com
13,13,0,1,0,0,0,0,0,0.5217391304347826,0.6509157509157509,0,-1,-1,salesfoce.com
27,27,0,1,3,0,3,0,0,0.44999999999999996,0.4703703703703703,0,-1,-1,secure-auth-555-spotify.com
30,30,0,1,3,0,3,0,0,0.37209302325581395,0.48888888888888893,0,-1,-1,secure-auth-292-salesforce.com
26,26,0,1,3,0,3,0,0,0.3589743589743589,0.44943019943019946,0,-1,-1,secure-auth-780-github.com
22,22,0,1,1,0,0,0,0,0.4571428571428572,0.5893550893550894,0,-1,-1,account-wellsfargo.com
30,30,0,1,3,0,3,0,0,0.37209302325581395,0.48888888888888893,0,-1,-1,secure-auth-707-salesforce.com
25,25,0,1,3,0,3,0,0,0.368421052631579,0.4615384615384615,0,-1,-1,secure-auth-662-chase.com
28,28,0,1,3,0,3,0,0,0.3902439024390244,0.5009157509157509,0,-1,-1,secure-auth-811-facebook.com
24,24,0,2,3,0,3,0,0,0.303030303030303,0.5148046398046398,0,-1,-1,secure-auth-583-ox.ac.uk
28,28,0,1,3,0,3,0,0,0.24390243902439024,0.469047619047619,0,-1,-1,secure-auth-771-stanford.edu
26,26,0,1,3,0,3,0,0,0.3589743589743589,0.452991452991453,0,-1,-1,secure-auth-426-amazon.com
12,12,0,1,0,0,0,0,0,0.56,0.7134920634920635,0,-1,-1,fcaebook.com
27,27,0,1,3,0,3,0,0,0.35,0.44753086419753085,0,-1,-1,secure-auth-180-twitter.com
30,30,0,3,3,0,3,0,0,1.0,1.0,0,-1,-1,secure-auth-674-vtop.vit.ac.in
26,26,0,1,3,0,3,0,0,0.5555555555555556,0.4256410256410256,0,-1,-1,secure-auth-296-paypal.com
26,26,0,1,3,0,3,0,0,0.3589743589743589,0.452991452991453,0,-1,-1,secure-auth-472-amazon.com
13,13,0,1,0,0,0,0,0,0.5217391304347826,0.5970695970695971,0,-1,-1,knstagram.com
9,9,0,1,0,0,0,0,0,0.42105263157894735,0.6148148148148148,0,-1,-1,adobe.top
9,9,0,1,0,0,0,0,0,0.5454545454545454,0.6296296296296297,0,-1,-1,ithub.com
15,15,0,2,1,0,0,0,0,0.41666666666666663,0.5777777777777778,0,-1,-1,login-cam.ac.uk
30,30,0,1,3,0,3,0,0,0.37209302325581395,0.48888888888888893,0,-1,-1,secure-auth-406-salesforce.com
18,18,0,1,1,0,0,0,0,0.4516129032258065,0.64494301994302,0,-1,-1,verify-netflix.com
26,26,0,1,3,0,3,0,0,0.3589743589743589,0.452991452991453,0,-1,-1,secure-auth-970-amazon.com
28,28,0,1,3,0,3,0,0,0.368421052631579,0.4543956043956044,0,-1,-1,secure-auth-961-barclays.com
27,27,0,1,3,0,3,0,0,0.4,0.4703703703703703,0,-1,-1,secure-auth-572-dropbox.com
27,27,0,1,3,0,3,0,0,0.19999999999999996,0.4246913580246914,0,-1,-1,secure-auth-167-harvard.edu
32,32,0,2,3,0,3,0,0,0.5263157894736843,0.6851851851851851,0,-1,-1,secure-auth-665-portal.azure.com
29,29,0,1,3,0,3,0,0,0.38095238095238093,0.509323116219668,0,-1,-1,secure-auth-618-instagram.com
27,27,0,1,3,0,3,0,0,0.44999999999999996,0.4703703703703703,0,-1,-1,secure-auth-178-spotify.com
30,30,0,3,3,0,3,0,0,1.0,1.0,0,-1,-1,secure-auth-539-vtop.vit.ac.in
32,32,0,2,3,0,3,0,0,0.5263157894736843,0.6851851851851851,0,-1,-1,secure-auth-382-portal.azure.com
30,30,0,3,3,0,3,0,0,1.0,1.0,0,-1,-1,secure-auth-396-vtop.vit.ac.in
32,32,0,2,3,0,3,0,0,0.5263157894736843,0.6851851851851851,0,-1,-1,secure-auth-140-portal.azure.com
27,27,0,1,3,0,3,0,0,0.4,0.4703703703703703,0,-1,-1,secure-auth-504-dropbox.com
26,26,0,1,3,0,3,0,0,0.5555555555555556,0.47179487179487173,0,-1,-1,secure-auth-968-google.com
30,30,0,3,3,0,3,0,0,1.0,1.0,0,-1,-1,secure-auth-591-vtop.vit.ac.in
27,27,0,1,3,0,3,0,0,0.44999999999999996,0.4703703703703703,0,-1,-1,secure-auth-163-spotify.com
27,27,0,1,3,0,3,0,0,0.19999999999999996,0.4246913580246914,0,-1,-1,secure-auth-102-harvard.edu
26,26,0,1,3,0,3,0,0,0.5555555555555556,0.47179487179487173,0,-1,-1,secure-auth-858-google.com
30,30,0,3,3,0,3,0,0,1.0,1.0,0,-1,-1,secure-auth-665-vtop.vit.ac.in
33,33,0,1,3,0,3,0,0,0.34782608695652173,0.5070707070707071,0,-1,-1,secure-auth-324-bankofamerica.com
29,29,0,1,3,0,3,0,0,0.38095238095238093,0.509323116219668,0,-1,-1,secure-auth-276-instagram.com
29,29,0,1,3,0,3,0,0,0.6190476190476191,0.45042314007831247,0,-1,-1,secure-auth-420-microsoft.com
12,12,0,1,0,0,0,0,0,0.5454545454545454,0.7805555555555556,0,-1,-1,barvlays.com
29,29,0,1,3,0,3,0,0,0.38095238095238093,0.509323116219668,0,-1,-1,secure-auth-448-instagram.com
12,12,0,1,0,0,0,0,0,0.5454545454545454,0.7000000000000001,0,-1,-1,linkedjn.com
26,26,0,1,3,0,3,0,0,0.3589743589743589,0.44943019943019946,0,-1,-1,secure-auth-719-github.com
26,26,0,1,3,0,3,0,0,0.3589743589743589,0.452991452991453,0,-1,-1,secure-auth-716-amazon.com
25,25,0,1,3,0,3,0,0,0.368421052631579,0.47333333333333333,0,-1,-1,secure-auth-582-adobe.com
25,25,0,1,3,0,3,0,0,0.368421052631579,0.4615384615384615,0,-1,-1,secure-auth-850-chase.com
23,23,0,1,3,0,3,0,0,0.2222222222222222,0.47681159420289854,0,-1,-1,secure-auth-541-mit.edu
30,30,0,1,3,0,3,0,0,0.37209302325581395,0.44273504273504277,0,-1,-1,secure-auth-660-wellsfargo.com
8,8,0,1,0,0,0,0,0,0.47619047619047616,0.6032051282051282,0,-1,-1,hzbc.com
28,28,0,1,3,0,3,0,0,0.3414634146341463,0.5113756613756614,0,-1,-1,secure-auth-721-linkedin.com
27,27,0,1,3,0,3,0,0,0.19999999999999996,0.4246913580246914,0,-1,-1,secure-auth-318-harvard.edu
26,26,0,1,3,0,3,0,0,0.3589743589743589,0.452991452991453,0,-1,-1,secure-auth-773-amazon.com
17,17,0,1,0,0,0,0,0,0.4666666666666667,0.6119909502262444,0,-1,-1,bankofametica.com
11,11,0,1,0,0,0,0,0,0.47619047619047616,0.6515151515151515,0,-1,-1,netfkix.com
28,28,0,1,3,0,3,0,0,0.3902439024390244,0.5009157509157509,0,-1,-1,secure-auth-265-facebook.com
29,29,0,1,3,0,3,0,0,0.6190476190476191,0.45042314007831247,0,-1,-1,secure-auth-148-microsoft.com
28,28,0,1,3,0,3,0,0,0.3902439024390244,0.5009157509157509,0,-1,-1,secure-auth-831-facebook.com
15,15,0,1,1,0,0,0,0,0.4285714285714286,0.6205128205128205,0,-1,-1,github-auth.com
32,32,0,2,3,0,3,0,0,0.5263157894736843,0.6851851851851851,0,-1,-1,secure-auth-794-portal.azure.com
17,17,0,1,0,0,0,0,0,0.4666666666666667,0.5703242835595778,0,-1,-1,bankofzmerica.com
30,30,0,3,3,0,3,0,0,1.0,1.0,0,-1,-1,secure-auth-423-vtop.vit.ac.in
30,30,0,3,3,0,3,0,0,1.0,1.0,0,-1,-1,secure-auth-844-vtop.vit.ac.in
28,28,0,1,3,0,3,0,0,0.24390243902439024,0.469047619047619,0,-1,-1,secure-auth-930-stanford.edu
26,26,0,1,3,0,3,0,0,0.5555555555555556,0.4256410256410256,0,-1,-1,secure-auth-336-paypal.com
12,12,0,1,0,0,0,0,0,0.48,0.6441798941798942,0,-1,-1,ciitbank.com
18,18,0,1,1,0,0,0,0,0.5,0.6231481481481481,0,-1,-1,support-amazon.com
32,32,0,2,3,0,3,0,0,0.5263157894736843,0.6851851851851851,0,-1,-1,secure-auth-212-portal.azure.com
23,23,0,1,3,0,3,0,0,0.2777777777777778,0.5246376811594203,0,-1,-1,secure-auth-406-zoom.us
24,24,0,2,3,0,3,0,0,0.303030303030303,0.5148046398046398,0,-1,-1,secure-auth-248-ox.ac.uk
9,9,0,1,0,0,0,0,0,0.631578947368421,0.7555555555555555,0,-1,-1,amazn.com
32,32,0,2,3,0,3,0,0,0.5263157894736843,0.6851851851851851,0,-1,-1,secure-auth-341-portal.azure.com
27,27,0,1,3,0,3,0,0,0.35,0.44753086419753085,0,-1,-1,secure-auth-922-twitter.com
11,11,0,1,0,0,0,0,0,0.41666666666666663,0.6297036297036297,0,-1,-1,spotify.top
9,9,0,1,0,0,0,0,0,0.5263157894736843,0.6185185185185186,0,-1,-1,amazon.co
23,23,0,1,3,0,3,0,0,0.2222222222222222,0.47681159420289854,0,-1,-1,secure-auth-797-mit.edu
26,26,0,1,3,0,3,0,0,0.3589743589743589,0.452991452991453,0,-1,-1,secure-auth-201-amazon.com
14,14,0,1,0,0,0,0,0,0.5217391304347826,0.6428571428571428,0,-1,-1,instagram.info
27,27,0,1,3,0,3,0,0,0.35,0.44753086419753085,0,-1,-1,secure-auth-614-netflix.com
30,30,0,1,3,0,3,0,0,0.37209302325581395,0.48888888888888893,0,-1,-1,secure-auth-429-salesforce.com
7,7,0,1,0,0,0,0,0,0.5,0.671957671957672,0,-1,-1,mit.biz
27,27,0,1,3,0,3,0,0,0.35,0.44753086419753085,0,-1,-1,secure-auth-265-netflix.com
9,9,0,1,0,0,0,0,0,0.736842105263158,0.8546296296296297,0,-1,-1,appld.com
23,23,0,1,3,0,3,0,0,0.2222222222222222,0.47681159420289854,0,-1,-1,secure-auth-148-mit.edu
27,27,0,1,3,0,3,0,0,0.44999999999999996,0.4703703703703703,0,-1,-1,secure-auth-973-spotify.com
27,27,0,1,3,0,3,0,0,0.44999999999999996,0.4703703703703703,0,-1,-1,secure-auth-332-spotify.com
6,6,0,1,0,0,0,0,0,0.3157894736842105,0.5185185185185185,0,-1,-1,mt.edu
17,17,0,1,0,0,0,0,0,0.4666666666666667,0.6294620412267471,0,-1,-1,bankofamsrica.com
30,30,0,3,3,0,3,0,0,1.0,1.0,0,-1,-1,secure-auth-820-vtop.vit.ac.in
14,14,0,1,3,0,0,0,0,0.25,0.4785714285714286,1,-1,-1,xn--zom-ted.us
29,29,0,1,3,0,3,0,0,0.6190476190476191,0.45042314007831247,0,-1,-1,secure-auth-717-microsoft.com
30,30,0,3,3,0,3,0,0,1.0,1.0,0,-1,-1,secure-auth-748-vtop.vit.ac.in
11,11,0,1,0,0,0,0,0,0.33333333333333337,0.5578865578865578,0,-1,-1,spotify.biz
14,14,0,1,0,0,0,0,0,0.5,0.6672771672771672,0,-1,-1,saledforce.com
23,23,0,1,3,0,3,0,0,0.2222222222222222,0.47681159420289854,0,-1,-1,secure-auth-472-mit.edu
9,9,0,1,0,0,0,0,0,0.5454545454545454,0.6851851851851851,0,-1,-1,gitub.com
30,30,0,3,3,0,3,0,0,1.0,1.0,0,-1,-1,secure-auth-591-vtop.vit.ac.in
17,17,0,1,0,0,0,0,0,0.5185185185185186,0.6086834733893558,0,-1,-1,gankofamerica.com
27,27,0,1,3,0,3,0,0,0.19999999999999996,0.4246913580246914,0,-1,-1,secure-auth-622-harvard.edu
27,27,0,1,3,0,3,0,0,0.35,0.44753086419753085,0,-1,-1,secure-auth-428-netflix.com
33,33,0,1,3,0,3,0,0,0.34782608695652173,0.5070707070707071,0,-1,-1,secure-auth-633-bankofamerica.com
30,30,0,1,3,0,3,0,0,0.37209302325581395,0.44273504273504277,0,-1,-1,secure-auth-497-wellsfargo.com
9,9,0,1,0,0,0,0,0,0.631578947368421,0.7555555555555555,0,-1,-1,axobe.com
29,29,0,1,3,0,3,0,0,0.38095238095238093,0.509323116219668,0,-1,-1,secure-auth-301-instagram.com
12,12,0,1,0,0,0,0,0,0.48,0.638888888888889,0,-1,-1,citobank.com
17,17,0,1,1,0,0,0,0,0.7407407407407407,0.9176470588235295,0,-1,-1,google-update.com
25,25,0,2,3,0,3,0,0,0.2941176470588235,0.47333333333333333,0,-1,-1,secure-auth-755-cam.ac.uk
26,26,0,1,3,0,3,0,0,0.5555555555555556,0.47179487179487173,0,-1,-1,secure-auth-594-google.com
8,8,0,2,0,0,0,0,0,0.47058823529411764,0.6481481481481481,0,-1,-1,kx.ac.uk
30,30,0,3,3,0,3,0,0,1.0,1.0,0,-1,-1,secure-auth-968-vtop.vit.ac.in
28,28,0,1,3,0,3,0,0,0.3414634146341463,0.5113756613756614,0,-1,-1,secure-auth-681-linkedin.com
8,8,0,1,0,0,0,0,0,0.7777777777777778,0.8107142857142856,0,-1,-1,aple.com
25,25,0,1,3,0,3,0,0,0.368421052631579,0.4615384615384615,0,-1,-1,secure-auth-360-slack.com
28,28,0,1,3,0,3,0,0,0.368421052631579,0.4543956043956044,0,-1,-1,secure-auth-917-barclays.com
19,19,0,1,1,0,0,0,0,0.4375,0.5538124156545209,0,-1,-1,login-instagram.com
27,27,0,1,3,0,3,0,0,0.35,0.44753086419753085,0,-1,-1,secure-auth-139-twitter.com
28,28,0,1,3,0,3,0,0,0.3414634146341463,0.4543956043956044,0,-1,-1,secure-auth-228-citibank.com
25,25,0,1,3,0,3,0,0,0.4,0.4266666666666667,0,-1,-1,secure-auth-650-apple.com
14,14,0,1,0,0,0,0,0,0.5,0.6672771672771672,0,-1,-1,salesforcw.com
30,30,0,1,3,0,3,0,0,0.37209302325581395,0.44273504273504277,0,-1,-1,secure-auth-723-wellsfargo.com
33,33,0,1,3,0,3,0,0,0.34782608695652173,0.5070707070707071,0,-1,-1,secure-auth-133-bankofamerica.com
25,25,0,1,3,0,3,0,0,0.4,0.4266666666666667,0,-1,-1,secure-auth-690-apple.com
11,11,0,1,0,0,0,0,0,0.5,0.6558857808857809,0,-1,-1,twitfer.com
25,25,0,1,3,0,3,0,0,0.368421052631579,0.4615384615384615,0,-1,-1,secure-auth-330-chase.com
24,24,0,2,3,0,3,0,0,0.303030303030303,0.5148046398046398,0,-1,-1,secure-auth-793-ox.ac.uk
25,25,0,2,3,0,3,0,0,0.2941176470588235,0.47333333333333333,0,-1,-1,secure-auth-311-cam.ac.uk
30,30,0,1,3,0,3,0,0,0.37209302325581395,0.44273504273504277,0,-1,-1,secure-auth-150-wellsfargo.com
9,9,0,1,0,0,0,0,0,0.5263157894736843,0.6851851851851851,0,-1,-1,adobd.com
11,11,0,1,0,0,0,0,0,0.41666666666666663,0.6130536130536131,0,-1,-1,facebook.ml
27,27,0,1,3,0,3,0,0,0.19999999999999996,0.4246913580246914,0,-1,-1,secure-auth-867-harvard.edu
12,12,0,1,0,0,0,0,0,0.56,0.7072649572649573,0,-1,-1,facwbook.com
28,28,0,1,3,0,3,0,0,0.3902439024390244,0.5009157509157509,0,-1,-1,secure-auth-743-facebook.com
11,11,0,1,0,0,0,0,0,0.5833333333333333,0.724941724941725,0,-1,-1,dropbxo.com
25,25,0,1,3,0,3,0,0,0.4,0.4266666666666667,0,-1,-1,secure-auth-926-apple.com
29,29,0,1,3,0,3,0,0,0.6190476190476191,0.45042314007831247,0,-1,-1,secure-auth-660-microsoft.com
30,30,0,3,3,0,3,0,0,1.0,1.0,0,-1,-1,secure-auth-419-vtop.vit.ac.in
13,13,0,1,0,0,0,0,0,0.8461538461538461,0.9384615384615385,0,-1,-1,microsoft.top
23,23,0,1,1,0,0,0,0,0.4444444444444444,0.683895814330597,0,-1,-1,bankofamerica-login.com
28,28,0,1,3,0,3,0,0,0.3414634146341463,0.4543956043956044,0,-1,-1,secure-auth-981-citibank.com
17,17,0,1,3,0,0,0,0,0.6666666666666667,0.8098039215686276,1,-1,-1,xn--gogle-kye.com
11,11,0,1,0,0,0,0,0,0.38095238095238093,0.5878787878787879,0,-1,-1,harvard.top
33,33,0,1,3,0,3,0,0,0.34782608695652173,0.5070707070707071,0,-1,-1,secure-auth-599-bankofamerica.com
28,28,0,1,3,0,3,0,0,0.24390243902439024,0.469047619047619,0,-1,-1,secure-auth-285-stanford.edu
9,9,0,1,0,0,0,0,0,0.4444444444444444,0.6296296296296297,0,-1,-1,github.cc
27,27,0,1,3,0,3,0,0,0.35,0.44753086419753085,0,-1,-1,secure-auth-935-twitter.com
28,28,0,1,3,0,3,0,0,0.3902439024390244,0.5009157509157509,0,-1,-1,secure-auth-997-facebook.com
23,23,0,1,3,0,3,0,0,0.2222222222222222,0.47681159420289854,0,-1,-1,secure-auth-207-mit.edu
11,11,0,1,0,0,0,0,0,0.30000000000000004,0.47377622377622375,0,-1,-1,twitter.xyz
27,27,0,1,3,0,3,0,0,0.4,0.4703703703703703,0,-1,-1,secure-auth-230-dropbox.com
21,21,0,1,1,0,0,0,0,0.47058823529411764,0.6687756687756687,0,-1,-1,instagram-account.com
29,29,0,1,3,0,3,0,0,0.38095238095238093,0.509323116219668,0,-1,-1,secure-auth-453-instagram.com
30,30,0,3,3,0,3,0,0,1.0,1.0,0,-1,-1,secure-auth-892-vtop.vit.ac.in
24,24,0,1,3,0,3,0,0,0.3783783783783784,0.5662393162393162,0,-1,-1,secure-auth-728-hsbc.com
7,7,0,1,0,0,0,0,0,0.4,0.5026455026455027,0,-1,-1,mot.edu
29,29,0,1,3,0,3,0,0,0.38095238095238093,0.509323116219668,0,-1,-1,secure-auth-739-instagram.com
26,26,0,1,3,0,3,0,0,0.3589743589743589,0.44943019943019946,0,-1,-1,secure-auth-917-github.com
27,27,0,1,3,0,3,0,0,0.35,0.44753086419753085,0,-1,-1,secure-auth-237-netflix.com
26,26,0,1,3,0,3,0,0,0.3589743589743589,0.452991452991453,0,-1,-1,secure-auth-938-amazon.com
25,25,0,1,3,0,3,0,0,0.368421052631579,0.47333333333333333,0,-1,-1,secure-auth-256-adobe.com
7,7,0,1,0,0,0,0,0,0.47058823529411764,0.6714285714285714,0,-1,-1,zoom.ml
23,23,0,1,3,0,3,0,0,0.2777777777777778,0.5246376811594203,0,-1,-1,secure-auth-653-zoom.us
28,28,0,1,3,0,3,0,0,0.3414634146341463,0.4543956043956044,0,-1,-1,secure-auth-205-citibank.com
30,30,0,1,3,0,3,0,0,0.37209302325581395,0.48888888888888893,0,-1,-1,secure-auth-310-salesforce.com
19,19,0,1,3,0,0,0,0,0.4137931034482759,0.5880084827453248,1,-1,-1,xn--barclas-kkg.com
24,24,0,2,3,0,3,0,0,0.303030303030303,0.5148046398046398,0,-1,-1,secure-auth-229-ox.ac.uk
12,12,0,1,0,0,0,0,0,0.5454545454545454,0.7000000000000001,0,-1,-1,citibanl.com
28,28,0,1,3,0,3,0,0,0.3414634146341463,0.4543956043956044,0,-1,-1,secure-auth-560-citibank.com
12,12,0,1,0,0,0,0,0,0.2857142857142857,0.46709401709401704,0,-1,-1,stahford.edu
25,25,0,1,3,0,3,0,0,0.4,0.4266666666666667,0,-1,-1,secure-auth-822-apple.com
26,26,0,1,3,0,3,0,0,0.5555555555555556,0.4256410256410256,0,-1,-1,secure-auth-623-paypal.com
15,15,0,2,1,0,0,0,0,0.41666666666666663,0.626984126984127,0,-1,-1,portal-ox.ac.uk
9,9,0,1,0,0,0,0,0,0.5263157894736843,0.7000000000000001,0,-1,-1,sladk.com
27,27,0,1,3,0,3,0,0,0.4,0.4703703703703703,0,-1,-1,secure-auth-154-dropbox.com
14,14,0,1,1,0,0,0,0,0.37037037037037035,0.5366300366300366,0,-1,-1,secure-zoom.us
10,10,0,1,0,0,0,0,0,0.3157894736842105,0.5333333333333333,0,-1,-1,netflix.cc
14,14,0,1,0,0,0,0,0,0.5,0.638095238095238,0,-1,-1,wellsvargo.com
12,12,0,1,0,0,0,0,0,0.48,0.638888888888889,0,-1,-1,ciribank.com
27,27,0,1,3,0,3,0,0,0.19999999999999996,0.4246913580246914,0,-1,-1,secure-auth-731-harvard.edu
9,9,0,1,0,0,0,0,0,0.5454545454545454,0.6851851851851851,0,-1,-1,cuase.com
27,27,0,1,3,0,3,0,0,0.44999999999999996,0.4703703703703703,0,-1,-1,secure-auth-513-spotify.com
29,29,0,1,3,0,3,0,0,0.6190476190476191,0.45042314007831247,0,-1,-1,secure-auth-618-microsoft.com
25,25,0,1,3,0,3,0,0,0.368421052631579,0.4615384615384615,0,-1,-1,secure-auth-460-chase.com
9,9,0,1,0,0,0,0,0,0.631578947368421,0.7000000000000001,0,-1,-1,spack.com
15,15,0,2,1,0,0,0,0,0.5,0.6888888888888888,0,-1,-1,ox-verify.ac.uk
24,24,0,1,3,0,3,0,0,0.3783783783783784,0.5662393162393162,0,-1,-1,secure-auth-268-hsbc.com
25,25,0,1,3,0,3,0,0,0.368421052631579,0.4615384615384615,0,-1,-1,secure-auth-672-slack.com
17,17,0,1,0,0,0,0,0,0.4666666666666667,0.6119909502262444,0,-1,-1,bankofamerifa.com
18,18,0,1,3,0,1,0,0,0.4516129032258065,0.6566951566951568,1,-1,-1,xn--spotif-1rf.com
26,26,0,1,3,0,3,0,0,0.5555555555555556,0.47179487179487173,0,-1,-1,secure-auth-508-google.com
9,9,0,1,0,0,0,0,0,0.33333333333333337,0.5444444444444444,0,-1,-1,adobe.biz
28,28,0,1,3,0,3,0,0,0.3902439024390244,0.5009157509157509,0,-1,-1,secure-auth-316-facebook.com
15,15,0,2,0,0,0,0,0,0.5555555555555556,0.7083333333333334,0,-1,-1,portal.azre.com
23,23,0,1,3,0,3,0,0,0.2222222222222222,0.47681159420289854,0,-1,-1,secure-auth-529-mit.edu
30,30,0,1,3,0,3,0,0,0.37209302325581395,0.44273504273504277,0,-1,-1,secure-auth-474-wellsfargo.com
8,8,0,1,0,0,0,0,0,0.5555555555555556,0.7277777777777779,0,-1,-1,apple.ml
30,30,0,3,3,0,3,0,0,1.0,1.0,0,-1,-1,secure-auth-557-vtop.vit.ac.in
20,20,0,1,1,0,0,0,0,0.4242424242424242,0.565954415954416,0,-1,-1,verify-instagram.com
9,9,0,1,0,0,0,0,0,0.631578947368421,0.7000000000000001,0,-1,-1,salck.com
25,25,0,1,3,0,3,0,0,0.4,0.4266666666666667,0,-1,-1,secure-auth-283-apple.com
27,27,0,1,3,0,3,0,0,0.44999999999999996,0.4703703703703703,0,-1,-1,secure-auth-615-spotify.com
23,23,0,1,3,0,3,0,0,0.2777777777777778,0.5246376811594203,0,-1,-1,secure-auth-891-zoom.us
11,11,0,1,0,0,0,0,0,0.5833333333333333,0.724941724941725,0,-1,-1,facbook.com
25,25,0,1,3,0,3,0,0,0.368421052631579,0.47333333333333333,0,-1,-1,secure-auth-204-adobe.com
25,25,0,1,3,0,3,0,0,0.4,0.4266666666666667,0,-1,-1,secure-auth-382-apple.com
12,12,0,1,0,0,0,0,0,0.5454545454545454,0.7000000000000001,0,-1,-1,linkedni.com
14,14,0,1,1,0,0,0,0,0.2962962962962963,0.4785714285714286,0,-1,-1,secure-mit.edu
25,25,0,1,3,0,3,0,0,0.368421052631579,0.4615384615384615,0,-1,-1,secure-auth-674-chase.com
8,8,0,1,0,0,0,0,0,0.47619047619047616,0.6260683760683761,0,-1,-1,nsbc.com
11,11,0,1,0,0,0,0,0,0.5,0.6515151515151515,0,-1,-1,tqitter.com
24,24,0,2,3,0,3,0,0,0.303030303030303,0.5148046398046398,0,-1,-1,secure-auth-679-ox.ac.uk
11,11,0,1,0,0,0,0,0,0.47619047619047616,0.6515151515151515,0,-1,-1,ndtflix.com
26,26,0,1,3,0,3,0,0,0.5555555555555556,0.4256410256410256,0,-1,-1,secure-auth-695-paypal.com
29,29,0,1,3,0,3,0,0,0.38095238095238093,0.509323116219668,0,-1,-1,secure-auth-569-instagram.com
23,23,0,1,3,0,3,0,0,0.2777777777777778,0.5246376811594203,0,-1,-1,secure-auth-741-zoom.us
27,27,0,1,3,0,3,0,0,0.4,0.4703703703703703,0,-1,-1,secure-auth-539-dropbox.com
14,14,0,3,0,0,0,0,0,0.8888888888888888,0.9259259259259259,0,-1,-1,vtop.git.ac.in
13,13,0,1,0,0,0,0,0,0.9230769230769231,0.9358974358974359,0,-1,-1,microskft.com
11,11,0,1,0,0,0,0,0,0.5714285714285714,0.7151515151515152,0,-1,-1,zpotify.com
30,30,0,1,3,0,3,0,0,0.37209302325581395,0.48888888888888893,0,-1,-1,secure-auth-229-salesforce.com
33,33,0,1,3,0,3,0,0,0.34782608695652173,0.5070707070707071,0,-1,-1,secure-auth-682-bankofamerica.com
27,27,0,1,3,0,3,0,0,0.4,0.4703703703703703,0,-1,-1,secure-auth-672-dropbox.com
25,25,0,1,3,0,3,0,0,0.368421052631579,0.47333333333333333,0,-1,-1,secure-auth-819-adobe.com
10,10,0,1,0,0,0,0,0,0.34782608695652173,0.5615384615384615,0,-1,-1,twitter.ml
27,27,0,1,3,0,3,0,0,0.35,0.44753086419753085,0,-1,-1,secure-auth-435-netflix.com
27,27,0,1,3,0,3,0,0,0.35,0.44753086419753085,0,-1,-1,secure-auth-876-twitter.com
11,11,0,1,0,0,0,0,0,0.5714285714285714,0.7151515151515152,0,-1,-1,linkein.com
18,18,0,1,1,0,0,0,0,0.5,0.6962962962962962,0,-1,-1,dropbox-signin.com
9,9,0,1,0,0,0,0,0,0.736842105263158,0.825925925925926,0,-1,-1,apole.com
28,28,0,1,3,0,3,0,0,0.24390243902439024,0.469047619047619,0,-1,-1,secure-auth-698-stanford.edu
30,30,0,3,3,0,3,0,0,1.0,1.0,0,-1,-1,secure-auth-901-vtop.vit.ac.in
27,27,0,1,3,0,3,0,0,0.4,0.4703703703703703,0,-1,-1,secure-auth-842-dropbox.com
19,19,0,1,3,0,0,0,0,0.4137931034482759,0.5954790823211876,1,-1,-1,xn--citbank-tog.com
33,33,0,1,3,0,3,0,0,0.34782608695652173,0.5070707070707071,0,-1,-1,secure-auth-889-bankofamerica.com
24,24,0,1,3,0,3,0,0,0.3783783783783784,0.5662393162393162,0,-1,-1,secure-auth-142-hsbc.com
24,24,0,2,3,0,3,0,0,0.303030303030303,0.5148046398046398,0,-1,-1,secure-auth-873-ox.ac.uk
14,14,0,1,0,0,0,0,0,0.5,0.638095238095238,0,-1,-1,welslfargo.com
33,33,0,1,3,0,3,0,0,0.34782608695652173,0.5070707070707071,0,-1,-1,secure-auth-636-bankofamerica.com
25,25,0,1,3,0,3,0,0,0.368421052631579,0.47333333333333333,0,-1,-1,secure-auth-616-adobe.com
33,33,0,1,3,0,3,0,0,0.34782608695652173,0.5070707070707071,0,-1,-1,secure-auth-293-bankofamerica.com
28,28,0,1,3,0,3,0,0,0.3414634146341463,0.5113756613756614,0,-1,-1,secure-auth-984-linkedin.com
27,27,0,1,3,0,3,0,0,0.35,0.44753086419753085,0,-1,-1,secure-auth-673-twitter.com
13,13,0,1,0,0,0,0,0,0.5217391304347826,0.5970695970695971,0,-1,-1,insragram.com
15,15,0,1,1,0,0,0,0,0.4285714285714286,0.611111111111111,0,-1,-1,auth-github.com
26,26,0,1,3,0,3,0,0,0.5555555555555556,0.4256410256410256,0,-1,-1,secure-auth-719-paypal.com
28,28,0,1,3,0,3,0,0,0.3902439024390244,0.5009157509157509,0,-1,-1,secure-auth-488-facebook.com
14,14,0,1,0,0,0,0,0,0.5,0.638095238095238,0,-1,-1,wellsrargo.com
12,12,0,1,0,0,0,0,0,0.56,0.7072649572649573,0,-1,-1,dacebook.com
28,28,0,1,3,0,3,0,0,0.3414634146341463,0.4543956043956044,0,-1,-1,secure-auth-790-citibank.com
25,25,0,1,3,0,3,0,0,0.368421052631579,0.47333333333333333,0,-1,-1,secure-auth-501-adobe.com
16,16,0,2,1,0,0,0,0,0.31999999999999995,0.48148148148148145,0,-1,-1,secure-cam.ac.uk
12,12,0,1,0,0,0,0,0,0.4,0.5982905982905983,0,-1,-1,dropbox.info
28,28,0,1,3,0,3,0,0,0.24390243902439024,0.469047619047619,0,-1,-1,secure-auth-935-stanford.edu
20,20,0,1,1,0,0,0,0,0.7878787878787878,0.7551282051282051,0,-1,-1,secure-microsoft.com
18,18,0,1,1,0,0,0,0,0.5,0.6962962962962962,0,-1,-1,portal-netflix.com
8,8,0,2,0,0,0,0,0,0.47058823529411764,0.6481481481481481,0,-1,-1,xo.ac.uk
24,24,0,2,3,0,3,0,0,0.303030303030303,0.5148046398046398,0,-1,-1,secure-auth-197-ox.ac.uk
30,30,0,1,3,0,3,0,0,0.37209302325581395,0.48888888888888893,0,-1,-1,secure-auth-504-salesforce.com
30,30,0,1,3,0,3,0,0,0.37209302325581395,0.44273504273504277,0,-1,-1,secure-auth-433-wellsfargo.com
12,12,0,1,0,0,0,0,0,0.48,0.8379629629629629,0,-1,-1,vitibank.com
27,27,0,1,3,0,3,0,0,0.4,0.4703703703703703,0,-1,-1,secure-auth-921-dropbox.com
26,26,0,1,3,0,3,0,0,0.3589743589743589,0.452991452991453,0,-1,-1,secure-auth-887-amazon.com
30,30,0,3,3,0,3,0,0,1.0,1.0,0,-1,-1,secure-auth-233-vtop.vit.ac.in
9,9,0,1,0,0,0,0,0,0.631578947368421,0.7555555555555555,0,-1,-1,amaon.com
27,27,0,1,3,0,3,0,0,0.19999999999999996,0.4246913580246914,0,-1,-1,secure-auth-927-harvard.edu
12,12,0,1,0,0,0,0,0,0.48,0.6917989417989419,0,-1,-1,xitibank.com
24,24,0,2,3,0,3,0,0,0.303030303030303,0.5148046398046398,0,-1,-1,secure-auth-446-ox.ac.uk
29,29,0,1,3,0,3,0,0,0.6190476190476191,0.45042314007831247,0,-1,-1,secure-auth-399-microsoft.com
11,11,0,1,0,0,0,0,0,0.5,0.6515151515151515,0,-1,-1,twitted.com
19,19,0,1,1,0,0,0,0,0.5,0.6108861898335581,0,-1,-1,dropbox-account.com
27,27,0,1,3,0,3,0,0,0.4,0.4703703703703703,0,-1,-1,secure-auth-636-dropbox.com
28,28,0,1,3,0,3,0,0,0.24390243902439024,0.469047619047619,0,-1,-1,secure-auth-487-stanford.edu
13,13,0,1,0,0,0,0,0,0.5384615384615384,0.6446886446886446,0,-1,-1,instagdam.com
25,25,0,2,3,0,3,0,0,0.2941176470588235,0.47333333333333333,0,-1,-1,secure-auth-989-cam.ac.uk
28,28,0,1,3,0,3,0,0,0.3414634146341463,0.4543956043956044,0,-1,-1,secure-auth-987-citibank.com
27,27,0,1,3,0,3,0,0,0.44999999999999996,0.4703703703703703,0,-1,-1,secure-auth-548-spotify.com
19,19,0,1,3,0,1,0,0,0.4375,0.6371457489878543,1,-1,-1,xn--brclays-2fg.com
26,26,0,1,3,0,3,0,0,0.3589743589743589,0.452991452991453,0,-1,-1,secure-auth-686-amazon.com
8,8,0,1,0,0,0,0,0,0.5714285714285714,0.6333333333333333,0,-1,-1,chse.com
13,13,0,1,0,0,0,0,0,0.9230769230769231,0.9252136752136753,0,-1,-1,mictosoft.com
23,23,0,1,3,0,3,0,0,0.2777777777777778,0.5246376811594203,0,-1,-1,secure-auth-138-zoom.us
27,27,0,1,3,0,3,0,0,0.35,0.44753086419753085,0,-1,-1,secure-auth-761-netflix.com
24,24,0,1,3,0,3,0,0,0.3783783783783784,0.5662393162393162,0,-1,-1,secure-auth-107-hsbc.com
29,29,0,1,3,0,3,0,0,0.6190476190476191,0.45042314007831247,0,-1,-1,secure-auth-930-microsoft.com
14,14,0,1,0,0,0,0,0,0.33333333333333337,0.6039377289377289,0,-1,-1,salesforce.top
30,30,0,1,3,0,3,0,0,0.37209302325581395,0.44273504273504277,0,-1,-1,secure-auth-170-wellsfargo.com
24,24,0,2,3,0,3,0,0,0.303030303030303,0.5148046398046398,0,-1,-1,secure-auth-970-ox.ac.uk
27,27,0,1,3,0,3,0,0,0.35,0.44753086419753085,0,-1,-1,secure-auth-182-netflix.com
26,26,0,1,3,0,3,0,0,0.5555555555555556,0.47179487179487173,0,-1,-1,secure-auth-659-google.com
12,12,0,1,0,0,0,0,0,0.2857142857142857,0.46709401709401704,0,-1,-1,stnaford.edu
27,27,0,1,3,0,3,0,0,0.19999999999999996,0.4246913580246914,0,-1,-1,secure-auth-395-harvard.edu
11,11,0,1,0,0,0,0,0,0.5714285714285714,0.7151515151515152,0,-1,-1,twotter.com
27,27,0,1,3,0,3,0,0,0.4,0.4703703703703703,0,-1,-1,secure-auth-292-dropbox.com
14,14,0,1,0,0,0,0,0,0.5,0.638095238095238,0,-1,-1,eellsfargo.com
27,27,0,1,3,0,3,0,0,0.35,0.44753086419753085,0,-1,-1,secure-auth-429-netflix.com
9,9,0,1,0,0,0,0,0,0.631578947368421,0.7555555555555555,0,-1,-1,asobe.com
27,27,0,1,3,0,3,0,0,0.4,0.4703703703703703,0,-1,-1,secure-auth-158-dropbox.com
27,27,0,1,3,0,3,0,0,0.4,0.4703703703703703,0,-1,-1,secure-auth-470-dropbox.com
30,30,0,3,3,0,3,0,0,1.0,1.0,0,-1,-1,secure-auth-225-vtop.vit.ac.in
10,10,0,1,0,0,0,0,0,0.9,0.96,0,-1,-1,googlr.com
27,27,0,1,3,0,3,0,0,0.19999999999999996,0.4246913580246914,0,-1,-1,secure-auth-748-harvard.edu
9,9,0,1,0,0,0,0,0,0.631578947368421,0.7555555555555555,0,-1,-1,aodbe.com
11,11,0,1,0,0,0,0,0,0.5,0.604040404040404,0,-1,-1,netflic.com
16,16,0,2,1,0,0,0,0,0.4,0.6226851851851852,0,-1,-1,support-ox.ac.uk
25,25,0,2,3,0,3,0,0,0.2941176470588235,0.47333333333333333,0,-1,-1,secure-auth-872-cam.ac.uk
24,24,0,1,3,0,3,0,0,0.3783783783783784,0.5662393162393162,0,-1,-1,secure-auth-258-hsbc.com
12,12,0,1,0,0,0,0,0,0.38095238095238093,0.5888888888888889,0,-1,-1,barclays.net
26,26,0,1,3,0,3,0,0,0.3589743589743589,0.452991452991453,0,-1,-1,secure-auth-146-amazon.com
28,28,0,1,3,0,3,0,0,0.3902439024390244,0.5009157509157509,0,-1,-1,secure-auth-376-facebook.com
25,25,0,2,3,0,3,0,0,0.2941176470588235,0.47333333333333333,0,-1,-1,secure-auth-495-cam.ac.uk
28,28,0,1,3,0,3,0,0,0.368421052631579,0.4543956043956044,0,-1,-1,secure-auth-409-barclays.com
28,28,0,1,3,0,3,0,0,0.3902439024390244,0.5009157509157509,0,-1,-1,secure-auth-439-facebook.com
16,16,0,2,1,0,0,0,0,0.72,0.7430555555555555,0,-1,-1,secure-vit.ac.in
23,23,0,1,3,0,3,0,0,0.2222222222222222,0.47681159420289854,0,-1,-1,secure-auth-589-mit.edu
12,12,0,1,0,0,0,0,0,0.4545454545454546,0.638888888888889,0,-1,-1,Iinkedin.com
12,12,0,1,0,0,0,0,0,0.5454545454545454,0.5982905982905983,0,-1,-1,intagram.com
11,11,0,1,0,0,0,0,0,0.5,0.6558857808857809,0,-1,-1,twittsr.com
10,10,0,1,0,0,0,0,0,0.6,0.76,0,-1,-1,potify.com
12,12,0,1,0,0,0,0,0,0.48,0.6441798941798942,0,-1,-1,citibano.com
11,11,0,1,0,0,0,0,0,0.30000000000000004,0.5242424242424243,0,-1,-1,harvadr.edu
17,17,0,1,1,0,0,0,0,0.4666666666666667,0.5954248366013072,0,-1,-1,azure-account.com
13,13,0,1,0,0,0,0,0,0.4545454545454546,0.6509157509157509,0,-1,-1,barclays.info
23,23,0,1,3,0,3,0,0,0.2777777777777778,0.5246376811594203,0,-1,-1,secure-auth-388-zoom.us
30,30,0,1,3,0,3,0,0,0.37209302325581395,0.48888888888888893,0,-1,-1,secure-auth-703-salesforce.com
27,27,0,1,3,0,3,0,0,0.35,0.44753086419753085,0,-1,-1,secure-auth-840-netflix.com
10,10,0,1,0,0,0,0,0,0.9,0.8962962962962964,0,-1,-1,toogle.com
26,26,0,1,3,0,3,0,0,0.3589743589743589,0.452991452991453,0,-1,-1,secure-auth-140-amazon.com
12,12,0,1,0,0,0,0,0,0.48,0.5777777777777778,0,-1,-1,citibznk.com
28,28,0,1,3,0,3,0,0,0.3902439024390244,0.5009157509157509,0,-1,-1,secure-auth-602-facebook.com
30,30,0,1,3,0,3,0,0,0.37209302325581395,0.48888888888888893,0,-1,-1,secure-auth-640-salesforce.com
33,33,0,1,3,0,3,0,0,0.34782608695652173,0.5070707070707071,0,-1,-1,secure-auth-310-bankofamerica.com
28,28,0,1,3,0,3,0,0,0.3414634146341463,0.5113756613756614,0,-1,-1,secure-auth-844-linkedin.com
14,14,0,1,0,0,0,0,0,0.5,0.6672771672771672,0,-1,-1,salesforcr.com
25,25,0,1,3,0,3,0,0,0.368421052631579,0.47333333333333333,0,-1,-1,secure-auth-998-adobe.com
25,25,0,1,3,0,3,0,0,0.368421052631579,0.4615384615384615,0,-1,-1,secure-auth-980-slack.com
30,30,0,1,3,0,3,0,0,0.37209302325581395,0.48888888888888893,0,-1,-1,secure-auth-748-salesforce.com
25,25,0,2,3,0,3,0,0,0.2941176470588235,0.47333333333333333,0,-1,-1,secure-auth-175-cam.ac.uk
10,10,0,1,0,0,0,0,0,0.9,0.9766666666666667,0,-1,-1,goolge.com
32,32,0,2,3,0,3,0,0,0.5263157894736843,0.6851851851851851,0,-1,-1,secure-auth-628-portal.azure.com
18,18,0,1,1,0,0,0,0,0.4285714285714286,0.6444444444444445,0,-1,-1,signin-twitter.com
28,28,0,1,3,0,3,0,0,0.368421052631579,0.4543956043956044,0,-1,-1,secure-auth-260-barclays.com
9,9,0,1,0,0,0,0,0,0.5263157894736843,0.6851851851851851,0,-1,-1,gthub.com
28,28,0,1,3,0,3,0,0,0.368421052631579,0.4543956043956044,0,-1,-1,secure-auth-918-barclays.com
27,27,0,1,3,0,3,0,0,0.35,0.44753086419753085,0,-1,-1,secure-auth-651-twitter.com
10,10,0,1,0,0,0,0,0,0.6,0.76,0,-1,-1,gitgub.com
17,17,0,1,1,0,0,0,0,0.5185185185185186,0.653657616892911,0,-1,-1,account-adobe.com
13,13,0,1,0,0,0,0,0,0.5217391304347826,0.5970695970695971,0,-1,-1,indtagram.com
11,11,0,1,0,0,0,0,0,0.30000000000000004,0.5242424242424243,0,-1,-1,haevard.edu
9,9,0,1,0,0,0,0,0,0.5263157894736843,0.6851851851851851,0,-1,-1,chade.com
28,28,0,1,3,0,3,0,0,0.3902439024390244,0.5009157509157509,0,-1,-1,secure-auth-928-facebook.com
23,23,0,1,3,0,3,0,0,0.2777777777777778,0.5246376811594203,0,-1,-1,secure-auth-200-zoom.us
28,28,0,1,3,0,3,0,0,0.3414634146341463,0.4543956043956044,0,-1,-1,secure-auth-526-citibank.com
9,9,0,1,0,0,0,0,0,0.5263157894736843,0.7000000000000001,0,-1,-1,slaxk.com
32,32,0,2,3,0,3,0,0,0.5263157894736843,0.6851851851851851,0,-1,-1,secure-auth-925-portal.azure.com
16,16,0,2,1,0,0,0,0,0.72,0.7687499999999999,0,-1,-1,verify-vit.ac.in
25,25,0,1,3,0,3,0,0,0.368421052631579,0.4615384615384615,0,-1,-1,secure-auth-200-chase.com
27,27,0,1,3,0,3,0,0,0.35,0.44753086419753085,0,-1,-1,secure-auth-660-netflix.com
30,30,0,1,3,0,3,0,0,0.37209302325581395,0.44273504273504277,0,-1,-1,secure-auth-389-wellsfargo.com
25,25,0,1,3,0,3,0,0,0.368421052631579,0.47333333333333333,0,-1,-1,secure-auth-734-adobe.com
27,27,0,1,3,0,3,0,0,0.19999999999999996,0.4246913580246914,0,-1,-1,secure-auth-530-harvard.edu
24,24,0,2,3,0,3,0,0,0.303030303030303,0.5148046398046398,0,-1,-1,secure-auth-872-ox.ac.uk
24,24,0,1,3,0,3,0,0,0.3783783783783784,0.5662393162393162,0,-1,-1,secure-auth-136-hsbc.com
32,32,0,2,3,0,3,0,0,0.5263157894736843,0.6851851851851851,0,-1,-1,secure-auth-143-portal.azure.com
18,18,0,1,1,0,0,0,0,0.4285714285714286,0.6444444444444445,0,-1,-1,update-twitter.com
10,10,0,1,0,0,0,0,0,0.30000000000000004,0.5333333333333333,0,-1,-1,harard.edu
11,11,0,1,0,0,0,0,0,0.19999999999999996,0.46060606060606063,0,-1,-1,harvwrd.edu
25,25,0,1,3,0,3,0,0,0.368421052631579,0.47333333333333333,0,-1,-1,secure-auth-630-adobe.com
9,9,0,1,0,0,0,0,0,0.631578947368421,0.7783068783068784,0,-1,-1,appoe.com
23,23,0,1,3,0,3,0,0,0.2222222222222222,0.47681159420289854,0,-1,-1,secure-auth-410-mit.edu
12,12,0,1,0,0,0,0,0,0.5454545454545454,0.7000000000000001,0,-1,-1,lnikedin.com
26,26,0,1,3,0,3,0,0,0.5555555555555556,0.4256410256410256,0,-1,-1,secure-auth-861-paypal.com
27,27,0,1,3,0,3,0,0,0.4,0.4703703703703703,0,-1,-1,secure-auth-760-dropbox.com
28,28,0,1,3,0,3,0,0,0.368421052631579,0.4543956043956044,0,-1,-1,secure-auth-898-barclays.com
12,12,0,1,0,0,0,0,0,0.5454545454545454,0.7000000000000001,0,-1,-1,lunkedin.com
26,26,0,1,3,0,3,0,0,0.3589743589743589,0.452991452991453,0,-1,-1,secure-auth-686-amazon.com
29,29,0,1,3,0,3,0,0,0.38095238095238093,0.509323116219668,0,-1,-1,secure-auth-676-instagram.com
11,11,0,1,0,0,0,0,0,0.5,0.6262626262626262,0,-1,-1,citibnk.com
25,25,0,1,3,0,3,0,0,0.368421052631579,0.4615384615384615,0,-1,-1,secure-auth-480-slack.com
26,26,0,1,3,0,3,0,0,0.5555555555555556,0.4256410256410256,0,-1,-1,secure-auth-725-paypal.com
25,25,0,1,3,0,3,0,0,0.4,0.4266666666666667,0,-1,-1,secure-auth-119-apple.com
16,16,0,1,0,0,0,0,0,0.4137931034482759,0.5472222222222222,0,-1,-1,bankofamerica.co
12,12,0,1,0,0,0,0,0,0.48,0.5555555555555555,0,-1,-1,citibamk.com
29,29,0,1,3,0,3,0,0,0.38095238095238093,0.509323116219668,0,-1,-1,secure-auth-666-instagram.com
27,27,0,1,3,0,3,0,0,0.19999999999999996,0.4246913580246914,0,-1,-1,secure-auth-599-harvard.edu
24,24,0,2,3,0,3,0,0,0.303030303030303,0.5148046398046398,0,-1,-1,secure-auth-925-ox.ac.uk
23,23,0,1,3,0,3,0,0,0.2777777777777778,0.5246376811594203,0,-1,-1,secure-auth-227-zoom.us
32,32,0,2,3,0,3,0,0,0.5263157894736843,0.6851851851851851,0,-1,-1,secure-auth-797-portal.azure.com
26,26,0,1,3,0,3,0,0,0.3589743589743589,0.452991452991453,0,-1,-1,secure-auth-277-amazon.com
15,15,0,1,1,0,0,0,0,0.3571428571428571,0.5912393162393162,0,-1,-1,support-zoom.us
25,25,0,1,3,0,3,0,0,0.4,0.4266666666666667,0,-1,-1,secure-auth-546-apple.com
26,26,0,1,3,0,3,0,0,0.3589743589743589,0.44943019943019946,0,-1,-1,secure-auth-561-github.com
25,25,0,1,3,0,3,0,0,0.368421052631579,0.4615384615384615,0,-1,-1,secure-auth-594-slack.com
26,26,0,1,3,0,3,0,0,0.3589743589743589,0.44943019943019946,0,-1,-1,secure-auth-743-github.com
26,26,0,1,3,0,3,0,0,0.5555555555555556,0.4256410256410256,0,-1,-1,secure-auth-119-paypal.com
26,26,0,1,3,0,3,0,0,0.3589743589743589,0.452991452991453,0,-1,-1,secure-auth-559-amazon.com
28,28,0,1,3,0,3,0,0,0.3414634146341463,0.4543956043956044,0,-1,-1,secure-auth-264-citibank.com
13,13,0,1,0,0,0,0,0,0.5384615384615384,0.6602564102564102,0,-1,-1,nistagram.com
27,27,0,1,3,0,3,0,0,0.35,0.44753086419753085,0,-1,-1,secure-auth-994-netflix.com
26,26,0,1,3,0,3,0,0,0.3589743589743589,0.44943019943019946,0,-1,-1,secure-auth-416-github.com
7,7,0,1,0,0,0,0,0,0.375,0.49523809523809526,0,-1,-1,ox.info
26,26,0,1,3,0,3,0,0,0.5555555555555556,0.4256410256410256,0,-1,-1,secure-auth-817-paypal.com
20,20,0,1,3,0,0,0,0,0.7272727272727273,0.841025641025641,1,-1,-1,xn--mcrosoft-thh.com
27,27,0,1,3,0,3,0,0,0.35,0.44753086419753085,0,-1,-1,secure-auth-981-netflix.com
12,12,0,1,0,0,0,0,0,0.5454545454545454,0.7000000000000001,0,-1,-1,linkedih.com
9,9,0,2,0,0,0,0,0,0.4444444444444444,0.6296296296296297,0,-1,-1,cqm.ac.uk
27,27,0,1,3,0,3,0,0,0.44999999999999996,0.4703703703703703,0,-1,-1,secure-auth-348-spotify.com
30,30,0,1,3,0,3,0,0,0.37209302325581395,0.44273504273504277,0,-1,-1,secure-auth-587-wellsfargo.com
26,26,0,1,3,0,3,0,0,0.5555555555555556,0.4256410256410256,0,-1,-1,secure-auth-350-paypal.com
27,27,0,1,3,0,3,0,0,0.35,0.44753086419753085,0,-1,-1,secure-auth-502-netflix.com
25,25,0,1,3,0,3,0,0,0.368421052631579,0.47333333333333333,0,-1,-1,secure-auth-156-adobe.com
25,25,0,1,3,0,3,0,0,0.368421052631579,0.47333333333333333,0,-1,-1,secure-auth-164-adobe.com
12,12,0,1,0,0,0,0,0,0.2857142857142857,0.5092592592592592,0,-1,-1,stanfprd.edu
28,28,0,1,3,0,3,0,0,0.3414634146341463,0.5113756613756614,0,-1,-1,secure-auth-516-linkedin.com
14,14,0,1,1,0,0,0,0,0.5185185185185186,0.6761904761904761,0,-1,-1,chase-auth.com
32,32,0,2,3,0,3,0,0,0.5263157894736843,0.6851851851851851,0,-1,-1,secure-auth-279-portal.azure.com
25,25,0,1,3,0,3,0,0,0.368421052631579,0.4615384615384615,0,-1,-1,secure-auth-874-chase.com
28,28,0,1,3,0,3,0,0,0.3414634146341463,0.5113756613756614,0,-1,-1,secure-auth-586-linkedin.com
26,26,0,1,3,0,3,0,0,0.3589743589743589,0.452991452991453,0,-1,-1,secure-auth-437-amazon.com
12,12,0,1,0,0,0,0,0,0.2857142857142857,0.5092592592592592,0,-1,-1,stanfors.edu
28,28,0,1,3,0,3,0,0,0.3902439024390244,0.5009157509157509,0,-1,-1,secure-auth-127-facebook.com
25,25,0,1,3,0,3,0,0,0.368421052631579,0.4615384615384615,0,-1,-1,secure-auth-665-chase.com
13,13,0,1,0,0,0,0,0,0.9230769230769231,0.9692307692307692,0,-1,-1,microsogt.com
24,24,0,1,3,0,3,0,0,0.3783783783783784,0.5662393162393162,0,-1,-1,secure-auth-748-hsbc.com
14,14,0,1,1,0,0,0,0,0.5,0.638095238095238,0,-1,-1,slack-auth.com
27,27,0,1,3,0,3,0,0,0.35,0.44753086419753085,0,-1,-1,secure-auth-707-netflix.com
27,27,0,1,3,0,3,0,0,0.35,0.44753086419753085,0,-1,-1,secure-auth-281-netflix.com
27,27,0,1,3,0,3,0,0,0.44999999999999996,0.4703703703703703,0,-1,-1,secure-auth-648-spotify.com
25,25,0,1,3,0,3,0,0,0.368421052631579,0.4615384615384615,0,-1,-1,secure-auth-476-chase.com
27,27,0,1,3,0,3,0,0,0.35,0.44753086419753085,0,-1,-1,secure-auth-224-netflix.com
27,27,0,1,3,0,3,0,0,0.19999999999999996,0.4246913580246914,0,-1,-1,secure-auth-311-harvard.edu
26,26,0,1,3,0,3,0,0,0.5555555555555556,0.47179487179487173,0,-1,-1,secure-auth-984-google.com
18,18,0,1,1,0,0,0,0,0.4516129032258065,0.5616096866096866,0,-1,-1,auth-instagram.com
24,24,0,1,3,0,3,0,0,0.3783783783783784,0.5662393162393162,0,-1,-1,secure-auth-863-hsbc.com
12,12,0,1,0,0,0,0,0,0.48,0.6441798941798942,0,-1,-1,citibani.com
25,25,0,1,3,0,3,0,0,0.4,0.4266666666666667,0,-1,-1,secure-auth-411-apple.com
33,33,0,1,3,0,3,0,0,0.34782608695652173,0.5070707070707071,0,-1,-1,secure-auth-181-bankofamerica.com
26,26,0,1,3,0,3,0,0,0.5555555555555556,0.47179487179487173,0,-1,-1,secure-auth-650-google.com
20,20,0,1,1,0,0,0,0,0.7878787878787878,0.9146153846153846,0,-1,-1,microsoft-portal.com
26,26,0,1,3,0,3,0,0,0.3589743589743589,0.44943019943019946,0,-1,-1,secure-auth-183-github.com
29,29,0,1,3,0,3,0,0,0.6190476190476191,0.45042314007831247,0,-1,-1,secure-auth-273-microsoft.com
28,28,0,1,3,0,3,0,0,0.3414634146341463,0.5113756613756614,0,-1,-1,secure-auth-270-linkedin.com
25,25,0,1,3,0,3,0,0,0.368421052631579,0.47333333333333333,0,-1,-1,secure-auth-156-adobe.com
26,26,0,1,3,0,3,0,0,0.5555555555555556,0.4256410256410256,0,-1,-1,secure-auth-554-paypal.com
27,27,0,1,3,0,3,0,0,0.44999999999999996,0.4703703703703703,0,-1,-1,secure-auth-324-spotify.com
10,10,0,1,0,0,0,0,0,0.5217391304347826,0.6666666666666666,0,-1,-1,qmazon.com
32,32,0,2,3,0,3,0,0,0.5263157894736843,0.6851851851851851,0,-1,-1,secure-auth-434-portal.azure.com
26,26,0,1,3,0,3,0,0,0.3589743589743589,0.452991452991453,0,-1,-1,secure-auth-552-amazon.com
26,26,0,1,3,0,3,0,0,0.3589743589743589,0.44943019943019946,0,-1,-1,secure-auth-602-github.com
20,20,0,1,1,0,0,0,0,0.5333333333333333,0.6400284900284899,0,-1,-1,support-barclays.com
11,11,0,1,0,0,0,0,0,0.5714285714285714,0.7311688311688312,0,-1,-1,spltify.com
13,13,0,1,0,0,0,0,0,0.5384615384615384,0.6602564102564102,0,-1,-1,instagarm.com
19,19,0,1,1,0,0,0,0,0.2857142857142857,0.5368421052631579,0,-1,-1,harvard-account.edu
21,21,0,1,3,0,1,0,0,0.3870967741935484,0.6328856328856328,1,-1,-1,xn--slesforce-0yh.com
28,28,0,1,3,0,3,0,0,0.368421052631579,0.4543956043956044,0,-1,-1,secure-auth-518-barclays.com
29,29,0,1,3,0,3,0,0,0.38095238095238093,0.509323116219668,0,-1,-1,secure-auth-132-instagram.com
14,14,0,1,1,0,0,0,0,0.37037037037037035,0.5842490842490843,0,-1,-1,mit-secure.edu
27,27,0,1,3,0,3,0,0,0.35,0.44753086419753085,0,-1,-1,secure-auth-774-netflix.com
28,28,0,1,3,0,3,0,0,0.3902439024390244,0.5009157509157509,0,-1,-1,secure-auth-742-facebook.com
19,19,0,1,1,0,0,0,0,0.48275862068965514,0.6371457489878543,0,-1,-1,linkedin-portal.com
29,29,0,1,3,0,3,0,0,0.6190476190476191,0.45042314007831247,0,-1,-1,secure-auth-906-microsoft.com
24,24,0,2,3,0,3,0,0,0.303030303030303,0.5148046398046398,0,-1,-1,secure-auth-452-ox.ac.uk
7,7,0,1,0,0,0,0,0,0.4,0.5873015873015873,0,-1,-1,mit.xyz
26,26,0,1,3,0,3,0,0,0.3589743589743589,0.44943019943019946,0,-1,-1,secure-auth-261-github.com
17,17,0,1,1,0,0,0,0,0.7407407407407407,0.8294117647058824,0,-1,-1,signin-google.com
28,28,0,1,3,0,3,0,0,0.3414634146341463,0.5113756613756614,0,-1,-1,secure-auth-513-linkedin.com
17,17,0,1,0,0,0,0,0,0.5333333333333333,0.6294620412267471,0,-1,-1,bankofamerics.com
25,25,0,1,3,0,3,0,0,0.368421052631579,0.4615384615384615,0,-1,-1,secure-auth-577-slack.com
23,23,0,1,3,0,3,0,0,0.2222222222222222,0.47681159420289854,0,-1,-1,secure-auth-221-mit.edu
29,29,0,1,3,0,3,0,0,0.6190476190476191,0.45042314007831247,0,-1,-1,secure-auth-718-microsoft.com
25,25,0,1,1,0,0,0,0,0.5263157894736843,0.5201282051282051,0,-1,-1,bankofamerica-support.com
12,12,0,1,0,0,0,0,0,0.5454545454545454,0.7805555555555556,0,-1,-1,bardlays.com
16,16,0,1,1,0,0,0,0,0.7692307692307692,0.905,0,-1,-1,paypal-login.com
25,25,0,1,3,0,3,0,0,0.368421052631579,0.4615384615384615,0,-1,-1,secure-auth-956-slack.com
29,29,0,1,3,0,3,0,0,0.6190476190476191,0.45042314007831247,0,-1,-1,secure-auth-746-microsoft.com
13,13,0,1,0,0,0,0,0,0.3846153846153846,0.5970695970695971,0,-1,-1,instagram.top
25,25,0,1,3,0,3,0,0,0.368421052631579,0.47333333333333333,0,-1,-1,secure-auth-431-adobe.com
11,11,0,1,0,0,1,0,0,0.5,0.6515151515151515,0,-1,-1,dropb0x.com
26,26,0,1,3,0,3,0,0,0.5555555555555556,0.47179487179487173,0,-1,-1,secure-auth-555-google.com
17,17,0,1,1,0,0,0,0,0.5185185185185186,0.653657616892911,0,-1,-1,github-portal.com
27,27,0,1,3,0,3,0,0,0.35,0.44753086419753085,0,-1,-1,secure-auth-224-twitter.com
10,10,0,1,0,0,0,0,0,0.7,0.88,0,-1,-1,google.net
28,28,0,1,3,0,3,0,0,0.3414634146341463,0.4543956043956044,0,-1,-1,secure-auth-650-citibank.com
12,12,0,1,0,0,0,0,0,0.2857142857142857,0.5092592592592592,0,-1,-1,stanfodr.edu
12,12,0,1,0,0,0,0,0,0.5454545454545454,0.7388888888888889,0,-1,-1,barlcays.com
13,13,0,1,0,0,0,0,0,0.5217391304347826,0.5970695970695971,0,-1,-1,inetagram.com
11,11,0,1,0,0,0,0,0,0.5833333333333333,0.7257187257187256,0,-1,-1,spotifu.com
27,27,0,1,3,0,3,0,0,0.35,0.44753086419753085,0,-1,-1,secure-auth-288-netflix.com
18,18,0,1,3,0,0,0,0,0.4516129032258065,0.6486772486772486,1,-1,-1,xn--netfli-gsf.com
28,28,0,1,3,0,3,0,0,0.3902439024390244,0.5009157509157509,0,-1,-1,secure-auth-605-facebook.com
20,20,0,1,3,0,0,0,0,0.7272727272727273,0.841025641025641,1,-1,-1,xn--microsft-sbh.com
12,12,0,1,0,0,0,0,0,0.2857142857142857,0.5240740740740741,0,-1,-1,stanfird.edu
10,10,0,1,0,0,0,0,0,0.9,0.96,0,-1,-1,paypsl.com
23,23,0,1,3,0,3,0,0,0.2222222222222222,0.47681159420289854,0,-1,-1,secure-auth-528-mit.edu
14,14,0,1,0,0,0,0,0,0.5,0.638095238095238,0,-1,-1,wellsfqrgo.com
25,25,0,1,3,0,3,0,0,0.4,0.4266666666666667,0,-1,-1,secure-auth-268-apple.com
25,25,0,1,3,0,3,0,0,0.368421052631579,0.4615384615384615,0,-1,-1,secure-auth-786-slack.com
30,30,0,3,3,0,3,0,0,1.0,1.0,0,-1,-1,secure-auth-549-vtop.vit.ac.in
25,25,0,1,3,0,3,0,0,0.4,0.4266666666666667,0,-1,-1,secure-auth-532-apple.com
26,26,0,1,3,0,3,0,0,0.5555555555555556,0.47179487179487173,0,-1,-1,secure-auth-485-google.com
26,26,0,1,3,0,3,0,0,0.3589743589743589,0.44943019943019946,0,-1,-1,secure-auth-535-github.com
26,26,0,1,3,0,3,0,0,0.3589743589743589,0.452991452991453,0,-1,-1,secure-auth-996-amazon.com
13,13,0,1,0,0,0,0,0,0.5217391304347826,0.5970695970695971,0,-1,-1,inatagram.com
8,8,0,1,0,0,0,0,0,0.33333333333333337,0.5583333333333333,0,-1,-1,zoorn.us
27,27,0,1,3,0,3,0,0,0.35,0.44753086419753085,0,-1,-1,secure-auth-496-netflix.com
30,30,0,1,3,0,3,0,0,0.37209302325581395,0.44273504273504277,0,-1,-1,secure-auth-836-wellsfargo.com
24,24,0,2,3,0,3,0,0,0.303030303030303,0.5148046398046398,0,-1,-1,secure-auth-687-ox.ac.uk
29,29,0,1,3,0,3,0,0,0.38095238095238093,0.509323116219668,0,-1,-1,secure-auth-750-instagram.com
18,18,0,1,3,0,1,0,0,0.5161290322580645,0.6566951566951568,1,-1,-1,xn--twittr-7of.com
25,25,0,1,3,0,3,0,0,0.368421052631579,0.4615384615384615,0,-1,-1,secure-auth-959-chase.com
28,28,0,1,3,0,3,0,0,0.24390243902439024,0.469047619047619,0,-1,-1,secure-auth-568-stanford.edu
29,29,0,1,3,0,3,0,0,0.38095238095238093,0.509323116219668,0,-1,-1,secure-auth-320-instagram.com
29,29,0,1,3,0,3,0,0,0.6190476190476191,0.45042314007831247,0,-1,-1,secure-auth-202-microsoft.com
9,9,0,1,0,0,0,0,0,0.736842105263158,0.825925925925926,0,-1,-1,zpple.com
29,29,0,1,3,0,3,0,0,0.6190476190476191,0.45042314007831247,0,-1,-1,secure-auth-349-microsoft.com
10,10,0,1,0,0,0,0,0,0.6,0.6777777777777777,0,-1,-1,amazob.com
23,23,0,1,3,0,3,0,0,0.2222222222222222,0.47681159420289854,0,-1,-1,secure-auth-415-mit.edu
23,23,0,1,3,0,3,0,0,0.2222222222222222,0.47681159420289854,0,-1,-1,secure-auth-797-mit.edu
26,26,0,1,3,0,3,0,0,0.5555555555555556,0.4256410256410256,0,-1,-1,secure-auth-506-paypal.com
14,14,0,1,0,0,0,0,0,0.8148148148148149,0.9263736263736264,0,-1,-1,microsoft.club
23,23,0,1,3,0,3,0,0,0.2222222222222222,0.47681159420289854,0,-1,-1,secure-auth-940-mit.edu
11,11,0,1,0,0,0,0,0,0.5714285714285714,0.7436363636363637,0,-1,-1,gwitter.com
24,24,0,2,3,0,3,0,0,0.303030303030303,0.5148046398046398,0,-1,-1,secure-auth-672-ox.ac.uk
25,25,0,1,3,0,3,0,0,0.4,0.4266666666666667,0,-1,-1,secure-auth-523-apple.com
28,28,0,1,3,0,3,0,0,0.3902439024390244,0.5009157509157509,0,-1,-1,secure-auth-330-facebook.com
7,7,0,1,0,0,1,0,0,0.23529411764705888,0.49523809523809526,0,-1,-1,z0om.us
25,25,0,1,3,0,3,0,0,0.368421052631579,0.4615384615384615,0,-1,-1,secure-auth-351-slack.com
18,18,0,1,0,0,0,0,0,0.32258064516129037,0.5333333333333333,0,-1,-1,bankofamerica.club
24,24,0,1,3,0,3,0,0,0.3783783783783784,0.5662393162393162,0,-1,-1,secure-auth-176-hsbc.com
29,29,0,1,3,0,3,0,0,0.38095238095238093,0.509323116219668,0,-1,-1,secure-auth-468-instagram.com
15,15,0,1,1,0,0,0,0,0.5,0.6944444444444445,0,-1,-1,chase-login.com
7,7,0,1,0,0,0,0,0,0.30000000000000004,0.543040293040293,0,-1,-1,hsbc.cc
27,27,0,1,3,0,3,0,0,0.35,0.44753086419753085,0,-1,-1,secure-auth-936-twitter.com
7,7,0,1,0,0,0,0,0,0.23529411764705888,0.49523809523809526,0,-1,-1,zokm.us
8,8,0,1,0,0,0,0,0,0.38095238095238093,0.5499999999999999,0,-1,-1,chase.ml
9,9,0,1,0,0,0,0,0,0.631578947368421,0.7555555555555555,0,-1,-1,adboe.com
16,16,0,2,0,0,0,0,0,0.5263157894736843,0.6851851851851851,0,-1,-1,portal.azurr.com
16,16,0,1,1,0,0,0,0,0.6153846153846154,0.714565527065527,0,-1,-1,chase-portal.com
28,28,0,1,3,0,3,0,0,0.24390243902439024,0.469047619047619,0,-1,-1,secure-auth-909-stanford.edu
32,32,0,2,3,0,3,0,0,0.5263157894736843,0.6851851851851851,0,-1,-1,secure-auth-143-portal.azure.com
14,14,0,1,0,0,0,0,0,0.5,0.6857142857142856,0,-1,-1,salesforde.com
27,27,0,1,3,0,3,0,0,0.44999999999999996,0.4703703703703703,0,-1,-1,secure-auth-472-spotify.com
14,14,0,1,0,0,0,0,0,0.5,0.6857142857142856,0,-1,-1,salesforve.com
16,16,0,1,3,0,1,0,0,0.5384615384615384,0.6648809523809524,1,-1,-1,xn--aple-h6d.com
9,9,0,1,0,0,0,0,0,0.5263157894736843,0.6768416768416768,0,-1,-1,slaci.com
28,28,0,1,3,0,3,0,0,0.368421052631579,0.4543956043956044,0,-1,-1,secure-auth-673-barclays.com
27,27,0,1,3,0,3,0,0,0.44999999999999996,0.4703703703703703,0,-1,-1,secure-auth-693-spotify.com
25,25,0,1,3,0,3,0,0,0.368421052631579,0.4615384615384615,0,-1,-1,secure-auth-658-chase.com
25,25,0,1,3,0,3,0,0,0.4,0.4266666666666667,0,-1,-1,secure-auth-119-apple.com
25,25,0,1,3,0,3,0,0,0.368421052631579,0.4615384615384615,0,-1,-1,secure-auth-278-chase.com
28,28,0,1,3,0,3,0,0,0.24390243902439024,0.469047619047619,0,-1,-1,secure-auth-541-stanford.edu
28,28,0,1,3,0,3,0,0,0.3414634146341463,0.5113756613756614,0,-1,-1,secure-auth-835-linkedin.com
30,30,0,3,3,0,3,0,0,1.0,1.0,0,-1,-1,secure-auth-747-vtop.vit.ac.in
14,14,0,1,0,0,0,0,0,0.5833333333333333,0.6857142857142856,0,-1,-1,aalesforce.com
10,10,0,1,0,0,0,0,0,0.9,0.96,0,-1,-1,googlw.com
8,8,0,1,0,0,0,0,0,0.7777777777777778,0.8725,0,-1,-1,pple.com
27,27,0,1,3,0,3,0,0,0.35,0.44753086419753085,0,-1,-1,secure-auth-827-netflix.com
25,25,0,1,3,0,3,0,0,0.368421052631579,0.47333333333333333,0,-1,-1,secure-auth-158-adobe.com
29,29,0,1,3,0,3,0,0,0.38095238095238093,0.509323116219668,0,-1,-1,secure-auth-901-instagram.com
25,25,0,1,3,0,3,0,0,0.368421052631579,0.4615384615384615,0,-1,-1,secure-auth-271-slack.com
18,18,0,1,1,0,0,0,0,0.5161290322580645,0.6749287749287749,0,-1,-1,portal-spotify.com
17,17,0,1,1,0,0,0,0,0.5185185185185186,0.6509803921568628,0,-1,-1,amazon-update.com
23,23,0,1,3,0,3,0,0,0.2222222222222222,0.47681159420289854,0,-1,-1,secure-auth-234-mit.edu
17,17,0,1,1,0,0,0,0,0.4666666666666667,0.7035361153008212,0,-1,-1,secure-github.com
12,12,0,1,0,0,0,0,0,0.56,0.7072649572649573,0,-1,-1,afcebook.com
27,27,0,1,3,0,3,0,0,0.4,0.4703703703703703,0,-1,-1,secure-auth-594-dropbox.com
26,26,0,1,3,0,3,0,0,0.5555555555555556,0.4256410256410256,0,-1,-1,secure-auth-982-paypal.com
29,29,0,1,3,0,3,0,0,0.38095238095238093,0.509323116219668,0,-1,-1,secure-auth-187-instagram.com
28,28,0,1,3,0,3,0,0,0.3414634146341463,0.5113756613756614,0,-1,-1,secure-auth-441-linkedin.com
24,24,0,1,3,0,3,0,0,0.3783783783783784,0.5662393162393162,0,-1,-1,secure-auth-765-hsbc.com
33,33,0,1,3,0,3,0,0,0.34782608695652173,0.5070707070707071,0,-1,-1,secure-auth-101-bankofamerica.com
10,10,0,1,0,0,0,0,0,0.5217391304347826,0.6666666666666666,0,-1,-1,zmazon.com
28,28,0,1,3,0,3,0,0,0.3414634146341463,0.4543956043956044,0,-1,-1,secure-auth-280-citibank.com
27,27,0,1,3,0,3,0,0,0.35,0.44753086419753085,0,-1,-1,secure-auth-521-twitter.com
32,32,0,2,3,0,3,0,0,0.5263157894736843,0.6851851851851851,0,-1,-1,secure-auth-355-portal.azure.com
14,14,0,1,0,0,0,0,0,0.5,0.638095238095238,0,-1,-1,salesfprce.com
26,26,0,1,3,0,3,0,0,0.5555555555555556,0.4256410256410256,0,-1,-1,secure-auth-172-paypal.com
25,25,0,1,3,0,3,0,0,0.4,0.4266666666666667,0,-1,-1,secure-auth-911-apple.com
9,9,0,1,0,0,0,0,0,0.42105263157894735,0.6185185185185186,0,-1,-1,apple.net
26,26,0,1,3,0,3,0,0,0.3589743589743589,0.452991452991453,0,-1,-1,secure-auth-831-amazon.com
7,7,0,1,0,0,0,0,0,0.25,0.46507936507936504,0,-1,-1,cam.xyz
29,29,0,1,3,0,3,0,0,0.6190476190476191,0.45042314007831247,0,-1,-1,secure-auth-604-microsoft.com
8,8,0,1,0,0,0,0,0,0.5555555555555556,0.7083333333333334,0,-1,-1,adob.com
17,17,0,1,3,0,1,0,0,0.6666666666666667,0.7727668845315904,1,-1,-1,xn--pypal-4ve.com
28,28,0,1,3,0,3,0,0,0.3414634146341463,0.5113756613756614,0,-1,-1,secure-auth-525-linkedin.com
11,11,0,1,0,0,0,0,0,0.5,0.668997668997669,0,-1,-1,facebook.co
29,29,0,1,3,0,3,0,0,0.38095238095238093,0.509323116219668,0,-1,-1,secure-auth-936-instagram.com
28,28,0,1,3,0,3,0,0,0.24390243902439024,0.469047619047619,0,-1,-1,secure-auth-807-stanford.edu
28,28,0,1,3,0,3,0,0,0.24390243902439024,0.469047619047619,0,-1,-1,secure-auth-146-stanford.edu
30,30,0,1,3,0,3,0,0,0.37209302325581395,0.44273504273504277,0,-1,-1,secure-auth-303-wellsfargo.com
17,17,0,2,1,0,0,0,0,0.3846153846153846,0.6086834733893558,0,-1,-1,support-cam.ac.uk
25,25,0,1,3,0,3,0,0,0.4,0.4266666666666667,0,-1,-1,secure-auth-921-apple.com
10,10,0,1,0,0,0,0,0,0.9,0.8962962962962964,0,-1,-1,oaypal.com
28,28,0,1,3,0,3,0,0,0.3902439024390244,0.5009157509157509,0,-1,-1,secure-auth-310-facebook.com
27,27,0,1,3,0,3,0,0,0.44999999999999996,0.4703703703703703,0,-1,-1,secure-auth-102-spotify.com
25,25,0,2,3,0,3,0,0,0.2941176470588235,0.47333333333333333,0,-1,-1,secure-auth-807-cam.ac.uk
26,26,0,1,3,0,3,0,0,0.5555555555555556,0.47179487179487173,0,-1,-1,secure-auth-427-google.com
23,23,0,1,3,0,3,0,0,0.2777777777777778,0.5246376811594203,0,-1,-1,secure-auth-313-zoom.us
29,29,0,1,3,0,3,0,0,0.38095238095238093,0.509323116219668,0,-1,-1,secure-auth-215-instagram.com
25,25,0,1,3,0,3,0,0,0.368421052631579,0.4615384615384615,0,-1,-1,secure-auth-699-slack.com
28,28,0,1,3,0,3,0,0,0.368421052631579,0.4543956043956044,0,-1,-1,secure-auth-465-barclays.com
9,9,0,1,0,0,0,0,0,0.631578947368421,0.7000000000000001,0,-1,-1,cyase.com
27,27,0,1,3,0,3,0,0,0.4,0.4703703703703703,0,-1,-1,secure-auth-170-dropbox.com
30,30,0,3,3,0,3,0,0,1.0,1.0,0,-1,-1,secure-auth-388-vtop.vit.ac.in
12,12,0,1,0,0,0,0,0,0.48,0.5777777777777778,0,-1,-1,citibwnk.com
26,26,0,1,3,0,3,0,0,0.3589743589743589,0.452991452991453,0,-1,-1,secure-auth-552-amazon.com
23,23,0,1,3,0,3,0,0,0.2222222222222222,0.47681159420289854,0,-1,-1,secure-auth-994-mit.edu
11,11,0,1,0,0,0,0,0,0.30000000000000004,0.5242424242424243,0,-1,-1,harvarf.edu
25,25,0,1,3,0,3,0,0,0.368421052631579,0.47333333333333333,0,-1,-1,secure-auth-663-adobe.com
24,24,0,2,3,0,3,0,0,0.303030303030303,0.5148046398046398,0,-1,-1,secure-auth-854-ox.ac.uk
26,26,0,1,3,0,3,0,0,0.5555555555555556,0.4256410256410256,0,-1,-1,secure-auth-242-paypal.com
8,8,0,1,0,0,0,0,0,0.6666666666666667,0.7083333333333334,0,-1,-1,aobe.com
24,24,0,2,3,0,3,0,0,0.303030303030303,0.5148046398046398,0,-1,-1,secure-auth-722-ox.ac.uk
27,27,0,1,3,0,3,0,0,0.35,0.44753086419753085,0,-1,-1,secure-auth-780-twitter.com
27,27,0,1,3,0,3,0,0,0.35,0.44753086419753085,0,-1,-1,secure-auth-810-netflix.com
28,28,0,1,3,0,3,0,0,0.3902439024390244,0.5009157509157509,0,-1,-1,secure-auth-993-facebook.com
9,9,0,1,0,0,0,0,0,0.5454545454545454,0.6851851851851851,0,-1,-1,mazon.com
10,10,0,1,0,0,0,0,0,0.5217391304347826,0.6666666666666666,0,-1,-1,githib.com
26,26,0,1,3,0,3,0,0,0.3589743589743589,0.452991452991453,0,-1,-1,secure-auth-293-amazon.com
11,11,0,1,0,0,0,0,0,0.4,0.5045454545454545,0,-1,-1,harvarc.edu
24,24,0,2,3,0,3,0,0,0.303030303030303,0.5148046398046398,0,-1,-1,secure-auth-735-ox.ac.uk
28,28,0,1,3,0,3,0,0,0.3902439024390244,0.5009157509157509,0,-1,-1,secure-auth-355-facebook.com
33,33,0,1,3,0,3,0,0,0.34782608695652173,0.5070707070707071,0,-1,-1,secure-auth-235-bankofamerica.com
10,10,0,1,0,0,0,0,0,0.6,0.76,0,-1,-1,gighub.com
25,25,0,1,3,0,3,0,0,0.368421052631579,0.4615384615384615,0,-1,-1,secure-auth-828-slack.com
16,16,0,1,1,0,0,0,0,0.48275862068965514,0.6110347985347985,0,-1,-1,signin-chase.com
25,25,0,2,3,0,3,0,0,0.2941176470588235,0.47333333333333333,0,-1,-1,secure-auth-620-cam.ac.uk
28,28,0,1,3,0,3,0,0,0.3902439024390244,0.5009157509157509,0,-1,-1,secure-auth-135-facebook.com
30,30,0,3,3,0,3,0,0,1.0,1.0,0,-1,-1,secure-auth-130-vtop.vit.ac.in
19,19,0,1,1,0,0,0,0,0.4137931034482759,0.5880084827453248,0,-1,-1,barclays-signin.com
16,16,0,1,1,0,0,0,0,0.6153846153846154,0.7387499999999999,0,-1,-1,portal-apple.com
10,10,0,1,0,0,0,0,0,0.5,0.6666666666666666,0,-1,-1,netfix.com
15,15,0,1,1,0,0,0,0,0.56,0.7962962962962963,0,-1,-1,login-adobe.com
30,30,0,1,3,0,3,0,0,0.37209302325581395,0.48888888888888893,0,-1,-1,secure-auth-728-salesforce.com
24,24,0,2,3,0,3,0,0,0.303030303030303,0.5148046398046398,0,-1,-1,secure-auth-532-ox.ac.uk
17,17,0,1,1,0,0,0,0,0.7407407407407407,0.7960784313725492,0,-1,-1,verify-google.com
6,6,0,1,0,0,0,0,0,0.631578947368421,0.7037037037037037,0,-1,-1,mit.co
14,14,0,1,0,0,0,0,0,0.4444444444444444,0.6857142857142856,0,-1,-1,wellsfargk.com
27,27,0,1,3,0,3,0,0,0.35,0.44753086419753085,0,-1,-1,secure-auth-788-twitter.com
25,25,0,1,3,0,3,0,0,0.4,0.4266666666666667,0,-1,-1,secure-auth-334-apple.com
18,18,0,1,1,0,0,0,0,0.5714285714285714,0.6231481481481481,0,-1,-1,dropbox-portal.com
25,25,0,1,3,0,3,0,0,0.4,0.4266666666666667,0,-1,-1,secure-auth-851-apple.com
26,26,0,1,3,0,3,0,0,0.3589743589743589,0.44943019943019946,0,-1,-1,secure-auth-691-github.com
25,25,0,1,3,0,3,0,0,0.368421052631579,0.4615384615384615,0,-1,-1,secure-auth-211-chase.com
30,30,0,3,3,0,3,0,0,1.0,1.0,0,-1,-1,secure-auth-395-vtop.vit.ac.in
9,9,0,1,0,0,0,0,0,0.4444444444444444,0.5462962962962963,0,-1,-1,slack.biz
25,25,0,2,3,0,3,0,0,0.2941176470588235,0.47333333333333333,0,-1,-1,secure-auth-436-cam.ac.uk
26,26,0,1,3,0,3,0,0,0.5555555555555556,0.47179487179487173,0,-1,-1,secure-auth-150-google.com
26,26,0,1,3,0,3,0,0,0.3589743589743589,0.44943019943019946,0,-1,-1,secure-auth-392-github.com
27,27,0,1,3,0,3,0,0,0.35,0.44753086419753085,0,-1,-1,secure-auth-156-netflix.com
28,28,0,1,3,0,3,0,0,0.368421052631579,0.4543956043956044,0,-1,-1,secure-auth-106-barclays.com
19,19,0,1,1,0,0,0,0,0.3125,0.5403894351262771,0,-1,-1,secure-stanford.edu
26,26,0,1,3,0,3,0,0,0.3589743589743589,0.44943019943019946,0,-1,-1,secure-auth-532-github.com
25,25,0,2,3,0,3,0,0,0.2941176470588235,0.47333333333333333,0,-1,-1,secure-auth-560-cam.ac.uk
25,25,0,1,3,0,3,0,0,0.368421052631579,0.47333333333333333,0,-1,-1,secure-auth-909-adobe.com
16,16,0,1,0,0,0,0,0,0.46153846153846156,0.6027777777777777,0,-1,-1,bankofaerica.com
30,30,0,1,3,0,3,0,0,0.37209302325581395,0.48888888888888893,0,-1,-1,secure-auth-972-salesforce.com
17,17,0,1,1,0,0,0,0,0.2666666666666667,0.4937154348919055,0,-1,-1,stanford-auth.edu
28,28,0,1,3,0,3,0,0,0.3414634146341463,0.5113756613756614,0,-1,-1,secure-auth-994-linkedin.com
30,30,0,3,3,0,3,0,0,1.0,1.0,0,-1,-1,secure-auth-912-vtop.vit.ac.in
18,18,0,1,0,0,0,0,0,0.37037037037037035,0.5333333333333333,0,-1,-1,bankofamerica.info
14,14,0,1,0,0,0,0,0,0.5,0.6672771672771672,0,-1,-1,sakesforce.com
14,14,0,1,0,0,0,0,0,0.5,0.6857142857142856,0,-1,-1,wellsfargl.com
9,9,0,1,0,0,0,0,0,0.5263157894736843,0.6444444444444444,0,-1,-1,slakc.com
27,27,0,1,3,0,3,0,0,0.35,0.44753086419753085,0,-1,-1,secure-auth-537-twitter.com
29,29,0,1,3,0,3,0,0,0.38095238095238093,0.509323116219668,0,-1,-1,secure-auth-687-instagram.com
27,27,0,1,3,0,3,0,0,0.35,0.44753086419753085,0,-1,-1,secure-auth-349-netflix.com
27,27,0,1,3,0,3,0,0,0.44999999999999996,0.4703703703703703,0,-1,-1,secure-auth-836-spotify.com
27,27,0,1,3,0,3,0,0,0.44999999999999996,0.4703703703703703,0,-1,-1,secure-auth-449-spotify.com
25,25,0,1,3,0,3,0,0,0.368421052631579,0.4615384615384615,0,-1,-1,secure-auth-776-chase.com
26,26,0,1,3,0,3,0,0,0.5555555555555556,0.47179487179487173,0,-1,-1,secure-auth-935-google.com
27,27,0,1,3,0,3,0,0,0.4,0.4703703703703703,0,-1,-1,secure-auth-481-dropbox.com
24,24,0,2,3,0,3,0,0,0.303030303030303,0.5148046398046398,0,-1,-1,secure-auth-671-ox.ac.uk
28,28,0,1,3,0,3,0,0,0.3414634146341463,0.4543956043956044,0,-1,-1,secure-auth-790-citibank.com
11,11,0,1,0,0,0,0,0,0.4,0.5463869463869464,0,-1,-1,amazon.info
25,25,0,1,3,0,3,0,0,0.4,0.4266666666666667,0,-1,-1,secure-auth-192-apple.com
11,11,0,1,0,0,0,0,0,0.33333333333333337,0.5242424242424243,0,-1,-1,twitter.top
27,27,0,1,3,0,3,0,0,0.44999999999999996,0.4703703703703703,0,-1,-1,secure-auth-497-spotify.com
25,25,0,1,3,0,3,0,0,0.368421052631579,0.4615384615384615,0,-1,-1,secure-auth-804-slack.com
27,27,0,1,3,0,3,0,0,0.4,0.4703703703703703,0,-1,-1,secure-auth-916-dropbox.com
26,26,0,1,3,0,3,0,0,0.3589743589743589,0.44943019943019946,0,-1,-1,secure-auth-100-github.com
28,28,0,1,3,0,3,0,0,0.3414634146341463,0.4543956043956044,0,-1,-1,secure-auth-929-citibank.com
12,12,0,2,0,0,0,0,0,0.5,0.671957671957672,0,-1,-1,vtop.vit.xyz
9,9,0,1,0,0,0,0,0,0.4545454545454546,0.6296296296296297,0,-1,-1,github.co
30,30,0,3,3,0,3,0,0,1.0,1.0,0,-1,-1,secure-auth-564-vtop.vit.ac.in
11,11,0,1,0,0,0,0,0,0.5,0.6515151515151515,0,-1,-1,citbank.com
17,17,0,1,1,0,0,0,0,0.7407407407407407,0.9176470588235295,0,-1,-1,paypal-update.com
33,33,0,1,3,0,3,0,0,0.34782608695652173,0.5070707070707071,0,-1,-1,secure-auth-578-bankofamerica.com
27,27,0,1,3,0,3,0,0,0.19999999999999996,0.4246913580246914,0,-1,-1,secure-auth-739-harvard.edu
30,30,0,1,3,0,3,0,0,0.37209302325581395,0.48888888888888893,0,-1,-1,secure-auth-127-salesforce.com
29,29,0,1,3,0,3,0,0,0.6190476190476191,0.45042314007831247,0,-1,-1,secure-auth-618-microsoft.com
17,17,0,1,1,0,0,0,0,0.4444444444444444,0.6509803921568628,0,-1,-1,github-signin.com
27,27,0,1,3,0,3,0,0,0.44999999999999996,0.4703703703703703,0,-1,-1,secure-auth-605-spotify.com
28,28,0,1,3,0,3,0,0,0.3414634146341463,0.4543956043956044,0,-1,-1,secure-auth-800-citibank.com
27,27,0,1,3,0,3,0,0,0.35,0.44753086419753085,0,-1,-1,secure-auth-585-twitter.com
30,30,0,3,3,0,3,0,0,1.0,1.0,0,-1,-1,secure-auth-950-vtop.vit.ac.in
33,33,0,1,3,0,3,0,0,0.34782608695652173,0.5070707070707071,0,-1,-1,secure-auth-858-bankofamerica.com
26,26,0,1,3,0,3,0,0,0.5555555555555556,0.4256410256410256,0,-1,-1,secure-auth-253-paypal.com
24,24,0,2,3,0,3,0,0,0.303030303030303,0.5148046398046398,0,-1,-1,secure-auth-410-ox.ac.uk
11,11,0,1,0,0,0,0,0,0.5833333333333333,0.6558857808857809,0,-1,-1,twifter.com
7,7,0,1,0,0,0,0,0,0.4,0.553113553113553,0,-1,-1,mif.edu
29,29,0,1,3,0,3,0,0,0.6190476190476191,0.45042314007831247,0,-1,-1,secure-auth-934-microsoft.com
30,30,0,1,3,0,3,0,0,0.37209302325581395,0.48888888888888893,0,-1,-1,secure-auth-877-salesforce.com
26,26,0,1,3,0,3,0,0,0.3589743589743589,0.44943019943019946,0,-1,-1,secure-auth-723-github.com
28,28,0,1,3,0,3,0,0,0.368421052631579,0.4543956043956044,0,-1,-1,secure-auth-798-barclays.com
28,28,0,1,3,0,3,0,0,0.3902439024390244,0.5009157509157509,0,-1,-1,secure-auth-771-facebook.com
28,28,0,1,3,0,3,0,0,0.3902439024390244,0.5009157509157509,0,-1,-1,secure-auth-867-facebook.com
28,28,0,1,3,0,3,0,0,0.3902439024390244,0.5009157509157509,0,-1,-1,secure-auth-130-facebook.com
12,12,0,1,0,0,0,0,0,0.48,0.638888888888889,0,-1,-1,cjtibank.com
5,5,0,1,0,0,0,0,0,0.5333333333333333,0.65,0,-1,-1,ox.co
26,26,0,1,3,0,3,0,0,0.5555555555555556,0.4256410256410256,0,-1,-1,secure-auth-666-paypal.com
25,25,0,1,3,0,3,0,0,0.4,0.4266666666666667,0,-1,-1,secure-auth-498-apple.com
26,26,0,1,3,0,3,0,0,0.3589743589743589,0.44943019943019946,0,-1,-1,secure-auth-593-github.com
30,30,0,3,3,0,3,0,0,1.0,1.0,0,-1,-1,secure-auth-860-vtop.vit.ac.in
27,27,0,1,3,0,3,0,0,0.19999999999999996,0.4246913580246914,0,-1,-1,secure-auth-732-harvard.edu
19,19,0,1,1,0,0,0,0,0.5517241379310345,0.6479232268705952,0,-1,-1,citibank-portal.com
27,27,0,1,3,0,3,0,0,0.35,0.44753086419753085,0,-1,-1,secure-auth-687-twitter.com
25,25,0,2,3,0,3,0,0,0.2941176470588235,0.47333333333333333,0,-1,-1,secure-auth-453-cam.ac.uk
26,26,0,1,3,0,3,0,0,0.3589743589743589,0.44943019943019946,0,-1,-1,secure-auth-170-github.com
14,14,0,1,0,0,0,0,0,0.5,0.6672771672771672,0,-1,-1,salewforce.com
25,25,0,1,3,0,3,0,0,0.368421052631579,0.4615384615384615,0,-1,-1,secure-auth-331-chase.com
8,8,0,1,0,0,0,0,0,0.47619047619047616,0.6032051282051282,0,-1,-1,hxbc.com
24,24,0,2,3,0,3,0,0,0.303030303030303,0.5148046398046398,0,-1,-1,secure-auth-251-ox.ac.uk
28,28,0,1,3,0,3,0,0,0.3414634146341463,0.5113756613756614,0,-1,-1,secure-auth-568-linkedin.com
27,27,0,1,3,0,3,0,0,0.19999999999999996,0.4246913580246914,0,-1,-1,secure-auth-652-harvard.edu
17,17,0,1,3,0,1,0,0,0.4444444444444444,0.6509803921568628,1,-1,-1,xn--gthub-n2e.com
28,28,0,1,3,0,3,0,0,0.3414634146341463,0.4543956043956044,0,-1,-1,secure-auth-935-citibank.com
12,12,0,1,0,0,0,0,0,0.96,0.9512820512820512,0,-1,-1,microsft.com
32,32,0,2,3,0,3,0,0,0.5263157894736843,0.6851851851851851,0,-1,-1,secure-auth-322-portal.azure.com
28,28,0,1,3,0,3,0,0,0.3414634146341463,0.5113756613756614,0,-1,-1,secure-auth-640-linkedin.com
12,12,0,1,0,0,0,0,0,0.6363636363636364,0.7388888888888889,0,-1,-1,barclyas.com
10,10,0,1,0,0,0,0,0,0.4347826086956522,0.6282051282051282,0,-1,-1,dropbox.ml
12,12,0,1,0,0,0,0,0,0.2857142857142857,0.5427350427350427,0,-1,-1,stamford.edu
25,25,0,1,3,0,3,0,0,0.368421052631579,0.4615384615384615,0,-1,-1,secure-auth-228-slack.com
30,30,0,1,3,0,3,0,0,0.37209302325581395,0.48888888888888893,0,-1,-1,secure-auth-853-salesforce.com
26,26,0,1,3,0,3,0,0,0.5555555555555556,0.47179487179487173,0,-1,-1,secure-auth-466-google.com
12,12,0,1,0,0,0,0,0,0.6363636363636364,0.765,0,-1,-1,gacebook.com
15,15,0,1,1,0,0,0,0,0.56,0.6746031746031745,0,-1,-1,portal-hsbc.com
17,17,0,1,0,0,0,0,0,0.4666666666666667,0.5703242835595778,0,-1,-1,abnkofamerica.com
9,9,0,1,0,0,0,0,0,0.5263157894736843,0.6444444444444444,0,-1,-1,xlack.com
29,29,0,1,3,0,3,0,0,0.6190476190476191,0.45042314007831247,0,-1,-1,secure-auth-192-microsoft.com
25,25,0,1,3,0,3,0,0,0.368421052631579,0.4615384615384615,0,-1,-1,secure-auth-250-chase.com
15,15,0,2,1,0,0,0,0,0.41666666666666663,0.5777777777777778,0,-1,-1,cam-login.ac.uk
23,23,0,1,3,0,3,0,0,0.2222222222222222,0.47681159420289854,0,-1,-1,secure-auth-161-mit.edu
16,16,0,1,1,0,0,0,0,0.7692307692307692,0.7416666666666667,0,-1,-1,login-paypal.com
27,27,0,1,3,0,3,0,0,0.19999999999999996,0.4246913580246914,0,-1,-1,secure-auth-751-harvard.edu
7,7,0,1,0,0,0,0,0,0.5,0.6571428571428571,0,-1,-1,hsb.com
10,10,0,1,0,0,0,0,0,0.9,0.9533333333333333,0,-1,-1,goovle.com
23,23,0,1,3,0,3,0,0,0.2222222222222222,0.47681159420289854,0,-1,-1,secure-auth-582-mit.edu
27,27,0,1,3,0,3,0,0,0.35,0.44753086419753085,0,-1,-1,secure-auth-553-twitter.com
28,28,0,1,3,0,3,0,0,0.3902439024390244,0.5009157509157509,0,-1,-1,secure-auth-672-facebook.com
27,27,0,1,3,0,3,0,0,0.44999999999999996,0.4703703703703703,0,-1,-1,secure-auth-954-spotify.com
28,28,0,1,3,0,3,0,0,0.3902439024390244,0.5009157509157509,0,-1,-1,secure-auth-893-facebook.com
26,26,0,1,3,0,3,0,0,0.5555555555555556,0.47179487179487173,0,-1,-1,secure-auth-120-google.com
28,28,0,1,3,0,3,0,0,0.3902439024390244,0.5009157509157509,0,-1,-1,secure-auth-771-facebook.com
23,23,0,1,3,0,3,0,0,0.2222222222222222,0.47681159420289854,0,-1,-1,secure-auth-769-mit.edu
27,27,0,1,3,0,3,0,0,0.35,0.44753086419753085,0,-1,-1,secure-auth-359-twitter.com
27,27,0,1,3,0,3,0,0,0.19999999999999996,0.4246913580246914,0,-1,-1,secure-auth-291-harvard.edu
26,26,0,1,3,0,3,0,0,0.3589743589743589,0.452991452991453,0,-1,-1,secure-auth-856-amazon.com
25,25,0,2,3,0,3,0,0,0.2941176470588235,0.47333333333333333,0,-1,-1,secure-auth-344-cam.ac.uk
27,27,0,1,3,0,3,0,0,0.19999999999999996,0.4246913580246914,0,-1,-1,secure-auth-872-harvard.edu
30,30,0,1,3,0,3,0,0,0.37209302325581395,0.48888888888888893,0,-1,-1,secure-auth-286-salesforce.com
20,20,0,1,1,0,0,0,0,0.7878787878787878,0.7551282051282051,0,-1,-1,portal-microsoft.com
29,29,0,1,3,0,3,0,0,0.38095238095238093,0.509323116219668,0,-1,-1,secure-auth-753-instagram.com
20,20,0,1,1,0,0,0,0,0.7878787878787878,0.9299999999999999,0,-1,-1,microsoft-signin.com
27,27,0,1,3,0,3,0,0,0.4,0.4703703703703703,0,-1,-1,secure-auth-287-dropbox.com
20,20,0,1,1,0,0,0,0,0.4242424242424242,0.6400284900284899,0,-1,-1,instagram-signin.com
27,27,0,1,3,0,3,0,0,0.44999999999999996,0.4703703703703703,0,-1,-1,secure-auth-526-spotify.com
17,17,0,1,0,0,0,0,0,0.4666666666666667,0.5703242835595778,0,-1,-1,hankofamerica.com
17,17,0,1,0,0,0,0,0,0.4666666666666667,0.5703242835595778,0,-1,-1,bankofamericq.com
26,26,0,1,3,0,3,0,0,0.5555555555555556,0.47179487179487173,0,-1,-1,secure-auth-374-google.com
28,28,0,1,3,0,3,0,0,0.24390243902439024,0.469047619047619,0,-1,-1,secure-auth-890-stanford.edu
10,10,0,2,0,0,0,0,0,0.42105263157894735,0.5692307692307693,0,-1,-1,carn.ac.uk
16,16,0,1,0,0,0,0,0,0.46153846153846156,0.6217948717948718,0,-1,-1,bankofameria.com
25,25,0,1,3,0,3,0,0,0.368421052631579,0.47333333333333333,0,-1,-1,secure-auth-499-adobe.com
30,30,0,1,3,0,3,0,0,0.37209302325581395,0.48888888888888893,0,-1,-1,secure-auth-439-salesforce.com
25,25,0,1,3,0,3,0,0,0.368421052631579,0.4615384615384615,0,-1,-1,secure-auth-887-slack.com
15,15,0,1,1,0,0,0,0,0.3571428571428571,0.6111111111111112,0,-1,-1,zoom-account.us
25,25,0,2,3,0,3,0,0,0.2941176470588235,0.47333333333333333,0,-1,-1,secure-auth-609-cam.ac.uk
13,13,0,1,0,0,0,0,0,0.5217391304347826,0.6985347985347986,0,-1,-1,salesfore.com
9,9,0,1,0,0,0,0,0,0.736842105263158,0.8546296296296297,0,-1,-1,applw.com
29,29,0,1,3,0,3,0,0,0.6190476190476191,0.45042314007831247,0,-1,-1,secure-auth-246-microsoft.com
25,25,0,1,3,0,3,0,0,0.4,0.4266666666666667,0,-1,-1,secure-auth-762-apple.com
30,30,0,1,3,0,3,0,0,0.37209302325581395,0.44273504273504277,0,-1,-1,secure-auth-992-wellsfargo.com
18,18,0,1,3,0,0,0,0,0.5161290322580645,0.6962962962962962,1,-1,-1,xn--dropbo-gsf.com
27,27,0,1,3,0,3,0,0,0.44999999999999996,0.4703703703703703,0,-1,-1,secure-auth-852-spotify.com
11,11,0,1,0,0,0,0,0,0.5,0.6297036297036297,0,-1,-1,twittdr.com
28,28,0,1,3,0,3,0,0,0.3902439024390244,0.5009157509157509,0,-1,-1,secure-auth-789-facebook.com
33,33,0,1,3,0,3,0,0,0.34782608695652173,0.5070707070707071,0,-1,-1,secure-auth-473-bankofamerica.com
11,11,0,1,0,0,0,0,0,0.5,0.6515151515151515,0,-1,-1,twittef.com
25,25,0,1,3,0,3,0,0,0.368421052631579,0.4615384615384615,0,-1,-1,secure-auth-199-chase.com
33,33,0,1,3,0,3,0,0,0.34782608695652173,0.5070707070707071,0,-1,-1,secure-auth-166-bankofamerica.com
9,9,0,2,0,0,0,0,0,0.4444444444444444,0.5462962962962963,0,-1,-1,dam.ac.uk
24,24,0,1,3,0,3,0,0,0.3783783783783784,0.5662393162393162,0,-1,-1,secure-auth-103-hsbc.com
10,10,0,1,0,0,0,0,0,0.5263157894736843,0.6185185185185186,0,-1,-1,slack.info
27,27,0,1,3,0,3,0,0,0.19999999999999996,0.4246913580246914,0,-1,-1,secure-auth-317-harvard.edu
10,10,0,1,0,0,0,0,0,0.6,0.7523809523809524,0,-1,-1,amazpn.com
11,11,0,1,0,0,0,0,0,0.41666666666666663,0.7094757094757095,0,-1,-1,citibank.co
29,29,0,1,3,0,3,0,0,0.38095238095238093,0.509323116219668,0,-1,-1,secure-auth-162-instagram.com
26,26,0,1,3,0,3,0,0,0.3589743589743589,0.44943019943019946,0,-1,-1,secure-auth-684-github.com
26,26,0,1,3,0,3,0,0,0.5555555555555556,0.4256410256410256,0,-1,-1,secure-auth-551-paypal.com
19,19,0,1,3,0,0,0,0,0.3448275862068966,0.5492577597840755,1,-1,-1,xn--linkdin-bhg.com
10,10,0,1,0,0,0,0,0,0.9,0.9733333333333334,0,-1,-1,gogole.com
26,26,0,1,3,0,3,0,0,0.3589743589743589,0.452991452991453,0,-1,-1,secure-auth-594-amazon.com
24,24,0,2,3,0,3,0,0,0.303030303030303,0.5148046398046398,0,-1,-1,secure-auth-273-ox.ac.uk
30,30,0,3,3,0,3,0,0,1.0,1.0,0,-1,-1,secure-auth-724-vtop.vit.ac.in
25,25,0,1,3,0,3,0,0,0.368421052631579,0.4615384615384615,0,-1,-1,secure-auth-722-slack.com
29,29,0,1,3,0,3,0,0,0.6190476190476191,0.45042314007831247,0,-1,-1,secure-auth-401-microsoft.com
11,11,0,1,0,0,0,0,0,0.5,0.7094757094757095,0,-1,-1,citiban.com
23,23,0,1,3,0,3,0,0,0.2777777777777778,0.5246376811594203,0,-1,-1,secure-auth-263-zoom.us
25,25,0,1,3,0,3,0,0,0.368421052631579,0.4615384615384615,0,-1,-1,secure-auth-354-chase.com
23,23,0,1,3,0,3,0,0,0.2777777777777778,0.5246376811594203,0,-1,-1,secure-auth-257-zoom.us
23,23,0,1,3,0,3,0,0,0.2777777777777778,0.5246376811594203,0,-1,-1,secure-auth-142-zoom.us
25,25,0,1,3,0,3,0,0,0.368421052631579,0.4615384615384615,0,-1,-1,secure-auth-685-slack.com
26,26,0,1,3,0,3,0,0,0.5555555555555556,0.47179487179487173,0,-1,-1,secure-auth-860-google.com
25,25,0,1,3,0,3,0,0,0.368421052631579,0.4615384615384615,0,-1,-1,secure-auth-225-slack.com
19,19,0,1,3,0,1,0,0,0.5,0.6371457489878543,1,-1,-1,xn--fcebook-2fg.com
26,26,0,1,3,0,3,0,0,0.3589743589743589,0.44943019943019946,0,-1,-1,secure-auth-910-github.com
12,12,0,1,0,0,0,0,0,0.5454545454545454,0.7000000000000001,0,-1,-1,lihkedin.com
8,8,0,1,0,0,0,0,0,0.5555555555555556,0.7277777777777779,0,-1,-1,slak.com
25,25,0,1,3,0,3,0,0,0.368421052631579,0.4615384615384615,0,-1,-1,secure-auth-214-chase.com
28,28,0,1,3,0,3,0,0,0.24390243902439024,0.469047619047619,0,-1,-1,secure-auth-351-stanford.edu
13,13,0,1,0,0,0,0,0,0.5384615384615384,0.6602564102564102,0,-1,-1,instagrma.com
25,25,0,1,3,0,3,0,0,0.368421052631579,0.4615384615384615,0,-1,-1,secure-auth-643-chase.com
25,25,0,1,3,0,3,0,0,0.368421052631579,0.4615384615384615,0,-1,-1,secure-auth-363-chase.com
27,27,0,1,3,0,3,0,0,0.44999999999999996,0.4703703703703703,0,-1,-1,secure-auth-677-spotify.com
33,33,0,1,3,0,3,0,0,0.34782608695652173,0.5070707070707071,0,-1,-1,secure-auth-245-bankofamerica.com
30,30,0,1,3,0,3,0,0,0.37209302325581395,0.48888888888888893,0,-1,-1,secure-auth-550-salesforce.com
14,14,0,1,0,0,0,0,0,0.5,0.638095238095238,0,-1,-1,salesforec.com
15,15,0,2,1,0,0,0,0,0.41666666666666663,0.562962962962963,0,-1,-1,ox-update.ac.uk
28,28,0,1,3,0,3,0,0,0.3902439024390244,0.5009157509157509,0,-1,-1,secure-auth-550-facebook.com
30,30,0,3,3,0,3,0,0,1.0,1.0,0,-1,-1,secure-auth-287-vtop.vit.ac.in
12,12,0,1,0,0,0,0,0,0.5454545454545454,0.6658730158730158,0,-1,-1,bqrclays.com
25,25,0,1,3,0,3,0,0,0.368421052631579,0.4615384615384615,0,-1,-1,secure-auth-318-chase.com
21,21,0,1,1,0,0,0,0,0.47058823529411764,0.5958485958485958,0,-1,-1,account-instagram.com
11,11,0,1,0,0,0,0,0,0.5,0.6515151515151515,0,-1,-1,wtitter.com
25,25,0,1,3,0,3,0,0,0.368421052631579,0.4615384615384615,0,-1,-1,secure-auth-760-slack.com
29,29,0,1,3,0,3,0,0,0.6190476190476191,0.45042314007831247,0,-1,-1,secure-auth-777-microsoft.com
7,7,0,1,0,0,0,0,0,0.30000000000000004,0.5738095238095239,0,-1,-1,hsbc.ml
25,25,0,1,3,0,3,0,0,0.368421052631579,0.4615384615384615,0,-1,-1,secure-auth-773-slack.com
33,33,0,1,3,0,3,0,0,0.34782608695652173,0.5070707070707071,0,-1,-1,secure-auth-509-bankofamerica.com
28,28,0,1,3,0,3,0,0,0.3414634146341463,0.4543956043956044,0,-1,-1,secure-auth-987-citibank.com
30,30,0,1,3,0,3,0,0,0.37209302325581395,0.44273504273504277,0,-1,-1,secure-auth-741-wellsfargo.com
30,30,0,3,3,0,3,0,0,1.0,1.0,0,-1,-1,secure-auth-142-vtop.vit.ac.in
28,28,0,1,3,0,3,0,0,0.3414634146341463,0.5113756613756614,0,-1,-1,secure-auth-498-linkedin.com
28,28,0,1,3,0,3,0,0,0.3414634146341463,0.5113756613756614,0,-1,-1,secure-auth-218-linkedin.com
14,14,0,1,0,0,0,0,0,0.5185185185185186,0.7043142043142043,0,-1,-1,welosfargo.com
25,25,0,1,3,0,3,0,0,0.368421052631579,0.47333333333333333,0,-1,-1,secure-auth-140-adobe.com
28,28,0,1,3,0,3,0,0,0.3414634146341463,0.5113756613756614,0,-1,-1,secure-auth-638-linkedin.com
25,25,0,1,3,0,3,0,0,0.368421052631579,0.4615384615384615,0,-1,-1,secure-auth-348-slack.com
28,28,0,1,3,0,3,0,0,0.3414634146341463,0.5113756613756614,0,-1,-1,secure-auth-419-linkedin.com
9,9,0,1,0,0,0,0,0,0.5263157894736843,0.6851851851851851,0,-1,-1,chawe.com
25,25,0,1,3,0,3,0,0,0.368421052631579,0.4615384615384615,0,-1,-1,secure-auth-874-chase.com
17,17,0,1,0,0,0,0,0,0.4666666666666667,0.6294620412267471,0,-1,-1,baniofamerica.com
12,12,0,1,0,0,0,0,0,0.6363636363636364,0.7805555555555556,0,-1,-1,barcalys.com
12,12,0,1,0,0,0,0,0,0.5454545454545454,0.7134920634920635,0,-1,-1,faxebook.com
25,25,0,1,3,0,3,0,0,0.368421052631579,0.4615384615384615,0,-1,-1,secure-auth-430-chase.com
20,20,0,1,1,0,0,0,0,0.4666666666666667,0.6400284900284899,0,-1,-1,login-wellsfargo.com
12,12,0,1,0,0,0,0,0,0.48,0.638888888888889,0,-1,-1,citubank.com
27,27,0,1,3,0,3,0,0,0.44999999999999996,0.4703703703703703,0,-1,-1,secure-auth-133-spotify.com
26,26,0,1,3,0,3,0,0,0.3589743589743589,0.452991452991453,0,-1,-1,secure-auth-343-amazon.com
17,17,0,1,1,0,0,0,0,0.7407407407407407,0.7564705882352942,0,-1,-1,portal-paypal.com
18,18,0,1,1,0,0,0,0,0.5161290322580645,0.6566951566951568,0,-1,-1,signin-dropbox.com
27,27,0,1,3,0,3,0,0,0.19999999999999996,0.4246913580246914,0,-1,-1,secure-auth-263-harvard.edu
9,9,0,1,0,0,0,0,0,0.631578947368421,0.7555555555555555,0,-1,-1,adone.com
24,24,0,2,3,0,3,0,0,0.303030303030303,0.5148046398046398,0,-1,-1,secure-auth-472-ox.ac.uk
13,13,0,1,0,0,0,0,0,0.4545454545454546,0.5854700854700855,0,-1,-1,facebook.info
30,30,0,1,3,0,3,0,0,0.37209302325581395,0.44273504273504277,0,-1,-1,secure-auth-606-wellsfargo.com
23,23,0,1,3,0,3,0,0,0.2777777777777778,0.5246376811594203,0,-1,-1,secure-auth-444-zoom.us
15,15,0,1,1,0,0,0,0,0.48,0.6207570207570208,0,-1,-1,auth-amazon.com
7,7,0,1,0,0,0,0,0,0.30000000000000004,0.5026455026455027,0,-1,-1,mjt.edu
10,10,0,1,0,0,0,0,0,0.6,0.6777777777777777,0,-1,-1,amazoh.com
27,27,0,1,3,0,3,0,0,0.44999999999999996,0.4703703703703703,0,-1,-1,secure-auth-227-spotify.com
17,17,0,1,3,0,1,0,0,0.4444444444444444,0.6048265460030166,1,-1,-1,xn--amzon-5ve.com
11,11,0,1,0,0,0,0,0,0.5,0.6297036297036297,0,-1,-1,twittwr.com
26,26,0,1,3,0,3,0,0,0.3589743589743589,0.44943019943019946,0,-1,-1,secure-auth-770-github.com
25,25,0,1,3,0,3,0,0,0.368421052631579,0.4615384615384615,0,-1,-1,secure-auth-812-chase.com
28,28,0,1,3,0,3,0,0,0.3414634146341463,0.4543956043956044,0,-1,-1,secure-auth-612-citibank.com
27,27,0,1,3,0,3,0,0,0.19999999999999996,0.4246913580246914,0,-1,-1,secure-auth-969-harvard.edu
25,25,0,1,3,0,3,0,0,0.368421052631579,0.47333333333333333,0,-1,-1,secure-auth-189-adobe.com
25,25,0,2,3,0,3,0,0,0.2941176470588235,0.47333333333333333,0,-1,-1,secure-auth-645-cam.ac.uk
30,30,0,1,3,0,3,0,0,0.37209302325581395,0.48888888888888893,0,-1,-1,secure-auth-309-salesforce.com
16,16,0,1,1,0,0,0,0,0.48275862068965514,0.5801282051282052,0,-1,-1,hsbc-account.com
27,27,0,1,3,0,3,0,0,0.35,0.44753086419753085,0,-1,-1,secure-auth-588-twitter.com
25,25,0,2,3,0,3,0,0,0.2941176470588235,0.47333333333333333,0,-1,-1,secure-auth-213-cam.ac.uk
27,27,0,1,3,0,3,0,0,0.35,0.44753086419753085,0,-1,-1,secure-auth-842-twitter.com
25,25,0,2,3,0,3,0,0,0.2941176470588235,0.47333333333333333,0,-1,-1,secure-auth-715-cam.ac.uk
25,25,0,2,3,0,3,0,0,0.2941176470588235,0.47333333333333333,0,-1,-1,secure-auth-459-cam.ac.uk
12,12,0,1,0,0,0,0,0,0.4,0.6120268620268621,0,-1,-1,spotify.club
14,14,0,3,0,0,1,0,0,0.8888888888888888,0.9333333333333333,0,-1,-1,vtop.v1t.ac.in
25,25,0,1,3,0,3,0,0,0.368421052631579,0.4615384615384615,0,-1,-1,secure-auth-124-slack.com
27,27,0,1,3,0,3,0,0,0.35,0.44753086419753085,0,-1,-1,secure-auth-509-netflix.com
26,26,0,1,3,0,3,0,0,0.5555555555555556,0.47179487179487173,0,-1,-1,secure-auth-743-google.com
25,25,0,2,3,0,3,0,0,0.2941176470588235,0.47333333333333333,0,-1,-1,secure-auth-275-cam.ac.uk
27,27,0,1,3,0,3,0,0,0.35,0.44753086419753085,0,-1,-1,secure-auth-749-netflix.com
26,26,0,1,3,0,3,0,0,0.5555555555555556,0.47179487179487173,0,-1,-1,secure-auth-295-google.com
11,11,0,1,0,0,1,0,0,0.5714285714285714,0.7151515151515152,0,-1,-1,sp0tify.com
27,27,0,1,3,0,3,0,0,0.35,0.44753086419753085,0,-1,-1,secure-auth-182-netflix.com
26,26,0,1,3,0,3,0,0,0.5555555555555556,0.4256410256410256,0,-1,-1,secure-auth-301-paypal.com
24,24,0,1,3,0,3,0,0,0.3783783783783784,0.5662393162393162,0,-1,-1,secure-auth-193-hsbc.com
30,30,0,1,3,0,3,0,0,0.37209302325581395,0.44273504273504277,0,-1,-1,secure-auth-976-wellsfargo.com
17,17,0,1,0,0,0,0,0,0.4666666666666667,0.5703242835595778,0,-1,-1,bankofamericz.com
25,25,0,1,3,0,3,0,0,0.368421052631579,0.47333333333333333,0,-1,-1,secure-auth-707-adobe.com
25,25,0,1,3,0,3,0,0,0.368421052631579,0.4615384615384615,0,-1,-1,secure-auth-400-chase.com
28,28,0,1,3,0,3,0,0,0.3414634146341463,0.4543956043956044,0,-1,-1,secure-auth-592-citibank.com
12,12,0,1,0,0,0,0,0,0.5454545454545454,0.7388888888888889,0,-1,-1,varclays.com
32,32,0,2,3,0,3,0,0,0.5263157894736843,0.6851851851851851,0,-1,-1,secure-auth-325-portal.azure.com
17,17,0,1,1,0,0,0,0,0.5185185185185186,0.6986928104575164,0,-1,-1,apple-account.com
14,14,0,1,1,0,0,0,0,0.5,0.638095238095238,0,-1,-1,login-hsbc.com
27,27,0,1,3,0,3,0,0,0.44999999999999996,0.4703703703703703,0,-1,-1,secure-auth-131-spotify.com
25,25,0,1,3,0,3,0,0,0.4,0.4266666666666667,0,-1,-1,secure-auth-537-apple.com
12,12,0,1,0,0,0,0,0,0.48,0.6441798941798942,0,-1,-1,citbiank.com
30,30,0,1,3,0,3,0,0,0.37209302325581395,0.48888888888888893,0,-1,-1,secure-auth-534-salesforce.com
12,12,0,1,0,0,0,0,0,0.4545454545454546,0.638888888888889,0,-1,-1,cigibank.com
20,20,0,1,1,0,0,0,0,0.48484848484848486,0.6400284900284899,0,-1,-1,citibank-support.com
29,29,0,1,3,0,3,0,0,0.38095238095238093,0.509323116219668,0,-1,-1,secure-auth-598-instagram.com
24,24,0,1,3,0,3,0,0,0.3783783783783784,0.5662393162393162,0,-1,-1,secure-auth-930-hsbc.com
26,26,0,1,3,0,3,0,0,0.3589743589743589,0.44943019943019946,0,-1,-1,secure-auth-398-github.com
16,16,0,1,3,0,1,0,0,0.46153846153846156,0.6041666666666666,1,-1,-1,xn--adob-y4d.com
29,29,0,1,3,0,3,0,0,0.38095238095238093,0.509323116219668,0,-1,-1,secure-auth-926-instagram.com
25,25,0,2,3,0,3,0,0,0.2941176470588235,0.47333333333333333,0,-1,-1,secure-auth-344-cam.ac.uk
12,12,0,1,0,0,0,0,0,0.48,0.638888888888889,0,-1,-1,cutibank.com
26,26,0,1,3,0,3,0,0,0.3589743589743589,0.452991452991453,0,-1,-1,secure-auth-713-amazon.com
14,14,0,1,0,0,0,0,0,0.5,0.638095238095238,0,-1,-1,wellsdargo.com
26,26,0,1,3,0,3,0,0,0.3589743589743589,0.452991452991453,0,-1,-1,secure-auth-272-amazon.com
8,8,0,2,0,0,1,0,0,0.47058823529411764,0.6481481481481481,0,-1,-1,0x.ac.uk
30,30,0,1,3,0,3,0,0,0.37209302325581395,0.48888888888888893,0,-1,-1,secure-auth-442-salesforce.com
9,9,0,1,0,0,0,0,0,0.631578947368421,0.7555555555555555,0,-1,-1,chaae.com
28,28,0,1,3,0,3,0,0,0.3902439024390244,0.5009157509157509,0,-1,-1,secure-auth-158-facebook.com
27,27,0,1,3,0,3,0,0,0.35,0.44753086419753085,0,-1,-1,secure-auth-201-twitter.com
8,8,0,1,0,0,0,0,0,0.47619047619047616,0.6260683760683761,0,-1,-1,hshc.com
29,29,0,1,3,0,3,0,0,0.6190476190476191,0.45042314007831247,0,-1,-1,secure-auth-791-microsoft.com
14,14,0,1,0,0,0,0,0,0.5,0.6672771672771672,0,-1,-1,salefsorce.com
12,12,0,1,0,0,0,0,0,0.88,0.9525641025641025,0,-1,-1,microsoft.cc
27,27,0,1,3,0,3,0,0,0.4,0.4703703703703703,0,-1,-1,secure-auth-859-dropbox.com
28,28,0,1,3,0,3,0,0,0.368421052631579,0.4543956043956044,0,-1,-1,secure-auth-795-barclays.com
12,12,0,1,0,0,0,0,0,0.96,0.9820512820512821,0,-1,-1,micosoft.com
27,27,0,1,3,0,3,0,0,0.35,0.44753086419753085,0,-1,-1,secure-auth-910-twitter.com
10,10,0,1,0,0,0,0,0,0.5217391304347826,0.6,0,-1,-1,tithub.com
7,7,0,1,0,0,0,0,0,0.5,0.6571428571428571,0,-1,-1,hbc.com
27,27,0,1,3,0,3,0,0,0.35,0.44753086419753085,0,-1,-1,secure-auth-391-netflix.com
17,17,0,1,3,0,0,0,0,0.6666666666666667,0.8098039215686276,1,-1,-1,xn--papal-fze.com
13,13,0,1,0,0,0,0,0,0.5384615384615384,0.6602564102564102,0,-1,-1,instabram.com
27,27,0,1,3,0,3,0,0,0.44999999999999996,0.4703703703703703,0,-1,-1,secure-auth-498-spotify.com
25,25,0,1,3,0,3,0,0,0.368421052631579,0.4615384615384615,0,-1,-1,secure-auth-293-slack.com
25,25,0,1,3,0,3,0,0,0.368421052631579,0.47333333333333333,0,-1,-1,secure-auth-509-adobe.com
28,28,0,1,3,0,3,0,0,0.3902439024390244,0.5009157509157509,0,-1,-1,secure-auth-493-facebook.com
13,13,0,1,0,0,0,0,0,0.5384615384615384,0.6602564102564102,0,-1,-1,instgaram.com
27,27,0,1,3,0,3,0,0,0.4,0.4703703703703703,0,-1,-1,secure-auth-350-dropbox.com
25,25,0,1,3,0,3,0,0,0.368421052631579,0.4615384615384615,0,-1,-1,secure-auth-436-slack.com
32,32,0,2,3,0,3,0,0,0.5263157894736843,0.6851851851851851,0,-1,-1,secure-auth-668-portal.azure.com
12,12,0,1,0,0,0,0,0,0.48,0.6441798941798942,0,-1,-1,citibanm.com
25,25,0,1,3,0,3,0,0,0.368421052631579,0.4615384615384615,0,-1,-1,secure-auth-755-chase.com
16,16,0,1,0,0,0,0,0,0.48275862068965514,0.5801282051282052,0,-1,-1,banofamerica.com
33,33,0,1,3,0,3,0,0,0.34782608695652173,0.5070707070707071,0,-1,-1,secure-auth-999-bankofamerica.com
10,10,0,1,0,0,0,0,0,0.4,0.5615384615384615,0,-1,-1,amazon.top
28,28,0,1,3,0,3,0,0,0.368421052631579,0.4543956043956044,0,-1,-1,secure-auth-106-barclays.com
22,22,0,1,1,0,0,0,0,0.4375,0.5893550893550894,0,-1,-1,support-wellsfargo.com
25,25,0,1,3,0,3,0,0,0.368421052631579,0.4615384615384615,0,-1,-1,secure-auth-973-slack.com
10,10,0,1,0,0,0,0,0,0.9,0.9666666666666667,0,-1,-1,ogogle.com
25,25,0,2,3,0,3,0,0,0.2941176470588235,0.47333333333333333,0,-1,-1,secure-auth-233-cam.ac.uk
28,28,0,1,3,0,3,0,0,0.3414634146341463,0.5113756613756614,0,-1,-1,secure-auth-694-linkedin.com
19,19,0,1,1,0,0,0,0,0.48275862068965514,0.6479232268705952,0,-1,-1,support-netflix.com
11,11,0,1,0,0,0,0,0,0.2857142857142857,0.5242424242424243,0,-1,-1,harfard.edu
17,17,0,1,1,0,0,0,0,0.5333333333333333,0.6119909502262444,0,-1,-1,chase-account.com
29,29,0,1,3,0,3,0,0,0.6190476190476191,0.45042314007831247,0,-1,-1,secure-auth-518-microsoft.com
28,28,0,1,3,0,3,0,0,0.3414634146341463,0.4543956043956044,0,-1,-1,secure-auth-426-citibank.com
24,24,0,1,3,0,3,0,0,0.3783783783783784,0.5662393162393162,0,-1,-1,secure-auth-278-hsbc.com
28,28,0,1,3,0,3,0,0,0.3902439024390244,0.5009157509157509,0,-1,-1,secure-auth-617-facebook.com
11,11,0,1,0,0,0,0,0,0.5833333333333333,0.724941724941725,0,-1,-1,rropbox.com
30,30,0,1,3,0,3,0,0,0.37209302325581395,0.48888888888888893,0,-1,-1,secure-auth-843-salesforce.com
30,30,0,3,3,0,3,0,0,1.0,1.0,0,-1,-1,secure-auth-193-vtop.vit.ac.in
25,25,0,1,1,0,0,0,0,0.4,0.5577777777777778,0,-1,-1,support-bankofamerica.com
27,27,0,1,3,0,3,0,0,0.19999999999999996,0.4246913580246914,0,-1,-1,secure-auth-279-harvard.edu
26,26,0,1,3,0,3,0,0,0.5555555555555556,0.47179487179487173,0,-1,-1,secure-auth-853-google.com
27,27,0,1,3,0,3,0,0,0.44999999999999996,0.4703703703703703,0,-1,-1,secure-auth-283-spotify.com
15,15,0,2,0,0,0,0,0,0.33333333333333337,0.5583333333333333,0,-1,-1,portal.azure.cc
27,27,0,1,3,0,3,0,0,0.4,0.4703703703703703,0,-1,-1,secure-auth-183-dropbox.com
27,27,0,1,3,0,3,0,0,0.4,0.4703703703703703,0,-1,-1,secure-auth-695-dropbox.com
29,29,0,1,3,0,3,0,0,0.38095238095238093,0.509323116219668,0,-1,-1,secure-auth-113-instagram.com
8,8,0,2,0,0,0,0,0,0.47058823529411764,0.6481481481481481,0,-1,-1,oz.ac.uk
16,16,0,1,1,0,0,0,0,0.46153846153846156,0.6648809523809524,0,-1,-1,adobe-signin.com
25,25,0,1,3,0,3,0,0,0.368421052631579,0.4615384615384615,0,-1,-1,secure-auth-425-chase.com
20,20,0,1,1,0,0,0,0,0.5454545454545454,0.6230769230769231,0,-1,-1,facebook-support.com
9,9,0,1,0,0,0,0,0,0.631578947368421,0.7555555555555555,0,-1,-1,wdobe.com
11,11,0,1,0,0,0,0,0,0.47619047619047616,0.6595959595959596,0,-1,-1,netdlix.com
29,29,0,1,3,0,3,0,0,0.6190476190476191,0.45042314007831247,0,-1,-1,secure-auth-349-microsoft.com
10,10,0,1,0,0,0,0,0,0.6,0.7333333333333334,0,-1,-1,amaozn.com
17,17,0,1,1,0,0,0,0,0.7407407407407407,0.8294117647058824,0,-1,-1,update-paypal.com
25,25,0,1,3,0,3,0,0,0.368421052631579,0.47333333333333333,0,-1,-1,secure-auth-300-adobe.com
28,28,0,1,3,0,3,0,0,0.3902439024390244,0.5009157509157509,0,-1,-1,secure-auth-642-facebook.com
29,29,0,1,3,0,3,0,0,0.6190476190476191,0.45042314007831247,0,-1,-1,secure-auth-545-microsoft.com
26,26,0,1,3,0,3,0,0,0.3589743589743589,0.44943019943019946,0,-1,-1,secure-auth-862-github.com
11,11,0,1,0,0,0,0,0,0.6666666666666667,0.7808857808857809,0,-1,-1,cropbox.com
28,28,0,1,3,0,3,0,0,0.3414634146341463,0.4543956043956044,0,-1,-1,secure-auth-393-citibank.com
25,25,0,1,3,0,3,0,0,0.368421052631579,0.4615384615384615,0,-1,-1,secure-auth-310-slack.com
11,11,0,1,0,0,0,0,0,0.47619047619047616,0.6595959595959596,0,-1,-1,hetflix.com
27,27,0,1,3,0,3,0,0,0.44999999999999996,0.4703703703703703,0,-1,-1,secure-auth-809-spotify.com
28,28,0,1,3,0,3,0,0,0.3414634146341463,0.5113756613756614,0,-1,-1,secure-auth-604-linkedin.com
33,33,0,1,3,0,3,0,0,0.34782608695652173,0.5070707070707071,0,-1,-1,secure-auth-603-bankofamerica.com
9,9,0,1,0,0,0,0,0,0.5454545454545454,0.6851851851851851,0,-1,-1,cbase.com
30,30,0,3,3,0,3,0,0,1.0,1.0,0,-1,-1,secure-auth-213-vtop.vit.ac.in
23,23,0,1,3,0,3,0,0,0.2222222222222222,0.47681159420289854,0,-1,-1,secure-auth-692-mit.edu
11,11,0,1,0,0,0,0,0,0.5833333333333333,0.724941724941725,0,-1,-1,dropnox.com
12,12,0,1,0,0,0,0,0,0.56,0.719017094017094,0,-1,-1,fscebook.com
30,30,0,1,3,0,3,0,0,0.37209302325581395,0.44273504273504277,0,-1,-1,secure-auth-768-wellsfargo.com
28,28,0,1,3,0,3,0,0,0.3902439024390244,0.5009157509157509,0,-1,-1,secure-auth-466-facebook.com
30,30,0,3,3,0,3,0,0,1.0,1.0,0,-1,-1,secure-auth-105-vtop.vit.ac.in
23,23,0,1,3,0,3,0,0,0.2777777777777778,0.5246376811594203,0,-1,-1,secure-auth-361-zoom.us
26,26,0,1,3,0,3,0,0,0.3589743589743589,0.44943019943019946,0,-1,-1,secure-auth-192-github.com
28,28,0,1,3,0,3,0,0,0.3414634146341463,0.4543956043956044,0,-1,-1,secure-auth-962-citibank.com
23,23,0,1,3,0,3,0,0,0.2777777777777778,0.5246376811594203,0,-1,-1,secure-auth-157-zoom.us
25,25,0,1,3,0,3,0,0,0.4,0.4266666666666667,0,-1,-1,secure-auth-584-apple.com
25,25,0,1,3,0,3,0,0,0.368421052631579,0.4615384615384615,0,-1,-1,secure-auth-591-chase.com
30,30,0,1,3,0,3,0,0,0.37209302325581395,0.44273504273504277,0,-1,-1,secure-auth-479-wellsfargo.com
18,18,0,1,1,0,0,0,0,0.7142857142857143,0.8911111111111111,0,-1,-1,paypal-account.com
13,13,0,1,0,0,0,0,0,0.5384615384615384,0.6602564102564102,0,-1,-1,instqgram.com
28,28,0,1,3,0,3,0,0,0.3414634146341463,0.5113756613756614,0,-1,-1,secure-auth-925-linkedin.com
25,25,0,1,3,0,3,0,0,0.4,0.4266666666666667,0,-1,-1,secure-auth-411-apple.com
30,30,0,1,3,0,3,0,0,0.37209302325581395,0.48888888888888893,0,-1,-1,secure-auth-885-salesforce.com
28,28,0,1,3,0,3,0,0,0.24390243902439024,0.469047619047619,0,-1,-1,secure-auth-732-stanford.edu
28,28,0,1,3,0,3,0,0,0.3414634146341463,0.4543956043956044,0,-1,-1,secure-auth-679-citibank.com
11,11,0,1,0,0,0,0,0,0.30000000000000004,0.5242424242424243,0,-1,-1,ahrvard.edu
25,25,0,1,3,0,3,0,0,0.368421052631579,0.4615384615384615,0,-1,-1,secure-auth-638-slack.com
27,27,0,1,3,0,3,0,0,0.35,0.44753086419753085,0,-1,-1,secure-auth-877-twitter.com
29,29,0,1,3,0,3,0,0,0.38095238095238093,0.509323116219668,0,-1,-1,secure-auth-593-instagram.com
27,27,0,1,3,0,3,0,0,0.44999999999999996,0.4703703703703703,0,-1,-1,secure-auth-776-spotify.com
10,10,0,1,0,0,0,0,0,0.5217391304347826,0.6666666666666666,0,-1,-1,gifhub.com
33,33,0,1,3,0,3,0,0,0.34782608695652173,0.5070707070707071,0,-1,-1,secure-auth-117-bankofamerica.com
25,25,0,1,3,0,3,0,0,0.368421052631579,0.47333333333333333,0,-1,-1,secure-auth-816-adobe.com
33,33,0,1,3,0,3,0,0,0.34782608695652173,0.5070707070707071,0,-1,-1,secure-auth-136-bankofamerica.com
27,27,0,1,3,0,3,0,0,0.19999999999999996,0.4246913580246914,0,-1,-1,secure-auth-775-harvard.edu
30,30,0,3,3,0,3,0,0,1.0,1.0,0,-1,-1,secure-auth-173-vtop.vit.ac.in
24,24,0,1,3,0,3,0,0,0.3783783783783784,0.5662393162393162,0,-1,-1,secure-auth-178-hsbc.com
17,17,0,1,0,0,0,0,0,0.4666666666666667,0.5703242835595778,0,-1,-1,bnakofamerica.com
26,26,0,1,3,0,3,0,0,0.3589743589743589,0.452991452991453,0,-1,-1,secure-auth-903-amazon.com
19,19,0,1,1,0,0,0,0,0.48275862068965514,0.5368870895186685,0,-1,-1,signin-linkedin.com
13,13,0,1,0,0,0,0,0,0.5217391304347826,0.5970695970695971,0,-1,-1,inxtagram.com
29,29,0,1,3,0,3,0,0,0.6190476190476191,0.45042314007831247,0,-1,-1,secure-auth-214-microsoft.com
13,13,0,1,0,0,0,0,0,0.5384615384615384,0.6871794871794871,0,-1,-1,instagrak.com
27,27,0,1,3,0,3,0,0,0.44999999999999996,0.4703703703703703,0,-1,-1,secure-auth-642-spotify.com
28,28,0,1,3,0,3,0,0,0.368421052631579,0.4543956043956044,0,-1,-1,secure-auth-565-barclays.com
28,28,0,1,3,0,3,0,0,0.368421052631579,0.4543956043956044,0,-1,-1,secure-auth-440-barclays.com
11,11,0,1,0,0,0,0,0,0.47619047619047616,0.6515151515151515,0,-1,-1,twutter.com
28,28,0,1,3,0,3,0,0,0.368421052631579,0.4543956043956044,0,-1,-1,secure-auth-990-barclays.com
28,28,0,1,3,0,3,0,0,0.3414634146341463,0.4543956043956044,0,-1,-1,secure-auth-838-citibank.com
10,10,0,1,0,0,0,0,0,0.9,0.96,0,-1,-1,googIe.com
12,12,0,1,0,0,0,0,0,0.38095238095238093,0.5337606837606838,0,-1,-1,facebook.net
32,32,0,2,3,0,3,0,0,0.5263157894736843,0.6851851851851851,0,-1,-1,secure-auth-849-portal.azure.com
14,14,0,1,1,0,0,0,0,0.33333333333333337,0.5523809523809524,0,-1,-1,update-zoom.us
16,16,0,1,1,0,0,0,0,0.46153846153846156,0.6226851851851852,0,-1,-1,verify-slack.com
30,30,0,1,3,0,3,0,0,0.37209302325581395,0.44273504273504277,0,-1,-1,secure-auth-717-wellsfargo.com
16,16,0,1,3,0,1,0,0,0.3846153846153846,0.6041666666666666,1,-1,-1,xn--slak-n6d.com
23,23,0,1,3,0,3,0,0,0.2222222222222222,0.47681159420289854,0,-1,-1,secure-auth-325-mit.edu
27,27,0,1,3,0,3,0,0,0.19999999999999996,0.4246913580246914,0,-1,-1,secure-auth-441-harvard.edu
27,27,0,1,3,0,3,0,0,0.35,0.44753086419753085,0,-1,-1,secure-auth-117-netflix.com
17,17,0,1,1,0,0,0,0,0.4444444444444444,0.6024563671622495,0,-1,-1,auth-citibank.com
28,28,0,1,3,0,3,0,0,0.3902439024390244,0.5009157509157509,0,-1,-1,secure-auth-603-facebook.com
28,28,0,1,3,0,3,0,0,0.3414634146341463,0.4543956043956044,0,-1,-1,secure-auth-233-citibank.com
28,28,0,1,3,0,3,0,0,0.3414634146341463,0.4543956043956044,0,-1,-1,secure-auth-529-citibank.com
30,30,0,3,3,0,3,0,0,1.0,1.0,0,-1,-1,secure-auth-120-vtop.vit.ac.in
17,17,0,1,1,0,0,0,0,0.5333333333333333,0.7035361153008212,0,-1,-1,facebook-auth.com
20,20,0,1,1,0,0,0,0,0.48484848484848486,0.602991452991453,0,-1,-1,facebook-account.com
27,27,0,1,3,0,3,0,0,0.35,0.44753086419753085,0,-1,-1,secure-auth-293-twitter.com
26,26,0,1,3,0,3,0,0,0.3589743589743589,0.452991452991453,0,-1,-1,secure-auth-636-amazon.com
28,28,0,1,3,0,3,0,0,0.3414634146341463,0.5113756613756614,0,-1,-1,secure-auth-239-linkedin.com
29,29,0,1,3,0,3,0,0,0.38095238095238093,0.509323116219668,0,-1,-1,secure-auth-172-instagram.com
16,16,0,1,1,0,0,0,0,0.46153846153846156,0.6027777777777777,0,-1,-1,signin-slack.com
25,25,0,2,3,0,3,0,0,0.2941176470588235,0.47333333333333333,0,-1,-1,secure-auth-909-cam.ac.uk
20,20,0,1,1,0,0,0,0,0.4242424242424242,0.4866300366300366,0,-1,-1,signin-instagram.com
14,14,0,1,0,0,0,0,0,0.5,0.7071428571428572,0,-1,-1,wellsfarog.com
24,24,0,1,3,0,3,0,0,0.3783783783783784,0.5662393162393162,0,-1,-1,secure-auth-660-hsbc.com
25,25,0,1,3,0,3,0,0,0.368421052631579,0.47333333333333333,0,-1,-1,secure-auth-194-adobe.com
25,25,0,1,3,0,3,0,0,0.368421052631579,0.47333333333333333,0,-1,-1,secure-auth-932-adobe.com
12,12,0,1,0,0,0,0,0,0.38095238095238093,0.5240740740740741,0,-1,-1,stanford.biz
16,16,0,1,0,0,0,0,0,0.3448275862068966,0.5472222222222222,0,-1,-1,bankofamerica.ml
29,29,0,1,3,0,3,0,0,0.6190476190476191,0.45042314007831247,0,-1,-1,secure-auth-668-microsoft.com
27,27,0,1,3,0,3,0,0,0.44999999999999996,0.4703703703703703,0,-1,-1,secure-auth-106-spotify.com
16,16,0,1,0,0,0,0,0,0.48275862068965514,0.5801282051282052,0,-1,-1,bnkofamerica.com
25,25,0,1,3,0,3,0,0,0.368421052631579,0.47333333333333333,0,-1,-1,secure-auth-974-adobe.com
19,19,0,1,1,0,0,0,0,0.48275862068965514,0.6108861898335581,0,-1,-1,facebook-secure.com
11,11,0,2,0,0,0,0,0,0.6666666666666667,0.8777777777777778,0,-1,-1,vtop.vit.cc
25,25,0,1,3,0,3,0,0,0.368421052631579,0.4615384615384615,0,-1,-1,secure-auth-350-slack.com
12,12,0,1,0,0,0,0,0,0.96,0.9346153846153846,0,-1,-1,micrsoft.com
23,23,0,1,3,0,3,0,0,0.2777777777777778,0.5246376811594203,0,-1,-1,secure-auth-250-zoom.us
28,28,0,1,3,0,3,0,0,0.368421052631579,0.4543956043956044,0,-1,-1,secure-auth-255-barclays.com
27,27,0,1,3,0,3,0,0,0.44999999999999996,0.4703703703703703,0,-1,-1,secure-auth-605-spotify.com
14,14,0,1,1,0,0,0,0,0.5833333333333333,0.7735449735449736,0,-1,-1,apple-auth.com
19,19,0,1,1,0,0,0,0,0.5,0.6108861898335581,0,-1,-1,netflix-account.com
13,13,0,1,1,0,0,0,0,0.34782608695652173,0.6032967032967033,0,-1,-1,login-zoom.us
8,8,0,1,0,0,0,0,0,0.5555555555555556,0.6416666666666667,0,-1,-1,habc.com
11,11,0,1,0,0,0,0,0,0.5,0.6515151515151515,0,-1,-1,ywitter.com
30,30,0,3,3,0,3,0,0,1.0,1.0,0,-1,-1,secure-auth-879-vtop.vit.ac.in
11,11,0,1,0,0,0,0,0,0.47619047619047616,0.7311688311688312,0,-1,-1,netflox.com
9,9,0,1,0,0,0,0,0,0.5454545454545454,0.6851851851851851,0,-1,-1,chsse.com
10,10,0,1,0,0,0,0,0,0.6,0.6777777777777777,0,-1,-1,amaxon.com
26,26,0,1,3,0,3,0,0,0.5555555555555556,0.4256410256410256,0,-1,-1,secure-auth-620-paypal.com
26,26,0,1,3,0,3,0,0,0.3589743589743589,0.452991452991453,0,-1,-1,secure-auth-635-amazon.com
8,8,0,1,0,0,0,0,0,0.7777777777777778,0.8916666666666666,0,-1,-1,appl.com
14,14,0,1,0,0,0,0,0,0.5,0.638095238095238,0,-1,-1,wellwfargo.com
32,32,0,2,3,0,3,0,0,0.5263157894736843,0.6851851851851851,0,-1,-1,secure-auth-701-portal.azure.com
12,12,0,1,0,0,0,0,0,0.2857142857142857,0.5092592592592592,0,-1,-1,stangord.edu
32,32,0,2,3,0,3,0,0,0.5263157894736843,0.6851851851851851,0,-1,-1,secure-auth-315-portal.azure.com
28,28,0,1,3,0,3,0,0,0.3902439024390244,0.5009157509157509,0,-1,-1,secure-auth-216-facebook.com
26,26,0,1,3,0,3,0,0,0.3589743589743589,0.44943019943019946,0,-1,-1,secure-auth-946-github.com
26,26,0,1,3,0,3,0,0,0.3589743589743589,0.44943019943019946,0,-1,-1,secure-auth-516-github.com
32,32,0,2,3,0,3,0,0,0.5263157894736843,0.6851851851851851,0,-1,-1,secure-auth-996-portal.azure.com
25,25,0,1,3,0,3,0,0,0.368421052631579,0.4615384615384615,0,-1,-1,secure-auth-772-chase.com
17,17,0,1,0,0,0,0,0,0.4666666666666667,0.5954248366013072,0,-1,-1,bankofaemrica.com
24,24,0,2,3,0,3,0,0,0.303030303030303,0.5148046398046398,0,-1,-1,secure-auth-372-ox.ac.uk
11,11,0,1,0,0,0,0,0,0.5,0.6515151515151515,0,-1,-1,twittee.com
13,13,0,1,0,0,0,0,0,0.9230769230769231,0.9358974358974359,0,-1,-1,microspft.com
24,24,0,1,3,0,3,0,0,0.3783783783783784,0.5662393162393162,0,-1,-1,secure-auth-291-hsbc.com
9,9,0,1,0,0,0,0,0,0.42105263157894735,0.6185185185185186,0,-1,-1,zoom.club
33,33,0,1,3,0,3,0,0,0.34782608695652173,0.5070707070707071,0,-1,-1,secure-auth-723-bankofamerica.com
27,27,0,1,3,0,3,0,0,0.35,0.44753086419753085,0,-1,-1,secure-auth-776-netflix.com
33,33,0,1,3,0,3,0,0,0.34782608695652173,0.5070707070707071,0,-1,-1,secure-auth-790-bankofamerica.com
33,33,0,1,3,0,3,0,0,0.34782608695652173,0.5070707070707071,0,-1,-1,secure-auth-378-bankofamerica.com
27,27,0,1,3,0,3,0,0,0.44999999999999996,0.4703703703703703,0,-1,-1,secure-auth-355-spotify.com
28,28,0,1,3,0,3,0,0,0.368421052631579,0.4543956043956044,0,-1,-1,secure-auth-427-barclays.com
27,27,0,1,3,0,3,0,0,0.35,0.44753086419753085,0,-1,-1,secure-auth-365-twitter.com
25,25,0,1,3,0,3,0,0,0.368421052631579,0.47333333333333333,0,-1,-1,secure-auth-470-adobe.com
26,26,0,1,3,0,3,0,0,0.5555555555555556,0.4256410256410256,0,-1,-1,secure-auth-449-paypal.com
12,12,0,1,0,0,0,0,0,0.5454545454545454,0.7000000000000001,0,-1,-1,linkedun.com
25,25,0,1,3,0,3,0,0,0.368421052631579,0.4615384615384615,0,-1,-1,secure-auth-737-slack.com
28,28,0,1,3,0,3,0,0,0.368421052631579,0.4543956043956044,0,-1,-1,secure-auth-101-barclays.com
30,30,0,1,3,0,3,0,0,0.37209302325581395,0.44273504273504277,0,-1,-1,secure-auth-678-wellsfargo.com
14,14,0,1,1,0,0,0,0,0.2962962962962963,0.49338624338624343,0,-1,-1,signin-mit.edu
30,30,0,1,3,0,3,0,0,0.37209302325581395,0.44273504273504277,0,-1,-1,secure-auth-108-wellsfargo.com
28,28,0,1,3,0,3,0,0,0.3902439024390244,0.5009157509157509,0,-1,-1,secure-auth-614-facebook.com
25,25,0,1,3,0,3,0,0,0.368421052631579,0.4615384615384615,0,-1,-1,secure-auth-181-slack.com
25,25,0,1,3,0,3,0,0,0.4,0.4266666666666667,0,-1,-1,secure-auth-126-apple.com
27,27,0,1,3,0,3,0,0,0.35,0.44753086419753085,0,-1,-1,secure-auth-954-twitter.com
26,26,0,1,3,0,3,0,0,0.5555555555555556,0.4256410256410256,0,-1,-1,secure-auth-101-paypal.com
12,12,0,1,0,0,0,0,0,0.56,0.7000000000000001,0,-1,-1,instagra.com
26,26,0,1,3,0,3,0,0,0.5555555555555556,0.4256410256410256,0,-1,-1,secure-auth-423-paypal.com
33,33,0,1,3,0,3,0,0,0.34782608695652173,0.5070707070707071,0,-1,-1,secure-auth-132-bankofamerica.com
12,12,0,1,0,0,0,0,0,0.5454545454545454,0.7000000000000001,0,-1,-1,liniedin.com
13,13,0,1,0,0,0,0,0,0.5454545454545454,0.6292226292226292,0,-1,-1,citibank.info
29,29,0,1,3,0,3,0,0,0.6190476190476191,0.45042314007831247,0,-1,-1,secure-auth-711-microsoft.com
6,6,0,1,0,0,0,0,0,0.5,0.6888888888888888,0,-1,-1,cam.co
25,25,0,2,3,0,3,0,0,0.2941176470588235,0.47333333333333333,0,-1,-1,secure-auth-642-cam.ac.uk
25,25,0,1,3,0,3,0,0,0.368421052631579,0.4615384615384615,0,-1,-1,secure-auth-663-slack.com
19,19,0,1,3,0,0,0,0,0.4137931034482759,0.5880084827453248,1,-1,-1,xn--facebok-ejg.com
25,25,0,2,3,0,3,0,0,0.2941176470588235,0.47333333333333333,0,-1,-1,secure-auth-554-cam.ac.uk
12,12,0,1,0,0,1,0,0,0.5454545454545454,0.7000000000000001,0,-1,-1,l1nkedin.com
12,12,0,1,0,0,0,0,0,0.2857142857142857,0.5092592592592592,0,-1,-1,stanforx.edu
28,28,0,1,3,0,3,0,0,0.24390243902439024,0.469047619047619,0,-1,-1,secure-auth-249-stanford.edu
25,25,0,2,3,0,3,0,0,0.2941176470588235,0.47333333333333333,0,-1,-1,secure-auth-316-cam.ac.uk
27,27,0,1,3,0,3,0,0,0.19999999999999996,0.4246913580246914,0,-1,-1,secure-auth-635-harvard.edu
30,30,0,1,3,0,3,0,0,0.37209302325581395,0.48888888888888893,0,-1,-1,secure-auth-579-salesforce.com
10,10,0,1,0,0,0,0,0,0.9,0.8962962962962964,0,-1,-1,voogle.com
24,24,0,2,3,0,3,0,0,0.303030303030303,0.5148046398046398,0,-1,-1,secure-auth-545-ox.ac.uk
30,30,0,1,3,0,3,0,0,0.37209302325581395,0.44273504273504277,0,-1,-1,secure-auth-772-wellsfargo.com
11,11,0,1,0,0,0,0,0,0.5,0.6595959595959596,0,-1,-1,nerflix.com
23,23,0,1,3,0,3,0,0,0.2222222222222222,0.47681159420289854,0,-1,-1,secure-auth-927-mit.edu
25,25,0,1,3,0,3,0,0,0.4,0.4266666666666667,0,-1,-1,secure-auth-276-apple.com
28,28,0,1,3,0,3,0,0,0.24390243902439024,0.469047619047619,0,-1,-1,secure-auth-490-stanford.edu
26,26,0,1,3,0,3,0,0,0.3589743589743589,0.452991452991453,0,-1,-1,secure-auth-618-amazon.com
30,30,0,1,3,0,3,0,0,0.37209302325581395,0.48888888888888893,0,-1,-1,secure-auth-472-salesforce.com
7,7,0,1,0,0,0,0,0,0.375,0.5873015873015873,0,-1,-1,kit.edu
12,12,0,1,0,0,0,0,0,0.56,0.7072649572649573,0,-1,-1,faceboko.com
25,25,0,1,3,0,3,0,0,0.368421052631579,0.4615384615384615,0,-1,-1,secure-auth-354-chase.com
25,25,0,1,3,0,3,0,0,0.368421052631579,0.47333333333333333,0,-1,-1,secure-auth-773-adobe.com
25,25,0,1,3,0,3,0,0,0.368421052631579,0.4615384615384615,0,-1,-1,secure-auth-471-slack.com
17,17,0,1,0,0,0,0,0,0.4666666666666667,0.6119909502262444,0,-1,-1,bankocamerica.com
33,33,0,1,3,0,3,0,0,0.34782608695652173,0.5070707070707071,0,-1,-1,secure-auth-614-bankofamerica.com
24,24,0,1,3,0,3,0,0,0.3783783783783784,0.5662393162393162,0,-1,-1,secure-auth-175-hsbc.com
25,25,0,1,3,0,3,0,0,0.368421052631579,0.47333333333333333,0,-1,-1,secure-auth-691-adobe.com
14,14,0,1,0,0,0,0,0,0.5,0.6672771672771672,0,-1,-1,saleeforce.com
14,14,0,2,1,0,0,0,0,0.782608695652174,0.8907407407407407,0,-1,-1,vit-auth.ac.in
17,17,0,1,1,0,0,0,0,0.4666666666666667,0.6119909502262444,0,-1,-1,account-slack.com
30,30,0,3,3,0,3,0,0,1.0,1.0,0,-1,-1,secure-auth-264-vtop.vit.ac.in
25,25,0,1,3,0,3,0,0,0.4,0.4266666666666667,0,-1,-1,secure-auth-564-apple.com
24,24,0,1,3,0,3,0,0,0.3783783783783784,0.5662393162393162,0,-1,-1,secure-auth-529-hsbc.com
10,10,0,1,0,0,0,0,0,0.4347826086956522,0.6282051282051282,0,-1,-1,dropbox.cc
9,9,0,1,0,0,0,0,0,0.8421052631578947,0.9377777777777778,0,-1,-1,paypal.ml
28,28,0,1,3,0,3,0,0,0.3414634146341463,0.4543956043956044,0,-1,-1,secure-auth-516-citibank.com
23,23,0,1,3,0,3,0,0,0.2777777777777778,0.5246376811594203,0,-1,-1,secure-auth-990-zoom.us
11,11,0,1,0,0,0,0,0,0.47619047619047616,0.6595959595959596,0,-1,-1,nteflix.com
29,29,0,1,3,0,3,0,0,0.38095238095238093,0.509323116219668,0,-1,-1,secure-auth-885-instagram.com
27,27,0,1,3,0,3,0,0,0.44999999999999996,0.4703703703703703,0,-1,-1,secure-auth-367-spotify.com
12,12,0,1,0,0,0,0,0,0.48,0.6441798941798942,0,-1,-1,citiabnk.com
25,25,0,1,3,0,3,0,0,0.4,0.4266666666666667,0,-1,-1,secure-auth-314-apple.com
12,12,0,1,0,0,0,0,0,0.5454545454545454,0.7388888888888889,0,-1,-1,barclayw.com
23,23,0,1,3,0,3,0,0,0.2222222222222222,0.47681159420289854,0,-1,-1,secure-auth-626-mit.edu
19,19,0,1,1,0,0,0,0,0.8125,0.766531713900135,0,-1,-1,login-microsoft.com
12,12,0,1,0,0,0,0,0,0.5454545454545454,0.5888888888888889,0,-1,-1,nstagram.com
10,10,0,1,0,0,0,0,0,0.5217391304347826,0.6666666666666666,0,-1,-1,wmazon.com
28,28,0,1,3,0,3,0,0,0.3902439024390244,0.5009157509157509,0,-1,-1,secure-auth-823-facebook.com
29,29,0,1,3,0,3,0,0,0.6190476190476191,0.45042314007831247,0,-1,-1,secure-auth-460-microsoft.com
19,19,0,1,1,0,0,0,0,0.4375,0.5538124156545209,0,-1,-1,citibank-secure.com
29,29,0,1,3,0,3,0,0,0.38095238095238093,0.509323116219668,0,-1,-1,secure-auth-839-instagram.com
25,25,0,1,3,0,3,0,0,0.368421052631579,0.4615384615384615,0,-1,-1,secure-auth-864-chase.com
16,16,0,1,1,0,0,0,0,0.46153846153846156,0.6583333333333333,0,-1,-1,signin-azure.com
25,25,0,1,3,0,3,0,0,0.4,0.4266666666666667,0,-1,-1,secure-auth-816-apple.com
33,33,0,1,3,0,3,0,0,0.34782608695652173,0.5070707070707071,0,-1,-1,secure-auth-703-bankofamerica.com
33,33,0,1,3,0,3,0,0,0.34782608695652173,0.5070707070707071,0,-1,-1,secure-auth-293-bankofamerica.com
7,7,0,1,0,0,0,0,0,0.30000000000000004,0.47985347985347987,0,-1,-1,mti.edu
7,7,0,1,0,0,0,0,0,0.23529411764705888,0.49523809523809526,0,-1,-1,zkom.us
32,32,0,2,3,0,3,0,0,0.5263157894736843,0.6851851851851851,0,-1,-1,secure-auth-284-portal.azure.com
25,25,0,2,3,0,3,0,0,0.2941176470588235,0.47333333333333333,0,-1,-1,secure-auth-846-cam.ac.uk
28,28,0,1,3,0,3,0,0,0.3902439024390244,0.5009157509157509,0,-1,-1,secure-auth-490-facebook.com
27,27,0,1,3,0,3,0,0,0.35,0.44753086419753085,0,-1,-1,secure-auth-964-twitter.com
28,28,0,1,3,0,3,0,0,0.3414634146341463,0.4543956043956044,0,-1,-1,secure-auth-134-citibank.com
8,8,0,1,0,0,0,0,0,0.33333333333333337,0.5583333333333333,0,-1,-1,zoom.biz
11,11,0,1,0,0,0,0,0,0.38095238095238093,0.6835497835497836,0,-1,-1,barclays.ml
17,17,0,1,1,0,0,0,0,0.5185185185185186,0.6500754147812972,0,-1,-1,account-apple.com
30,30,0,1,3,0,3,0,0,0.37209302325581395,0.48888888888888893,0,-1,-1,secure-auth-651-salesforce.com
15,15,0,1,1,0,0,0,0,0.48,0.6207570207570208,0,-1,-1,hsbc-update.com
26,26,0,1,3,0,3,0,0,0.3589743589743589,0.44943019943019946,0,-1,-1,secure-auth-657-github.com
12,12,0,1,0,0,0,0,0,0.4,0.6004273504273504,0,-1,-1,dropbox.club
16,16,0,2,1,0,0,0,0,0.72,0.8719907407407408,0,-1,-1,vit-portal.ac.in
25,25,0,1,3,0,3,0,0,0.368421052631579,0.47333333333333333,0,-1,-1,secure-auth-560-adobe.com
28,28,0,1,3,0,3,0,0,0.24390243902439024,0.469047619047619,0,-1,-1,secure-auth-254-stanford.edu
17,17,0,1,1,0,0,0,0,0.4666666666666667,0.6119909502262444,0,-1,-1,account-chase.com
23,23,0,1,3,0,3,0,0,0.2777777777777778,0.5246376811594203,0,-1,-1,secure-auth-291-zoom.us
27,27,0,1,3,0,3,0,0,0.4,0.4703703703703703,0,-1,-1,secure-auth-685-dropbox.com
14,14,0,1,0,0,0,0,0,0.5,0.638095238095238,0,-1,-1,salesfodce.com
14,14,0,1,0,0,0,0,0,0.5,0.638095238095238,0,-1,-1,welksfargo.com
27,27,0,1,3,0,3,0,0,0.4,0.4703703703703703,0,-1,-1,secure-auth-698-dropbox.com
12,12,0,1,0,0,0,0,0,0.2857142857142857,0.5166666666666667,0,-1,-1,netflix.club
9,9,0,1,0,0,0,0,0,0.631578947368421,0.7555555555555555,0,-1,-1,arobe.com
30,30,0,1,3,0,3,0,0,0.37209302325581395,0.48888888888888893,0,-1,-1,secure-auth-220-salesforce.com
29,29,0,1,3,0,3,0,0,0.38095238095238093,0.509323116219668,0,-1,-1,secure-auth-833-instagram.com
27,27,0,1,3,0,3,0,0,0.35,0.44753086419753085,0,-1,-1,secure-auth-302-netflix.com
16,16,0,1,1,0,0,0,0,0.7692307692307692,0.775,0,-1,-1,login-google.com
24,24,0,2,3,0,3,0,0,0.303030303030303,0.5148046398046398,0,-1,-1,secure-auth-516-ox.ac.uk
10,10,0,1,0,0,0,0,0,0.9,0.9466666666666665,0,-1,-1,gopgle.com
27,27,0,1,3,0,3,0,0,0.44999999999999996,0.4703703703703703,0,-1,-1,secure-auth-957-spotify.com
28,28,0,1,3,0,3,0,0,0.3414634146341463,0.4543956043956044,0,-1,-1,secure-auth-155-citibank.com
13,13,0,1,0,0,0,0,0,0.5384615384615384,0.6871794871794871,0,-1,-1,instagraj.com
12,12,0,1,0,0,0,0,0,0.56,0.7072649572649573,0,-1,-1,cacebook.com
30,30,0,1,3,0,3,0,0,0.37209302325581395,0.48888888888888893,0,-1,-1,secure-auth-643-salesforce.com
29,29,0,1,3,0,3,0,0,0.6190476190476191,0.45042314007831247,0,-1,-1,secure-auth-326-microsoft.com
27,27,0,1,3,0,3,0,0,0.4,0.4703703703703703,0,-1,-1,secure-auth-899-dropbox.com
26,26,0,1,3,0,3,0,0,0.5555555555555556,0.4256410256410256,0,-1,-1,secure-auth-638-paypal.com
30,30,0,1,3,0,3,0,0,0.37209302325581395,0.44273504273504277,0,-1,-1,secure-auth-536-wellsfargo.com
25,25,0,2,3,0,3,0,0,0.2941176470588235,0.47333333333333333,0,-1,-1,secure-auth-784-cam.ac.uk
17,17,0,1,1,0,0,0,0,0.4444444444444444,0.5398692810457516,0,-1,-1,signin-amazon.com
28,28,0,1,3,0,3,0,0,0.24390243902439024,0.469047619047619,0,-1,-1,secure-auth-665-stanford.edu
24,24,0,2,3,0,3,0,0,0.303030303030303,0.5148046398046398,0,-1,-1,secure-auth-274-ox.ac.uk
26,26,0,1,3,0,3,0,0,0.3589743589743589,0.44943019943019946,0,-1,-1,secure-auth-177-github.com
25,25,0,1,3,0,3,0,0,0.4,0.4266666666666667,0,-1,-1,secure-auth-539-apple.com
23,23,0,1,3,0,3,0,0,0.2222222222222222,0.47681159420289854,0,-1,-1,secure-auth-390-mit.edu
9,9,0,1,0,0,0,0,0,0.5263157894736843,0.6851851851851851,0,-1,-1,gihub.com
19,19,0,1,1,0,0,0,0,0.25,0.48133153396311296,0,-1,-1,stanford-verify.edu
19,19,0,1,1,0,0,0,0,0.4375,0.5368870895186685,0,-1,-1,linkedin-secure.com
26,26,0,1,3,0,3,0,0,0.5555555555555556,0.4256410256410256,0,-1,-1,secure-auth-257-paypal.com
10,10,0,1,0,0,0,0,0,0.9,0.9066666666666667,0,-1,-1,psypal.com
28,28,0,1,3,0,3,0,0,0.24390243902439024,0.469047619047619,0,-1,-1,secure-auth-431-stanford.edu
16,16,0,1,1,0,0,0,0,0.46153846153846156,0.6634615384615384,0,-1,-1,login-amazon.com
30,30,0,1,3,0,3,0,0,0.37209302325581395,0.44273504273504277,0,-1,-1,secure-auth-504-wellsfargo.com
29,29,0,1,3,0,3,0,0,0.6190476190476191,0.45042314007831247,0,-1,-1,secure-auth-662-microsoft.com
30,30,0,1,3,0,3,0,0,0.37209302325581395,0.44273504273504277,0,-1,-1,secure-auth-923-wellsfargo.com
25,25,0,1,3,0,3,0,0,0.368421052631579,0.4615384615384615,0,-1,-1,secure-auth-888-slack.com
27,27,0,1,3,0,3,0,0,0.35,0.44753086419753085,0,-1,-1,secure-auth-963-netflix.com
29,29,0,1,3,0,3,0,0,0.6190476190476191,0.45042314007831247,0,-1,-1,secure-auth-189-microsoft.com
28,28,0,1,3,0,3,0,0,0.368421052631579,0.4543956043956044,0,-1,-1,secure-auth-709-barclays.com
27,27,0,1,3,0,3,0,0,0.35,0.44753086419753085,0,-1,-1,secure-auth-131-netflix.com
12,12,0,1,0,0,0,0,0,0.96,0.9846153846153847,0,-1,-1,microsot.com
24,24,0,2,3,0,3,0,0,0.303030303030303,0.5148046398046398,0,-1,-1,secure-auth-803-ox.ac.uk
26,26,0,1,3,0,3,0,0,0.3589743589743589,0.44943019943019946,0,-1,-1,secure-auth-406-github.com
10,10,0,1,0,0,0,0,0,0.5217391304347826,0.6666666666666666,0,-1,-1,gityub.com
23,23,0,1,3,0,3,0,0,0.2777777777777778,0.5246376811594203,0,-1,-1,secure-auth-624-zoom.us
27,27,0,1,3,0,3,0,0,0.19999999999999996,0.4246913580246914,0,-1,-1,secure-auth-394-harvard.edu
13,13,0,1,0,0,0,0,0,0.9230769230769231,0.958974358974359,0,-1,-1,mixrosoft.com
25,25,0,1,3,0,3,0,0,0.368421052631579,0.4615384615384615,0,-1,-1,secure-auth-265-chase.com
17,17,0,1,3,0,0,0,0,0.6666666666666667,0.8098039215686276,1,-1,-1,xn--payal-xye.com
12,12,0,1,0,0,0,0,0,0.88,0.9525641025641025,0,-1,-1,microsoft.ml
17,17,0,2,1,0,0,0,0,0.6923076923076923,0.549270990447461,0,-1,-1,support-vit.ac.in
23,23,0,1,3,0,3,0,0,0.2777777777777778,0.5246376811594203,0,-1,-1,secure-auth-434-zoom.us
25,25,0,1,3,0,3,0,0,0.4,0.4266666666666667,0,-1,-1,secure-auth-319-apple.com
14,14,0,2,1,0,0,0,0,0.4347826086956522,0.6206349206349207,0,-1,-1,ox-login.ac.uk
13,13,0,1,0,0,0,0,0,0.5217391304347826,0.6032967032967033,0,-1,-1,insyagram.com
27,27,0,1,3,0,3,0,0,0.19999999999999996,0.4246913580246914,0,-1,-1,secure-auth-240-harvard.edu
28,28,0,1,3,0,3,0,0,0.368421052631579,0.4543956043956044,0,-1,-1,secure-auth-185-barclays.com
29,29,0,1,3,0,3,0,0,0.38095238095238093,0.509323116219668,0,-1,-1,secure-auth-391-instagram.com
9,9,0,1,0,0,0,0,0,0.5454545454545454,0.6768416768416768,0,-1,-1,soack.com
26,26,0,1,3,0,3,0,0,0.5555555555555556,0.47179487179487173,0,-1,-1,secure-auth-764-google.com
24,24,0,1,3,0,3,0,0,0.3783783783783784,0.5662393162393162,0,-1,-1,secure-auth-805-hsbc.com
28,28,0,1,3,0,3,0,0,0.3902439024390244,0.5009157509157509,0,-1,-1,secure-auth-119-facebook.com
27,27,0,1,3,0,3,0,0,0.35,0.44753086419753085,0,-1,-1,secure-auth-193-netflix.com
29,29,0,1,3,0,3,0,0,0.38095238095238093,0.509323116219668,0,-1,-1,secure-auth-488-instagram.com
20,20,0,1,1,0,0,0,0,0.4242424242424242,0.6564102564102564,0,-1,-1,instagram-verify.com
28,28,0,1,3,0,3,0,0,0.24390243902439024,0.469047619047619,0,-1,-1,secure-auth-869-stanford.edu
29,29,0,1,3,0,3,0,0,0.38095238095238093,0.509323116219668,0,-1,-1,secure-auth-453-instagram.com
18,18,0,1,1,0,0,0,0,0.5161290322580645,0.7082621082621084,0,-1,-1,verify-spotify.com
26,26,0,1,3,0,3,0,0,0.3589743589743589,0.44943019943019946,0,-1,-1,secure-auth-704-github.com
26,26,0,1,3,0,3,0,0,0.5555555555555556,0.4256410256410256,0,-1,-1,secure-auth-447-paypal.com
27,27,0,1,3,0,3,0,0,0.35,0.44753086419753085,0,-1,-1,secure-auth-326-netflix.com
28,28,0,1,3,0,3,0,0,0.3902439024390244,0.5009157509157509,0,-1,-1,secure-auth-198-facebook.com
27,27,0,1,3,0,3,0,0,0.19999999999999996,0.4246913580246914,0,-1,-1,secure-auth-945-harvard.edu
28,28,0,1,3,0,3,0,0,0.3414634146341463,0.5113756613756614,0,-1,-1,secure-auth-446-linkedin.com
27,27,0,1,3,0,3,0,0,0.4,0.4703703703703703,0,-1,-1,secure-auth-373-dropbox.com
23,23,0,1,3,0,3,0,0,0.2777777777777778,0.5246376811594203,0,-1,-1,secure-auth-546-zoom.us
27,27,0,1,3,0,3,0,0,0.35,0.44753086419753085,0,-1,-1,secure-auth-173-twitter.com
26,26,0,1,3,0,3,0,0,0.3589743589743589,0.452991452991453,0,-1,-1,secure-auth-820-amazon.com
11,11,0,1,0,0,0,0,0,0.33333333333333337,0.5578865578865578,0,-1,-1,stanford.cc
30,30,0,1,3,0,3,0,0,0.37209302325581395,0.44273504273504277,0,-1,-1,secure-auth-497-wellsfargo.com
14,14,0,1,0,0,0,0,0,0.5,0.638095238095238,0,-1,-1,wellxfargo.com
25,25,0,1,3,0,3,0,0,0.368421052631579,0.47333333333333333,0,-1,-1,secure-auth-536-adobe.com
9,9,0,1,0,0,0,0,0,0.631578947368421,0.7000000000000001,0,-1,-1,aeobe.com
29,29,0,1,3,0,3,0,0,0.6190476190476191,0.45042314007831247,0,-1,-1,secure-auth-845-microsoft.com
13,13,0,1,0,0,0,0,0,0.9230769230769231,0.9538461538461539,0,-1,-1,mjcrosoft.com
25,25,0,1,3,0,3,0,0,0.4,0.4266666666666667,0,-1,-1,secure-auth-453-apple.com
25,25,0,1,3,0,3,0,0,0.4,0.4266666666666667,0,-1,-1,secure-auth-722-apple.com
18,18,0,1,3,0,1,0,0,0.2222222222222222,0.46581196581196577,1,-1,-1,xn--hrvard-3nf.edu
25,25,0,1,3,0,3,0,0,0.368421052631579,0.4615384615384615,0,-1,-1,secure-auth-382-slack.com
14,14,0,3,0,0,0,0,0,0.8888888888888888,0.9407407407407408,0,-1,-1,vtop.vig.ac.in
27,27,0,1,3,0,3,0,0,0.35,0.44753086419753085,0,-1,-1,secure-auth-664-twitter.com
11,11,0,1,0,0,0,0,0,0.5833333333333333,0.6515151515151515,0,-1,-1,twirter.com
24,24,0,1,3,0,3,0,0,0.3783783783783784,0.5662393162393162,0,-1,-1,secure-auth-634-hsbc.com
14,14,0,1,1,0,0,0,0,0.5,0.6761904761904761,0,-1,-1,auth-azure.com
11,11,0,1,0,0,0,0,0,0.5833333333333333,0.724941724941725,0,-1,-1,fropbox.com
11,11,0,1,0,0,0,0,0,0.5,0.6595959595959596,0,-1,-1,neftlix.com
25,25,0,1,3,0,3,0,0,0.368421052631579,0.4615384615384615,0,-1,-1,secure-auth-946-slack.com
26,26,0,1,3,0,3,0,0,0.5555555555555556,0.47179487179487173,0,-1,-1,secure-auth-451-google.com
33,33,0,1,3,0,3,0,0,0.34782608695652173,0.5070707070707071,0,-1,-1,secure-auth-268-bankofamerica.com
28,28,0,1,3,0,3,0,0,0.24390243902439024,0.469047619047619,0,-1,-1,secure-auth-784-stanford.edu
25,25,0,1,3,0,3,0,0,0.4,0.4266666666666667,0,-1,-1,secure-auth-737-apple.com
30,30,0,1,3,0,3,0,0,0.37209302325581395,0.48888888888888893,0,-1,-1,secure-auth-201-salesforce.com
28,28,0,1,3,0,3,0,0,0.368421052631579,0.4543956043956044,0,-1,-1,secure-auth-228-barclays.com
12,12,0,1,0,0,0,0,0,0.5454545454545454,0.7388888888888889,0,-1,-1,barclayx.com
16,16,0,2,0,0,0,0,0,0.2222222222222222,0.4740740740740741,0,-1,-1,portal.azure.xyz
30,30,0,3,3,0,3,0,0,1.0,1.0,0,-1,-1,secure-auth-990-vtop.vit.ac.in
28,28,0,1,3,0,3,0,0,0.368421052631579,0.4543956043956044,0,-1,-1,secure-auth-148-barclays.com
18,18,0,1,1,0,0,0,0,0.5,0.6962962962962962,0,-1,-1,portal-twitter.com
10,10,0,1,0,0,0,0,0,0.6086956521739131,0.6777777777777777,0,-1,-1,amason.com
11,11,0,1,0,0,0,0,0,0.25,0.47972027972027975,0,-1,-1,sanford.edu
11,11,0,1,0,0,0,0,0,0.4,0.5193602693602694,0,-1,-1,twitter.biz
32,32,0,2,3,0,3,0,0,0.5263157894736843,0.6851851851851851,0,-1,-1,secure-auth-295-portal.azure.com
24,24,0,1,3,0,3,0,0,0.3783783783783784,0.5662393162393162,0,-1,-1,secure-auth-522-hsbc.com
24,24,0,1,3,0,2,0,0,0.3783783783783784,0.5245726495726496,1,-1,-1,xn--bankofameric-89j.com
12,12,0,1,0,0,0,0,0,0.5454545454545454,0.7134920634920635,0,-1,-1,barclats.com
23,23,0,1,3,0,3,0,0,0.2777777777777778,0.5246376811594203,0,-1,-1,secure-auth-730-zoom.us
23,23,0,1,3,0,3,0,0,0.2222222222222222,0.47681159420289854,0,-1,-1,secure-auth-948-mit.edu
21,21,0,1,3,0,1,0,0,0.3870967741935484,0.6328856328856328,1,-1,-1,xn--salsforce-i0h.com
15,15,0,1,1,0,0,0,0,0.4285714285714286,0.6333333333333333,0,-1,-1,mit-account.edu
25,25,0,2,3,0,3,0,0,0.2941176470588235,0.47333333333333333,0,-1,-1,secure-auth-763-cam.ac.uk
30,30,0,3,3,0,3,0,0,1.0,1.0,0,-1,-1,secure-auth-817-vtop.vit.ac.in
26,26,0,1,3,0,3,0,0,0.5555555555555556,0.4256410256410256,0,-1,-1,secure-auth-835-paypal.com
27,27,0,1,3,0,3,0,0,0.35,0.44753086419753085,0,-1,-1,secure-auth-996-twitter.com
11,11,0,1,0,0,0,0,0,0.5833333333333333,0.7151515151515152,0,-1,-1,spotigy.com
12,12,0,1,0,0,0,0,0,0.5454545454545454,0.7000000000000001,0,-1,-1,libkedin.com
27,27,0,1,3,0,3,0,0,0.44999999999999996,0.4703703703703703,0,-1,-1,secure-auth-798-spotify.com
32,32,0,2,3,0,3,0,0,0.5263157894736843,0.6851851851851851,0,-1,-1,secure-auth-164-portal.azure.com
24,24,0,2,3,0,3,0,0,0.303030303030303,0.5148046398046398,0,-1,-1,secure-auth-857-ox.ac.uk
28,28,0,1,3,0,3,0,0,0.3414634146341463,0.5113756613756614,0,-1,-1,secure-auth-578-linkedin.com
23,23,0,1,3,0,3,0,0,0.2777777777777778,0.5246376811594203,0,-1,-1,secure-auth-818-zoom.us
29,29,0,1,3,0,3,0,0,0.6190476190476191,0.45042314007831247,0,-1,-1,secure-auth-915-microsoft.com
16,16,0,1,1,0,0,0,0,0.46153846153846156,0.6583333333333333,0,-1,-1,auth-netflix.com
25,25,0,2,3,0,3,0,0,0.2941176470588235,0.47333333333333333,0,-1,-1,secure-auth-598-cam.ac.uk
25,25,0,2,3,0,3,0,0,0.2941176470588235,0.47333333333333333,0,-1,-1,secure-auth-994-cam.ac.uk
15,15,0,2,0,0,0,0,0,0.5555555555555556,0.7083333333333334,0,-1,-1,portal.azue.com
10,10,0,1,0,0,0,0,0,0.7,0.88,0,-1,-1,paypal.biz
28,28,0,1,3,0,3,0,0,0.3902439024390244,0.5009157509157509,0,-1,-1,secure-auth-450-facebook.com
22,22,0,1,1,0,0,0,0,0.4571428571428572,0.7214452214452215,0,-1,-1,salesforce-support.com
23,23,0,1,3,0,3,0,0,0.2222222222222222,0.47681159420289854,0,-1,-1,secure-auth-724-mit.edu
30,30,0,1,3,0,3,0,0,0.37209302325581395,0.44273504273504277,0,-1,-1,secure-auth-195-wellsfargo.com
30,30,0,1,3,0,3,0,0,0.37209302325581395,0.48888888888888893,0,-1,-1,secure-auth-619-salesforce.com
14,14,0,1,0,0,0,0,0,0.5,0.6206349206349207,0,-1,-1,salesfkrce.com
12,12,0,1,0,0,0,0,0,0.5454545454545454,0.7134920634920635,0,-1,-1,barclags.com
29,29,0,1,3,0,3,0,0,0.6190476190476191,0.45042314007831247,0,-1,-1,secure-auth-268-microsoft.com
28,28,0,1,3,0,3,0,0,0.3414634146341463,0.5113756613756614,0,-1,-1,secure-auth-103-linkedin.com
11,11,0,1,0,0,0,0,0,0.5714285714285714,0.7151515151515152,0,-1,-1,dropbpx.com
33,33,0,1,3,0,3,0,0,0.34782608695652173,0.5070707070707071,0,-1,-1,secure-auth-182-bankofamerica.com
10,10,0,1,0,0,0,0,0,0.6086956521739131,0.7333333333333334,0,-1,-1,spotfy.com
10,10,0,1,0,0,0,0,0,0.6,0.7333333333333334,0,-1,-1,sptify.com
24,24,0,1,3,0,3,0,0,0.3783783783783784,0.5662393162393162,0,-1,-1,secure-auth-461-hsbc.com
30,30,0,1,3,0,3,0,0,0.37209302325581395,0.48888888888888893,0,-1,-1,secure-auth-690-salesforce.com
23,23,0,1,3,0,3,0,0,0.2222222222222222,0.47681159420289854,0,-1,-1,secure-auth-622-mit.edu
30,30,0,1,3,0,3,0,0,0.37209302325581395,0.44273504273504277,0,-1,-1,secure-auth-276-wellsfargo.com
27,27,0,1,3,0,3,0,0,0.4,0.4703703703703703,0,-1,-1,secure-auth-969-dropbox.com
25,25,0,1,3,0,3,0,0,0.368421052631579,0.4615384615384615,0,-1,-1,secure-auth-248-chase.com
27,27,0,1,3,0,3,0,0,0.35,0.44753086419753085,0,-1,-1,secure-auth-748-netflix.com
11,11,0,1,0,0,0,0,0,0.30000000000000004,0.5242424242424243,0,-1,-1,harvadd.edu
28,28,0,1,3,0,3,0,0,0.368421052631579,0.4543956043956044,0,-1,-1,secure-auth-669-barclays.com
29,29,0,1,3,0,3,0,0,0.38095238095238093,0.509323116219668,0,-1,-1,secure-auth-734-instagram.com
30,30,0,3,3,0,3,0,0,1.0,1.0,0,-1,-1,secure-auth-573-vtop.vit.ac.in
10,10,0,1,0,0,0,0,0,0.7,0.88,0,-1,-1,google.biz
25,25,0,1,3,0,3,0,0,0.4,0.4266666666666667,0,-1,-1,secure-auth-551-apple.com
27,27,0,1,3,0,3,0,0,0.44999999999999996,0.4703703703703703,0,-1,-1,secure-auth-943-spotify.com
27,27,0,1,3,0,3,0,0,0.35,0.44753086419753085,0,-1,-1,secure-auth-125-twitter.com
16,16,0,2,0,0,0,0,0,0.3157894736842105,0.5444444444444444,0,-1,-1,portal.azure.top
17,17,0,1,1,0,0,0,0,0.3076923076923077,0.5313725490196078,0,-1,-1,harvard-login.edu
15,15,0,1,1,0,0,0,0,0.8,0.9333333333333333,0,-1,-1,google-auth.com
30,30,0,1,3,0,3,0,0,0.37209302325581395,0.48888888888888893,0,-1,-1,secure-auth-686-salesforce.com
6,6,0,1,0,0,0,0,0,0.5333333333333333,0.7037037037037037,0,-1,-1,mit.cc
29,29,0,1,3,0,3,0,0,0.6190476190476191,0.45042314007831247,0,-1,-1,secure-auth-180-microsoft.com
10,10,0,1,0,0,0,0,0,0.9,0.96,0,-1,-1,paypaI.com
17,17,0,1,0,0,0,0,0,0.5185185185185186,0.6294620412267471,0,-1,-1,banoofamerica.com
28,28,0,1,3,0,3,0,0,0.3414634146341463,0.5113756613756614,0,-1,-1,secure-auth-729-linkedin.com
24,24,0,1,3,0,3,0,0,0.3783783783783784,0.5662393162393162,0,-1,-1,secure-auth-744-hsbc.com
13,13,0,1,0,0,0,0,0,0.9230769230769231,0.828846153846154,0,-1,-1,mocrosoft.com
30,30,0,1,3,0,3,0,0,0.37209302325581395,0.48888888888888893,0,-1,-1,secure-auth-891-salesforce.com
25,25,0,1,3,0,3,0,0,0.368421052631579,0.4615384615384615,0,-1,-1,secure-auth-877-slack.com
7,7,0,1,0,0,0,0,0,0.30000000000000004,0.5026455026455027,0,-1,-1,mut.edu
28,28,0,1,3,0,3,0,0,0.3414634146341463,0.5113756613756614,0,-1,-1,secure-auth-103-linkedin.com
30,30,0,1,3,0,3,0,0,0.37209302325581395,0.44273504273504277,0,-1,-1,secure-auth-716-wellsfargo.com
12,12,0,1,0,0,0,0,0,0.2857142857142857,0.5092592592592592,0,-1,-1,tsanford.edu
24,24,0,1,3,0,3,0,0,0.3783783783783784,0.5662393162393162,0,-1,-1,secure-auth-616-hsbc.com
25,25,0,1,3,0,3,0,0,0.368421052631579,0.47333333333333333,0,-1,-1,secure-auth-515-adobe.com
19,19,0,1,1,0,0,0,0,0.4375,0.5954790823211876,0,-1,-1,account-netflix.com
28,28,0,1,3,0,3,0,0,0.3414634146341463,0.4543956043956044,0,-1,-1,secure-auth-547-citibank.com
24,24,0,2,3,0,3,0,0,0.303030303030303,0.5148046398046398,0,-1,-1,secure-auth-115-ox.ac.uk
25,25,0,1,3,0,3,0,0,0.368421052631579,0.47333333333333333,0,-1,-1,secure-auth-307-adobe.com
28,28,0,1,3,0,3,0,0,0.3414634146341463,0.4543956043956044,0,-1,-1,secure-auth-910-citibank.com
25,25,0,1,3,0,3,0,0,0.368421052631579,0.47333333333333333,0,-1,-1,secure-auth-396-adobe.com
26,26,0,1,3,0,3,0,0,0.5555555555555556,0.47179487179487173,0,-1,-1,secure-auth-647-google.com
27,27,0,1,3,0,3,0,0,0.4,0.4703703703703703,0,-1,-1,secure-auth-394-dropbox.com
29,29,0,1,3,0,3,0,0,0.38095238095238093,0.509323116219668,0,-1,-1,secure-auth-651-instagram.com
27,27,0,1,3,0,3,0,0,0.35,0.44753086419753085,0,-1,-1,secure-auth-343-netflix.com
18,18,0,1,1,0,0,0,0,0.4516129032258065,0.64494301994302,0,-1,-1,account-github.com
26,26,0,1,3,0,3,0,0,0.5555555555555556,0.47179487179487173,0,-1,-1,secure-auth-843-google.com
25,25,0,1,3,0,3,0,0,0.4,0.4266666666666667,0,-1,-1,secure-auth-159-apple.com
16,16,0,2,0,0,0,0,0,0.5263157894736843,0.6851851851851851,0,-1,-1,portal.azute.com
26,26,0,1,3,0,3,0,0,0.5555555555555556,0.47179487179487173,0,-1,-1,secure-auth-369-google.com
28,28,0,1,3,0,3,0,0,0.3414634146341463,0.5113756613756614,0,-1,-1,secure-auth-578-linkedin.com
25,25,0,1,3,0,3,0,0,0.368421052631579,0.4615384615384615,0,-1,-1,secure-auth-978-slack.com
27,27,0,1,3,0,3,0,0,0.35,0.44753086419753085,0,-1,-1,secure-auth-245-twitter.com
28,28,0,1,3,0,3,0,0,0.3902439024390244,0.5009157509157509,0,-1,-1,secure-auth-924-facebook.com
33,33,0,1,3,0,3,0,0,0.34782608695652173,0.5070707070707071,0,-1,-1,secure-auth-716-bankofamerica.com
27,27,0,1,3,0,3,0,0,0.35,0.44753086419753085,0,-1,-1,secure-auth-579-netflix.com
13,13,0,1,0,0,0,0,0,0.9230769230769231,0.9846153846153847,0,-1,-1,microosft.com
26,26,0,1,3,0,3,0,0,0.5555555555555556,0.4256410256410256,0,-1,-1,secure-auth-537-paypal.com
30,30,0,1,3,0,3,0,0,0.37209302325581395,0.44273504273504277,0,-1,-1,secure-auth-417-wellsfargo.com
30,30,0,1,3,0,3,0,0,0.37209302325581395,0.48888888888888893,0,-1,-1,secure-auth-338-salesforce.com
14,14,0,3,0,0,0,0,0,0.8888888888888888,0.9259259259259259,0,-1,-1,vtop.cit.ac.in
25,25,0,1,3,0,3,0,0,0.368421052631579,0.4615384615384615,0,-1,-1,secure-auth-741-slack.com
25,25,0,1,3,0,3,0,0,0.4,0.4266666666666667,0,-1,-1,secure-auth-149-apple.com
25,25,0,1,3,0,3,0,0,0.368421052631579,0.4615384615384615,0,-1,-1,secure-auth-661-slack.com
30,30,0,3,3,0,3,0,0,1.0,1.0,0,-1,-1,secure-auth-203-vtop.vit.ac.in
14,14,0,1,1,0,0,0,0,0.33333333333333337,0.5523809523809524,0,-1,-1,zoom-signin.us
26,26,0,1,3,0,3,0,0,0.5555555555555556,0.47179487179487173,0,-1,-1,secure-auth-621-google.com
28,28,0,1,3,0,3,0,0,0.3902439024390244,0.5009157509157509,0,-1,-1,secure-auth-834-facebook.com
25,25,0,2,3,0,3,0,0,0.2941176470588235,0.47333333333333333,0,-1,-1,secure-auth-607-cam.ac.uk
28,28,0,1,3,0,3,0,0,0.3902439024390244,0.5009157509157509,0,-1,-1,secure-auth-253-facebook.com
26,26,0,1,3,0,3,0,0,0.3589743589743589,0.452991452991453,0,-1,-1,secure-auth-254-amazon.com
33,33,0,1,3,0,3,0,0,0.34782608695652173,0.5070707070707071,0,-1,-1,secure-auth-143-bankofamerica.com
27,27,0,1,3,0,3,0,0,0.4,0.4703703703703703,0,-1,-1,secure-auth-224-dropbox.com
28,28,0,1,3,0,3,0,0,0.24390243902439024,0.469047619047619,0,-1,-1,secure-auth-892-stanford.edu
11,11,0,1,0,0,0,0,0,0.5714285714285714,0.7151515151515152,0,-1,-1,epotify.com
28,28,0,1,3,0,3,0,0,0.368421052631579,0.4543956043956044,0,-1,-1,secure-auth-948-barclays.com
15,15,0,1,0,0,0,0,0,0.33333333333333337,0.5703703703703703,0,-1,-1,wellsfargo.info
15,15,0,1,3,0,1,0,0,0.4,0.611111111111111,1,-1,-1,xn--hsb-6ed.com
12,12,0,1,0,0,0,0,0,0.56,0.7072649572649573,0,-1,-1,facebooj.com
30,30,0,1,3,0,3,0,0,0.37209302325581395,0.44273504273504277,0,-1,-1,secure-auth-502-wellsfargo.com
28,28,0,1,3,0,3,0,0,0.3902439024390244,0.5009157509157509,0,-1,-1,secure-auth-786-facebook.com
30,30,0,1,3,0,3,0,0,0.37209302325581395,0.48888888888888893,0,-1,-1,secure-auth-148-salesforce.com
28,28,0,1,3,0,3,0,0,0.24390243902439024,0.469047619047619,0,-1,-1,secure-auth-922-stanford.edu
30,30,0,3,3,0,3,0,0,1.0,1.0,0,-1,-1,secure-auth-790-vtop.vit.ac.in
10,10,0,1,0,0,0,0,0,0.3157894736842105,0.5166666666666667,0,-1,-1,amazon.net
11,11,0,1,0,0,0,0,0,0.5,0.6818181818181818,0,-1,-1,citibak.com
28,28,0,1,3,0,3,0,0,0.3902439024390244,0.5009157509157509,0,-1,-1,secure-auth-587-facebook.com
26,26,0,1,3,0,3,0,0,0.5555555555555556,0.4256410256410256,0,-1,-1,secure-auth-949-paypal.com
25,25,0,1,3,0,3,0,0,0.368421052631579,0.47333333333333333,0,-1,-1,secure-auth-778-adobe.com
9,9,0,1,0,0,0,0,0,0.631578947368421,0.7783068783068784,0,-1,-1,appke.com
13,13,0,1,0,0,0,0,0,0.9230769230769231,0.9692307692307692,0,-1,-1,microsoff.com
29,29,0,1,3,0,3,0,0,0.6190476190476191,0.45042314007831247,0,-1,-1,secure-auth-670-microsoft.com
23,23,0,1,3,0,3,0,0,0.2222222222222222,0.47681159420289854,0,-1,-1,secure-auth-334-mit.edu
26,26,0,1,3,0,3,0,0,0.3589743589743589,0.44943019943019946,0,-1,-1,secure-auth-476-github.com
28,28,0,1,3,0,3,0,0,0.3414634146341463,0.5113756613756614,0,-1,-1,secure-auth-690-linkedin.com
27,27,0,1,3,0,3,0,0,0.35,0.44753086419753085,0,-1,-1,secure-auth-842-netflix.com
28,28,0,1,3,0,3,0,0,0.3414634146341463,0.4543956043956044,0,-1,-1,secure-auth-428-citibank.com
19,19,0,1,3,0,0,0,0,0.4137931034482759,0.5924426450742241,1,-1,-1,xn--linkedn-wog.com
19,19,0,1,1,0,0,0,0,0.3448275862068966,0.5403894351262771,0,-1,-1,stanford-portal.edu
27,27,0,1,3,0,3,0,0,0.35,0.44753086419753085,0,-1,-1,secure-auth-172-netflix.com
28,28,0,1,3,0,3,0,0,0.3902439024390244,0.5009157509157509,0,-1,-1,secure-auth-887-facebook.com
14,14,0,1,1,0,0,0,0,0.33333333333333337,0.5523809523809524,0,-1,-1,zoom-verify.us
25,25,0,1,3,0,3,0,0,0.368421052631579,0.47333333333333333,0,-1,-1,secure-auth-273-adobe.com
14,14,0,3,0,0,0,0,0,0.8888888888888888,0.9259259259259259,0,-1,-1,vtop.fit.ac.in
6,6,0,1,0,0,0,0,0,0.375,0.6,0,-1,-1,cam.cc
25,25,0,2,3,0,3,0,0,0.2941176470588235,0.47333333333333333,0,-1,-1,secure-auth-821-cam.ac.uk
10,10,0,1,0,0,0,0,0,0.9,0.94,0,-1,-1,giogle.com
26,26,0,1,3,0,3,0,0,0.5555555555555556,0.4256410256410256,0,-1,-1,secure-auth-550-paypal.com
27,27,0,1,3,0,3,0,0,0.35,0.44753086419753085,0,-1,-1,secure-auth-613-netflix.com
25,25,0,1,3,0,3,0,0,0.4,0.4266666666666667,0,-1,-1,secure-auth-986-apple.com
14,14,0,1,0,0,0,0,0,0.5,0.6672771672771672,0,-1,-1,dalesforce.com
23,23,0,1,3,0,3,0,0,0.2777777777777778,0.5246376811594203,0,-1,-1,secure-auth-277-zoom.us
23,23,0,1,3,0,3,0,0,0.2777777777777778,0.5246376811594203,0,-1,-1,secure-auth-935-zoom.us
27,27,0,1,3,0,3,0,0,0.35,0.44753086419753085,0,-1,-1,secure-auth-444-twitter.com
24,24,0,2,3,0,3,0,0,0.303030303030303,0.5148046398046398,0,-1,-1,secure-auth-797-ox.ac.uk
29,29,0,1,3,0,3,0,0,0.6190476190476191,0.45042314007831247,0,-1,-1,secure-auth-298-microsoft.com
26,26,0,1,3,0,3,0,0,0.5555555555555556,0.47179487179487173,0,-1,-1,secure-auth-697-google.com
29,29,0,1,3,0,3,0,0,0.6190476190476191,0.45042314007831247,0,-1,-1,secure-auth-270-microsoft.com
21,21,0,1,3,0,2,0,0,0.3870967741935484,0.5821123321123322,1,-1,-1,xn--salesfore-23h.com
24,24,0,2,3,0,3,0,0,0.303030303030303,0.5148046398046398,0,-1,-1,secure-auth-508-ox.ac.uk
25,25,0,2,3,0,3,0,0,0.2941176470588235,0.47333333333333333,0,-1,-1,secure-auth-487-cam.ac.uk
26,26,0,1,3,0,3,0,0,0.3589743589743589,0.452991452991453,0,-1,-1,secure-auth-837-amazon.com
27,27,0,1,3,0,3,0,0,0.35,0.44753086419753085,0,-1,-1,secure-auth-740-twitter.com
26,26,0,1,3,0,3,0,0,0.3589743589743589,0.452991452991453,0,-1,-1,secure-auth-191-amazon.com
29,29,0,1,3,0,3,0,0,0.6190476190476191,0.45042314007831247,0,-1,-1,secure-auth-449-microsoft.com
25,25,0,1,3,0,3,0,0,0.368421052631579,0.4615384615384615,0,-1,-1,secure-auth-420-slack.com
25,25,0,1,3,0,3,0,0,0.4,0.4266666666666667,0,-1,-1,secure-auth-108-apple.com
17,17,0,1,3,0,0,0,0,0.6666666666666667,0.8098039215686276,1,-1,-1,xn--gogle-jye.com
17,17,0,1,1,0,0,0,0,0.5185185185185186,0.6664990782637842,0,-1,-1,support-adobe.com
27,27,0,1,3,0,3,0,0,0.35,0.44753086419753085,0,-1,-1,secure-auth-432-twitter.com
10,10,0,1,0,0,0,0,0,0.7,0.88,0,-1,-1,paypal.net
28,28,0,1,3,0,3,0,0,0.3414634146341463,0.4543956043956044,0,-1,-1,secure-auth-921-citibank.com
29,29,0,1,3,0,3,0,0,0.38095238095238093,0.509323116219668,0,-1,-1,secure-auth-897-instagram.com
28,28,0,1,3,0,3,0,0,0.3902439024390244,0.5009157509157509,0,-1,-1,secure-auth-222-facebook.com
26,26,0,1,3,0,3,0,0,0.3589743589743589,0.452991452991453,0,-1,-1,secure-auth-825-amazon.com
10,10,0,1,0,0,0,0,0,0.6,0.6777777777777777,0,-1,-1,amazno.com
30,30,0,3,3,0,3,0,0,1.0,1.0,0,-1,-1,secure-auth-734-vtop.vit.ac.in
11,11,0,1,0,0,0,0,0,0.47619047619047616,0.604040404040404,0,-1,-1,netclix.com
26,26,0,1,3,0,3,0,0,0.3589743589743589,0.452991452991453,0,-1,-1,secure-auth-506-amazon.com
17,17,0,1,0,0,1,0,0,0.4666666666666667,0.5954248366013072,0,-1,-1,bank0famerica.com
20,20,0,1,1,0,0,0,0,0.7878787878787878,0.9299999999999999,0,-1,-1,microsoft-verify.com
7,7,0,1,0,0,0,0,0,0.375,0.5873015873015873,0,-1,-1,jit.edu
28,28,0,1,3,0,3,0,0,0.3414634146341463,0.5113756613756614,0,-1,-1,secure-auth-848-linkedin.com
27,27,0,1,3,0,3,0,0,0.4,0.4703703703703703,0,-1,-1,secure-auth-255-dropbox.com
29,29,0,1,3,0,3,0,0,0.6190476190476191,0.45042314007831247,0,-1,-1,secure-auth-695-microsoft.com
8,8,0,1,0,0,0,0,0,0.6666666666666667,0.8107142857142856,0,-1,-1,apple.co
16,16,0,2,0,0,0,0,0,0.5263157894736843,0.6851851851851851,0,-1,-1,portal.azhre.com
25,25,0,1,3,0,3,0,0,0.4,0.4266666666666667,0,-1,-1,secure-auth-630-apple.com
13,13,0,1,1,0,0,0,0,0.3076923076923077,0.5760683760683761,0,-1,-1,login-mit.edu
9,9,0,1,0,0,0,0,0,0.5263157894736843,0.7000000000000001,0,-1,-1,slavk.com
24,24,0,1,3,0,3,0,0,0.3783783783783784,0.5662393162393162,0,-1,-1,secure-auth-362-hsbc.com
17,17,0,1,0,0,0,0,0,0.4666666666666667,0.5703242835595778,0,-1,-1,bankofwmerica.com
26,26,0,1,3,0,3,0,0,0.3589743589743589,0.44943019943019946,0,-1,-1,secure-auth-726-github.com
27,27,0,1,3,0,3,0,0,0.35,0.44753086419753085,0,-1,-1,secure-auth-216-netflix.com
24,24,0,2,3,0,3,0,0,0.303030303030303,0.5148046398046398,0,-1,-1,secure-auth-380-ox.ac.uk
23,23,0,1,3,0,3,0,0,0.2222222222222222,0.47681159420289854,0,-1,-1,secure-auth-182-mit.edu
8,8,0,1,0,0,0,0,0,0.6666666666666667,0.8107142857142856,0,-1,-1,appe.com
27,27,0,1,3,0,3,0,0,0.35,0.44753086419753085,0,-1,-1,secure-auth-517-netflix.com
29,29,0,1,3,0,3,0,0,0.6190476190476191,0.45042314007831247,0,-1,-1,secure-auth-633-microsoft.com
26,26,0,1,3,0,3,0,0,0.5555555555555556,0.47179487179487173,0,-1,-1,secure-auth-881-google.com
27,27,0,1,3,0,3,0,0,0.35,0.44753086419753085,0,-1,-1,secure-auth-955-netflix.com
25,25,0,1,3,0,3,0,0,0.368421052631579,0.4615384615384615,0,-1,-1,secure-auth-397-slack.com
30,30,0,1,3,0,3,0,0,0.37209302325581395,0.48888888888888893,0,-1,-1,secure-auth-207-salesforce.com
16,16,0,2,0,0,0,0,0,0.33333333333333337,0.48148148148148145,0,-1,-1,portal.azure.biz
23,23,0,1,3,0,3,0,0,0.2777777777777778,0.5246376811594203,0,-1,-1,secure-auth-612-zoom.us
27,27,0,1,3,0,3,0,0,0.44999999999999996,0.4703703703703703,0,-1,-1,secure-auth-258-spotify.com
12,12,0,1,0,0,0,0,0,0.6363636363636364,0.7072649572649573,0,-1,-1,facegook.com
27,27,0,1,3,0,3,0,0,0.35,0.44753086419753085,0,-1,-1,secure-auth-832-netflix.com
25,25,0,1,3,0,3,0,0,0.4,0.4266666666666667,0,-1,-1,secure-auth-503-apple.com
28,28,0,1,3,0,3,0,0,0.24390243902439024,0.469047619047619,0,-1,-1,secure-auth-750-stanford.edu
28,28,0,1,3,0,3,0,0,0.3902439024390244,0.5009157509157509,0,-1,-1,secure-auth-303-facebook.com
28,28,0,1,3,0,3,0,0,0.3414634146341463,0.4543956043956044,0,-1,-1,secure-auth-750-citibank.com
26,26,0,1,3,0,3,0,0,0.5555555555555556,0.4256410256410256,0,-1,-1,secure-auth-137-paypal.com
27,27,0,1,3,0,3,0,0,0.4,0.4703703703703703,0,-1,-1,secure-auth-943-dropbox.com
28,28,0,1,3,0,3,0,0,0.3902439024390244,0.5009157509157509,0,-1,-1,secure-auth-826-facebook.com
26,26,0,1,3,0,3,0,0,0.3589743589743589,0.44943019943019946,0,-1,-1,secure-auth-668-github.com
29,29,0,1,3,0,3,0,0,0.6190476190476191,0.45042314007831247,0,-1,-1,secure-auth-372-microsoft.com
25,25,0,1,3,0,3,0,0,0.368421052631579,0.47333333333333333,0,-1,-1,secure-auth-837-adobe.com
27,27,0,1,3,0,3,0,0,0.19999999999999996,0.4246913580246914,0,-1,-1,secure-auth-787-harvard.edu
12,12,0,1,0,0,0,0,0,0.5454545454545454,0.7000000000000001,0,-1,-1,linkesin.com
9,9,0,1,0,0,1,0,0,0.5263157894736843,0.6851851851851851,0,-1,-1,ad0be.com
27,27,0,1,3,0,3,0,0,0.4,0.4703703703703703,0,-1,-1,secure-auth-344-dropbox.com
17,17,0,1,0,0,0,0,0,0.4666666666666667,0.5548373195432018,0,-1,-1,bankofamefica.com
23,23,0,1,3,0,3,0,0,0.2222222222222222,0.47681159420289854,0,-1,-1,secure-auth-901-mit.edu
32,32,0,2,3,0,3,0,0,0.5263157894736843,0.6851851851851851,0,-1,-1,secure-auth-709-portal.azure.com
28,28,0,1,3,0,3,0,0,0.368421052631579,0.4543956043956044,0,-1,-1,secure-auth-249-barclays.com
23,23,0,1,3,0,3,0,0,0.2222222222222222,0.47681159420289854,0,-1,-1,secure-auth-604-mit.edu
14,14,0,1,0,0,0,0,0,0.5,0.638095238095238,0,-1,-1,salesdorce.com
25,25,0,1,3,0,3,0,0,0.4,0.4266666666666667,0,-1,-1,secure-auth-949-apple.com
27,27,0,1,3,0,3,0,0,0.35,0.44753086419753085,0,-1,-1,secure-auth-600-twitter.com
26,26,0,1,3,0,3,0,0,0.3589743589743589,0.44943019943019946,0,-1,-1,secure-auth-674-github.com
17,17,0,1,0,0,0,0,0,0.4444444444444444,0.5954248366013072,0,-1,-1,bankofakerica.com
25,25,0,1,3,0,3,0,0,0.4,0.4266666666666667,0,-1,-1,secure-auth-734-apple.com
28,28,0,1,3,0,3,0,0,0.24390243902439024,0.469047619047619,0,-1,-1,secure-auth-266-stanford.edu
12,12,0,1,0,0,0,0,0,0.48,0.6441798941798942,0,-1,-1,citihank.com
25,25,0,1,3,0,3,0,0,0.4,0.4266666666666667,0,-1,-1,secure-auth-907-apple.com
16,16,0,2,0,0,0,0,0,0.33333333333333337,0.48148148148148145,0,-1,-1,portal.azure.net
12,12,0,1,1,0,0,0,0,0.31999999999999995,0.5337606837606838,0,-1,-1,zoom-auth.us
30,30,0,1,3,0,3,0,0,0.37209302325581395,0.48888888888888893,0,-1,-1,secure-auth-118-salesforce.com
32,32,0,2,3,0,3,0,0,0.5263157894736843,0.6851851851851851,0,-1,-1,secure-auth-997-portal.azure.com
29,29,0,1,3,0,3,0,0,0.6190476190476191,0.45042314007831247,0,-1,-1,secure-auth-814-microsoft.com
33,33,0,1,3,0,3,0,0,0.34782608695652173,0.5070707070707071,0,-1,-1,secure-auth-404-bankofamerica.com
27,27,0,1,3,0,3,0,0,0.4,0.4703703703703703,0,-1,-1,secure-auth-927-dropbox.com
14,14,0,1,0,0,0,0,0,0.5,0.6672771672771672,0,-1,-1,saleaforce.com
27,27,0,1,3,0,3,0,0,0.4,0.4703703703703703,0,-1,-1,secure-auth-586-dropbox.com
28,28,0,1,3,0,3,0,0,0.24390243902439024,0.469047619047619,0,-1,-1,secure-auth-172-stanford.edu
25,25,0,1,3,0,3,0,0,0.368421052631579,0.4615384615384615,0,-1,-1,secure-auth-978-slack.com
32,32,0,2,3,0,3,0,0,0.5263157894736843,0.6851851851851851,0,-1,-1,secure-auth-462-portal.azure.com
30,30,0,1,3,0,3,0,0,0.37209302325581395,0.48888888888888893,0,-1,-1,secure-auth-213-salesforce.com
25,25,0,1,3,0,3,0,0,0.4,0.4266666666666667,0,-1,-1,secure-auth-485-apple.com
25,25,0,2,3,0,3,0,0,0.2941176470588235,0.47333333333333333,0,-1,-1,secure-auth-377-cam.ac.uk
27,27,0,1,3,0,3,0,0,0.19999999999999996,0.4246913580246914,0,-1,-1,secure-auth-875-harvard.edu
30,30,0,1,3,0,3,0,0,0.37209302325581395,0.48888888888888893,0,-1,-1,secure-auth-578-salesforce.com
23,23,0,1,3,0,3,0,0,0.2222222222222222,0.47681159420289854,0,-1,-1,secure-auth-771-mit.edu
12,12,0,1,0,0,0,0,0,0.5454545454545454,0.6444444444444445,0,-1,-1,facebopk.com
10,10,0,1,0,0,0,0,0,0.42105263157894735,0.6148148148148148,0,-1,-1,github.net
11,11,0,1,0,0,0,0,0,0.5714285714285714,0.7311688311688312,0,-1,-1,netglix.com
27,27,0,1,3,0,3,0,0,0.35,0.44753086419753085,0,-1,-1,secure-auth-549-netflix.com
30,30,0,3,3,0,3,0,0,1.0,1.0,0,-1,-1,secure-auth-539-vtop.vit.ac.in
8,8,0,1,0,0,0,0,0,0.47619047619047616,0.6260683760683761,0,-1,-1,hsvc.com
25,25,0,1,3,0,3,0,0,0.368421052631579,0.4615384615384615,0,-1,-1,secure-auth-869-slack.com
23,23,0,1,3,0,3,0,0,0.2777777777777778,0.5246376811594203,0,-1,-1,secure-auth-872-zoom.us
27,27,0,1,3,0,3,0,0,0.19999999999999996,0.4246913580246914,0,-1,-1,secure-auth-353-harvard.edu
27,27,0,1,3,0,3,0,0,0.35,0.44753086419753085,0,-1,-1,secure-auth-240-twitter.com
11,11,0,1,0,0,0,0,0,0.47619047619047616,0.6515151515151515,0,-1,-1,netfIix.com
27,27,0,1,3,0,3,0,0,0.4,0.4703703703703703,0,-1,-1,secure-auth-817-dropbox.com
26,26,0,1,3,0,3,0,0,0.5555555555555556,0.47179487179487173,0,-1,-1,secure-auth-101-google.com
27,27,0,1,3,0,3,0,0,0.35,0.44753086419753085,0,-1,-1,secure-auth-869-netflix.com
30,30,0,1,3,0,3,0,0,0.37209302325581395,0.48888888888888893,0,-1,-1,secure-auth-589-salesforce.com
26,26,0,1,3,0,3,0,0,0.3589743589743589,0.44943019943019946,0,-1,-1,secure-auth-634-github.com
27,27,0,1,3,0,3,0,0,0.19999999999999996,0.4246913580246914,0,-1,-1,secure-auth-783-harvard.edu
29,29,0,1,3,0,3,0,0,0.6190476190476191,0.45042314007831247,0,-1,-1,secure-auth-187-microsoft.com
26,26,0,1,3,0,3,0,0,0.3589743589743589,0.44943019943019946,0,-1,-1,secure-auth-326-github.com
24,24,0,1,3,0,0,0,0,0.3529411764705882,0.5245726495726496,1,-1,-1,xn--bankofamerca-bpk.com
25,25,0,1,3,0,3,0,0,0.368421052631579,0.47333333333333333,0,-1,-1,secure-auth-149-adobe.com
17,17,0,1,1,0,0,0,0,0.5333333333333333,0.653657616892911,0,-1,-1,slack-support.com
19,19,0,1,1,0,0,0,0,0.5,0.6985155195681512,0,-1,-1,spotify-support.com
33,33,0,1,3,0,3,0,0,0.34782608695652173,0.5070707070707071,0,-1,-1,secure-auth-187-bankofamerica.com
29,29,0,1,3,0,3,0,0,0.6190476190476191,0.45042314007831247,0,-1,-1,secure-auth-885-microsoft.com
14,14,0,1,0,0,0,0,0,0.5,0.6672771672771672,0,-1,-1,aslesforce.com
27,27,0,1,3,0,3,0,0,0.4,0.4703703703703703,0,-1,-1,secure-auth-346-dropbox.com
23,23,0,1,3,0,3,0,0,0.2777777777777778,0.5246376811594203,0,-1,-1,secure-auth-777-zoom.us
20,20,0,1,1,0,0,0,0,0.48484848484848486,0.5884615384615385,0,-1,-1,linkedin-account.com
30,30,0,1,3,0,3,0,0,0.37209302325581395,0.48888888888888893,0,-1,-1,secure-auth-212-salesforce.com
16,16,0,1,1,0,0,0,0,0.5384615384615384,0.725,0,-1,-1,portal-adobe.com
10,10,0,1,0,0,0,0,0,0.5,0.6666666666666666,0,-1,-1,guthub.com
27,27,0,1,3,0,3,0,0,0.35,0.44753086419753085,0,-1,-1,secure-auth-620-twitter.com
30,30,0,1,3,0,3,0,0,0.37209302325581395,0.44273504273504277,0,-1,-1,secure-auth-467-wellsfargo.com
27,27,0,1,3,0,3,0,0,0.4,0.4703703703703703,0,-1,-1,secure-auth-501-dropbox.com
19,19,0,1,1,0,0,0,0,0.2857142857142857,0.49277038750722957,0,-1,-1,stanford-secure.edu
27,27,0,1,3,0,3,0,0,0.35,0.44753086419753085,0,-1,-1,secure-auth-564-twitter.com
27,27,0,1,3,0,3,0,0,0.4,0.4703703703703703,0,-1,-1,secure-auth-602-dropbox.com
26,26,0,1,3,0,3,0,0,0.3589743589743589,0.44943019943019946,0,-1,-1,secure-auth-362-github.com
14,14,0,1,0,0,1,0,0,0.4444444444444444,0.6857142857142856,0,-1,-1,wellsfarg0.com
24,24,0,1,3,0,3,0,0,0.3783783783783784,0.5662393162393162,0,-1,-1,secure-auth-759-hsbc.com
8,8,0,1,0,0,0,0,0,0.47619047619047616,0.6260683760683761,0,-1,-1,shbc.com
25,25,0,1,3,0,3,0,0,0.368421052631579,0.4615384615384615,0,-1,-1,secure-auth-747-slack.com
18,18,0,1,1,0,0,0,0,0.7142857142857143,0.7185185185185184,0,-1,-1,support-paypal.com
32,32,0,2,3,0,3,0,0,0.5263157894736843,0.6851851851851851,0,-1,-1,secure-auth-796-portal.azure.com
26,26,0,1,3,0,3,0,0,0.5555555555555556,0.4256410256410256,0,-1,-1,secure-auth-497-paypal.com
30,30,0,1,3,0,3,0,0,0.37209302325581395,0.44273504273504277,0,-1,-1,secure-auth-354-wellsfargo.com
10,10,0,1,0,0,0,0,0,0.3157894736842105,0.5166666666666667,0,-1,-1,amazon.biz
27,27,0,1,3,0,3,0,0,0.4,0.4703703703703703,0,-1,-1,secure-auth-411-dropbox.com
23,23,0,1,3,0,3,0,0,0.2222222222222222,0.47681159420289854,0,-1,-1,secure-auth-879-mit.edu
13,13,0,1,0,0,0,0,0,0.5217391304347826,0.6837606837606837,0,-1,-1,alesforce.com
27,27,0,1,3,0,3,0,0,0.35,0.44753086419753085,0,-1,-1,secure-auth-840-twitter.com
25,25,0,1,3,0,3,0,0,0.368421052631579,0.47333333333333333,0,-1,-1,secure-auth-584-adobe.com
33,33,0,1,3,0,3,0,0,0.34782608695652173,0.5070707070707071,0,-1,-1,secure-auth-168-bankofamerica.com
16,16,0,1,0,0,0,0,0,0.48275862068965514,0.5634157509157509,0,-1,-1,bankofameica.com
32,32,0,2,3,0,3,0,0,0.5263157894736843,0.6851851851851851,0,-1,-1,secure-auth-758-portal.azure.com
14,14,0,1,0,0,0,0,0,0.5,0.638095238095238,0,-1,-1,wellafargo.com
15,15,0,2,1,0,0,0,0,0.75,0.7185185185185187,0,-1,-1,login-vit.ac.in
27,27,0,1,3,0,3,0,0,0.4,0.4703703703703703,0,-1,-1,secure-auth-237-dropbox.com
26,26,0,1,3,0,3,0,0,0.5555555555555556,0.47179487179487173,0,-1,-1,secure-auth-953-google.com
9,9,0,1,0,0,0,0,0,0.9473684210526316,0.9766666666666667,0,-1,-1,payal.com
15,15,0,1,1,0,0,0,0,0.3571428571428571,0.5731379731379732,0,-1,-1,account-zoom.us
24,24,0,2,3,0,3,0,0,0.303030303030303,0.5148046398046398,0,-1,-1,secure-auth-951-ox.ac.uk
12,12,0,1,0,0,0,0,0,0.5454545454545454,0.7000000000000001,0,-1,-1,linkerin.com
9,9,0,1,0,0,0,0,0,0.736842105263158,0.8546296296296297,0,-1,-1,appls.com
11,11,0,1,0,0,0,0,0,0.5833333333333333,0.7392191142191141,0,-1,-1,dropbos.com
11,11,0,1,0,0,0,0,0,0.5714285714285714,0.8007575757575758,0,-1,-1,barlays.com
11,11,0,1,0,0,0,0,0,0.5714285714285714,0.7151515151515152,0,-1,-1,xpotify.com
10,10,0,1,0,0,0,0,0,0.6086956521739131,0.7333333333333334,0,-1,-1,spoify.com
28,28,0,1,3,0,3,0,0,0.368421052631579,0.4543956043956044,0,-1,-1,secure-auth-121-barclays.com
30,30,0,1,3,0,3,0,0,0.37209302325581395,0.48888888888888893,0,-1,-1,secure-auth-701-salesforce.com
24,24,0,1,3,0,3,0,0,0.3783783783783784,0.5662393162393162,0,-1,-1,secure-auth-265-hsbc.com
23,23,0,1,3,0,3,0,0,0.2222222222222222,0.47681159420289854,0,-1,-1,secure-auth-633-mit.edu
26,26,0,1,3,0,3,0,0,0.3589743589743589,0.452991452991453,0,-1,-1,secure-auth-136-amazon.com
19,19,0,1,1,0,0,0,0,0.48275862068965514,0.5880084827453248,0,-1,-1,citibank-update.com
29,29,0,1,3,0,3,0,0,0.38095238095238093,0.509323116219668,0,-1,-1,secure-auth-887-instagram.com
27,27,0,1,3,0,3,0,0,0.19999999999999996,0.4246913580246914,0,-1,-1,secure-auth-960-harvard.edu
25,25,0,1,3,0,3,0,0,0.368421052631579,0.47333333333333333,0,-1,-1,secure-auth-599-adobe.com
17,17,0,1,0,0,0,0,0,0.4666666666666667,0.5703242835595778,0,-1,-1,bankotamerica.com
27,27,0,1,3,0,3,0,0,0.44999999999999996,0.4703703703703703,0,-1,-1,secure-auth-155-spotify.com
27,27,0,1,3,0,3,0,0,0.35,0.44753086419753085,0,-1,-1,secure-auth-649-twitter.com
10,10,0,1,0,0,0,0,0,0.9,0.96,0,-1,-1,googls.com
24,24,0,2,3,0,3,0,0,0.303030303030303,0.5148046398046398,0,-1,-1,secure-auth-689-ox.ac.uk
14,14,0,2,1,0,0,0,0,0.4347826086956522,0.6206349206349207,0,-1,-1,login-ox.ac.uk
28,28,0,1,3,0,3,0,0,0.3414634146341463,0.4543956043956044,0,-1,-1,secure-auth-250-citibank.com
29,29,0,1,3,0,3,0,0,0.38095238095238093,0.509323116219668,0,-1,-1,secure-auth-808-instagram.com
25,25,0,1,3,0,3,0,0,0.368421052631579,0.4615384615384615,0,-1,-1,secure-auth-120-chase.com
28,28,0,1,3,0,3,0,0,0.3414634146341463,0.4543956043956044,0,-1,-1,secure-auth-738-citibank.com
30,30,0,1,3,0,3,0,0,0.37209302325581395,0.44273504273504277,0,-1,-1,secure-auth-427-wellsfargo.com
29,29,0,1,3,0,3,0,0,0.38095238095238093,0.509323116219668,0,-1,-1,secure-auth-128-instagram.com
28,28,0,1,3,0,3,0,0,0.3414634146341463,0.5113756613756614,0,-1,-1,secure-auth-519-linkedin.com
11,11,0,1,0,0,0,0,0,0.5833333333333333,0.724941724941725,0,-1,-1,rdopbox.com
25,25,0,2,3,0,3,0,0,0.2941176470588235,0.47333333333333333,0,-1,-1,secure-auth-449-cam.ac.uk
30,30,0,1,3,0,3,0,0,0.37209302325581395,0.48888888888888893,0,-1,-1,secure-auth-245-salesforce.com
28,28,0,1,3,0,3,0,0,0.3414634146341463,0.4543956043956044,0,-1,-1,secure-auth-339-citibank.com
10,10,0,1,0,0,0,0,0,0.9,0.9170370370370371,0,-1,-1,golgle.com
23,23,0,1,3,0,3,0,0,0.2222222222222222,0.47681159420289854,0,-1,-1,secure-auth-594-mit.edu
23,23,0,1,3,0,3,0,0,0.2777777777777778,0.5246376811594203,0,-1,-1,secure-auth-392-zoom.us
25,25,0,1,3,0,3,0,0,0.368421052631579,0.4615384615384615,0,-1,-1,secure-auth-714-slack.com
12,12,0,1,0,0,0,0,0,0.5454545454545454,0.7388888888888889,0,-1,-1,barclaye.com
32,32,0,2,3,0,3,0,0,0.5263157894736843,0.6851851851851851,0,-1,-1,secure-auth-523-portal.azure.com
13,13,0,1,0,0,0,0,0,0.9230769230769231,0.9692307692307692,0,-1,-1,microwoft.com
10,10,0,1,0,0,0,0,0,0.5,0.6777777777777777,0,-1,-1,netfli.com
23,23,0,1,3,0,3,0,0,0.2777777777777778,0.5246376811594203,0,-1,-1,secure-auth-433-zoom.us
24,24,0,1,1,0,0,0,0,0.4864864864864865,0.661965811965812,0,-1,-1,bankofamerica-verify.com
24,24,0,1,3,0,3,0,0,0.3783783783783784,0.5662393162393162,0,-1,-1,secure-auth-828-hsbc.com
25,25,0,2,3,0,3,0,0,0.2941176470588235,0.47333333333333333,0,-1,-1,secure-auth-948-cam.ac.uk
28,28,0,1,3,0,3,0,0,0.3414634146341463,0.5113756613756614,0,-1,-1,secure-auth-551-linkedin.com
30,30,0,3,3,0,3,0,0,1.0,1.0,0,-1,-1,secure-auth-306-vtop.vit.ac.in
11,11,0,1,0,0,0,0,0,0.47619047619047616,0.6595959595959596,0,-1,-1,netflkx.com
14,14,0,3,0,0,0,0,0,0.8888888888888888,0.9333333333333333,0,-1,-1,vtop.vot.ac.in
27,27,0,1,3,0,3,0,0,0.44999999999999996,0.4703703703703703,0,-1,-1,secure-auth-418-spotify.com
16,16,0,2,1,0,0,0,0,0.72,0.7060185185185185,0,-1,-1,signin-vit.ac.in
33,33,0,1,3,0,3,0,0,0.34782608695652173,0.5070707070707071,0,-1,-1,secure-auth-609-bankofamerica.com
12,12,0,1,0,0,0,0,0,0.48,0.638888888888889,0,-1,-1,citkbank.com
32,32,0,2,3,0,3,0,0,0.5263157894736843,0.6851851851851851,0,-1,-1,secure-auth-349-portal.azure.com
27,27,0,1,3,0,3,0,0,0.35,0.44753086419753085,0,-1,-1,secure-auth-514-twitter.com
17,17,0,1,3,0,0,0,0,0.6666666666666667,0.7727668845315904,1,-1,-1,xn--aypal-uye.com
12,12,0,1,0,0,0,0,0,0.48,0.6444444444444445,0,-1,-1,facebkok.com
27,27,0,1,3,0,3,0,0,0.4,0.4703703703703703,0,-1,-1,secure-auth-992-dropbox.com
27,27,0,1,3,0,3,0,0,0.35,0.44753086419753085,0,-1,-1,secure-auth-155-twitter.com
19,19,0,1,1,0,0,0,0,0.2857142857142857,0.48133153396311296,0,-1,-1,signin-stanford.edu
12,12,0,1,0,0,0,0,0,0.5454545454545454,0.7000000000000001,0,-1,-1,linkdein.com
27,27,0,1,3,0,3,0,0,0.19999999999999996,0.4246913580246914,0,-1,-1,secure-auth-899-harvard.edu
11,11,0,1,0,0,0,0,0,0.5833333333333333,0.724941724941725,0,-1,-1,drobpox.com
18,18,0,1,1,0,0,0,0,0.5,0.6937321937321936,0,-1,-1,login-barclays.com
30,30,0,3,3,0,3,0,0,1.0,1.0,0,-1,-1,secure-auth-780-vtop.vit.ac.in
30,30,0,1,3,0,3,0,0,0.37209302325581395,0.48888888888888893,0,-1,-1,secure-auth-691-salesforce.com
28,28,0,1,3,0,3,0,0,0.3414634146341463,0.4543956043956044,0,-1,-1,secure-auth-896-citibank.com
12,12,0,1,0,0,0,0,0,0.24,0.46709401709401704,0,-1,-1,sfanford.edu
14,14,0,1,0,0,0,0,0,0.5,0.6672771672771672,0,-1,-1,swlesforce.com
7,7,0,1,0,0,0,0,0,0.30000000000000004,0.5026455026455027,0,-1,-1,mkt.edu
25,25,0,1,3,0,3,0,0,0.368421052631579,0.4615384615384615,0,-1,-1,secure-auth-293-chase.com
26,26,0,1,3,0,3,0,0,0.3589743589743589,0.44943019943019946,0,-1,-1,secure-auth-385-github.com
18,18,0,1,1,0,0,0,0,0.7142857142857143,0.7518518518518519,0,-1,-1,account-paypal.com
9,9,0,1,0,0,0,0,0,0.5454545454545454,0.6851851851851851,0,-1,-1,chsae.com
28,28,0,1,3,0,3,0,0,0.3902439024390244,0.5009157509157509,0,-1,-1,secure-auth-100-facebook.com
28,28,0,1,3,0,3,0,0,0.24390243902439024,0.469047619047619,0,-1,-1,secure-auth-156-stanford.edu
25,25,0,1,3,0,3,0,0,0.368421052631579,0.47333333333333333,0,-1,-1,secure-auth-606-adobe.com
23,23,0,1,3,0,3,0,0,0.2777777777777778,0.5246376811594203,0,-1,-1,secure-auth-416-zoom.us
16,16,0,1,0,0,0,0,0,0.48275862068965514,0.5634157509157509,0,-1,-1,bankoamerica.com
27,27,0,1,3,0,3,0,0,0.4,0.4703703703703703,0,-1,-1,secure-auth-665-dropbox.com
26,26,0,1,3,0,3,0,0,0.3589743589743589,0.44943019943019946,0,-1,-1,secure-auth-904-github.com
25,25,0,1,3,0,3,0,0,0.368421052631579,0.4615384615384615,0,-1,-1,secure-auth-807-slack.com
26,26,0,1,3,0,3,0,0,0.3589743589743589,0.44943019943019946,0,-1,-1,secure-auth-319-github.com
27,27,0,1,3,0,3,0,0,0.35,0.44753086419753085,0,-1,-1,secure-auth-974-twitter.com
7,7,0,1,0,0,0,0,0,0.375,0.5873015873015873,0,-1,-1,nit.edu
23,23,0,1,3,0,3,0,0,0.2222222222222222,0.47681159420289854,0,-1,-1,secure-auth-400-mit.edu
30,30,0,3,3,0,3,0,0,1.0,1.0,0,-1,-1,secure-auth-706-vtop.vit.ac.in
28,28,0,1,3,0,3,0,0,0.368421052631579,0.4543956043956044,0,-1,-1,secure-auth-181-barclays.com
24,24,0,1,3,0,3,0,0,0.3783783783783784,0.5662393162393162,0,-1,-1,secure-auth-147-hsbc.com
32,32,0,2,3,0,3,0,0,0.5263157894736843,0.6851851851851851,0,-1,-1,secure-auth-112-portal.azure.com
25,25,0,1,3,0,3,0,0,0.368421052631579,0.4615384615384615,0,-1,-1,secure-auth-814-slack.com
27,27,0,1,3,0,3,0,0,0.4,0.4703703703703703,0,-1,-1,secure-auth-119-dropbox.com
7,7,0,1,0,0,0,0,0,0.5,0.5873015873015873,0,-1,-1,mit.top
29,29,0,1,3,0,3,0,0,0.38095238095238093,0.509323116219668,0,-1,-1,secure-auth-967-instagram.com
28,28,0,1,3,0,3,0,0,0.3414634146341463,0.4543956043956044,0,-1,-1,secure-auth-491-citibank.com
30,30,0,1,3,0,3,0,0,0.37209302325581395,0.44273504273504277,0,-1,-1,secure-auth-981-wellsfargo.com
28,28,0,1,3,0,3,0,0,0.24390243902439024,0.469047619047619,0,-1,-1,secure-auth-466-stanford.edu
23,23,0,1,3,0,3,0,0,0.2222222222222222,0.47681159420289854,0,-1,-1,secure-auth-283-mit.edu
25,25,0,1,3,0,3,0,0,0.368421052631579,0.47333333333333333,0,-1,-1,secure-auth-737-adobe.com
27,27,0,1,3,0,3,0,0,0.4,0.4703703703703703,0,-1,-1,secure-auth-783-dropbox.com
14,14,0,1,0,0,0,0,0,0.5,0.638095238095238,0,-1,-1,salesvorce.com
26,26,0,1,3,0,3,0,0,0.5555555555555556,0.4256410256410256,0,-1,-1,secure-auth-648-paypal.com
26,26,0,1,3,0,3,0,0,0.5555555555555556,0.47179487179487173,0,-1,-1,secure-auth-257-google.com
14,14,0,1,0,0,0,0,0,0.5833333333333333,0.7278388278388279,0,-1,-1,saoesforce.com
30,30,0,3,3,0,3,0,0,1.0,1.0,0,-1,-1,secure-auth-903-vtop.vit.ac.in
27,27,0,1,3,0,3,0,0,0.19999999999999996,0.4246913580246914,0,-1,-1,secure-auth-365-harvard.edu
25,25,0,1,3,0,3,0,0,0.4,0.4266666666666667,0,-1,-1,secure-auth-424-apple.com
30,30,0,3,3,0,3,0,0,1.0,1.0,0,-1,-1,secure-auth-283-vtop.vit.ac.in
19,19,0,1,3,0,0,0,0,0.2142857142857143,0.48259109311740894,1,-1,-1,xn--stanfrd-ejg.edu
25,25,0,1,3,0,3,0,0,0.368421052631579,0.4615384615384615,0,-1,-1,secure-auth-764-chase.com
28,28,0,1,3,0,3,0,0,0.368421052631579,0.4543956043956044,0,-1,-1,secure-auth-959-barclays.com
10,10,0,1,0,0,0,0,0,0.9,0.96,0,-1,-1,googld.com
27,27,0,1,3,0,3,0,0,0.35,0.44753086419753085,0,-1,-1,secure-auth-850-twitter.com
26,26,0,1,3,0,3,0,0,0.5555555555555556,0.4256410256410256,0,-1,-1,secure-auth-255-paypal.com
13,13,0,1,0,0,0,0,0,0.5217391304347826,0.6837606837606837,0,-1,-1,saleforce.com
15,15,0,2,1,0,0,0,0,0.5,0.6888888888888888,0,-1,-1,verify-ox.ac.uk
30,30,0,3,3,0,3,0,0,1.0,1.0,0,-1,-1,secure-auth-595-vtop.vit.ac.in
16,16,0,1,1,0,0,0,0,0.5384615384615384,0.7125,0,-1,-1,signin-apple.com
27,27,0,1,3,0,3,0,0,0.35,0.44753086419753085,0,-1,-1,secure-auth-629-twitter.com
28,28,0,1,3,0,3,0,0,0.3414634146341463,0.4543956043956044,0,-1,-1,secure-auth-241-citibank.com
25,25,0,1,3,0,3,0,0,0.4,0.4266666666666667,0,-1,-1,secure-auth-403-apple.com
10,10,0,1,0,0,0,0,0,0.9,0.9155555555555556,0,-1,-1,googoe.com
27,27,0,1,3,0,3,0,0,0.4,0.4703703703703703,0,-1,-1,secure-auth-950-dropbox.com
27,27,0,1,3,0,3,0,0,0.35,0.44753086419753085,0,-1,-1,secure-auth-859-netflix.com
14,14,0,3,0,0,0,0,0,0.8888888888888888,0.9333333333333333,0,-1,-1,vtop.vut.ac.in
27,27,0,1,3,0,3,0,0,0.35,0.44753086419753085,0,-1,-1,secure-auth-918-twitter.com
15,15,0,2,0,0,0,0,0,0.33333333333333337,0.5499999999999999,0,-1,-1,portal.azure.ml
27,27,0,1,3,0,3,0,0,0.35,0.44753086419753085,0,-1,-1,secure-auth-764-twitter.com
33,33,0,1,3,0,3,0,0,0.34782608695652173,0.5070707070707071,0,-1,-1,secure-auth-988-bankofamerica.com
23,23,0,1,3,0,3,0,0,0.2777777777777778,0.5246376811594203,0,-1,-1,secure-auth-218-zoom.us
29,29,0,1,3,0,3,0,0,0.6190476190476191,0.45042314007831247,0,-1,-1,secure-auth-349-microsoft.com
28,28,0,1,3,0,3,0,0,0.3414634146341463,0.4543956043956044,0,-1,-1,secure-auth-503-citibank.com
24,24,0,1,3,0,3,0,0,0.3783783783783784,0.5662393162393162,0,-1,-1,secure-auth-525-hsbc.com
5,5,0,1,0,0,0,0,0,0.4,0.6333333333333333,0,-1,-1,ox.cc
27,27,0,1,3,0,3,0,0,0.19999999999999996,0.4246913580246914,0,-1,-1,secure-auth-183-harvard.edu
29,29,0,1,3,0,3,0,0,0.38095238095238093,0.509323116219668,0,-1,-1,secure-auth-502-instagram.com
24,24,0,1,3,0,3,0,0,0.3783783783783784,0.5662393162393162,0,-1,-1,secure-auth-519-hsbc.com
28,28,0,1,3,0,3,0,0,0.24390243902439024,0.469047619047619,0,-1,-1,secure-auth-188-stanford.edu
23,23,0,1,3,0,3,0,0,0.2777777777777778,0.5246376811594203,0,-1,-1,secure-auth-496-zoom.us
27,27,0,1,3,0,3,0,0,0.4,0.4703703703703703,0,-1,-1,secure-auth-437-dropbox.com
27,27,0,1,3,0,3,0,0,0.44999999999999996,0.4703703703703703,0,-1,-1,secure-auth-342-spotify.com
21,21,0,1,1,0,0,0,0,0.4117647058823529,0.6328856328856328,0,-1,-1,salesforce-verify.com
11,11,0,1,0,0,0,0,0,0.5714285714285714,0.7151515151515152,0,-1,-1,lnkedin.com
24,24,0,1,3,0,3,0,0,0.3783783783783784,0.5662393162393162,0,-1,-1,secure-auth-693-hsbc.com
18,18,0,1,1,0,0,0,0,0.2222222222222222,0.48888888888888893,0,-1,-1,harvard-verify.edu
25,25,0,1,3,0,3,0,0,0.368421052631579,0.4615384615384615,0,-1,-1,secure-auth-990-slack.com
11,11,0,1,0,0,0,0,0,0.5833333333333333,0.7257187257187256,0,-1,-1,spotifg.com
25,25,0,1,3,0,3,0,0,0.368421052631579,0.47333333333333333,0,-1,-1,secure-auth-554-adobe.com
20,20,0,1,1,0,0,0,0,0.7878787878787878,0.9299999999999999,0,-1,-1,microsoft-update.com
23,23,0,1,3,0,3,0,0,0.2777777777777778,0.5246376811594203,0,-1,-1,secure-auth-263-zoom.us
30,30,0,1,3,0,3,0,0,0.37209302325581395,0.48888888888888893,0,-1,-1,secure-auth-321-salesforce.com
17,17,0,1,0,0,0,0,0,0.4444444444444444,0.5703242835595778,0,-1,-1,bankofamercia.com
8,8,0,1,0,0,0,0,0,0.47058823529411764,0.5648148148148148,0,-1,-1,cam.info
33,33,0,1,3,0,3,0,0,0.34782608695652173,0.5070707070707071,0,-1,-1,secure-auth-306-bankofamerica.com
25,25,0,1,3,0,3,0,0,0.4,0.4266666666666667,0,-1,-1,secure-auth-225-apple.com
14,14,0,1,0,0,0,0,0,0.5,0.6039377289377289,0,-1,-1,wdllsfargo.com
7,7,0,1,0,0,0,0,0,0.3529411764705882,0.5761904761904763,0,-1,-1,zomo.us
8,8,0,1,0,0,0,0,0,0.5555555555555556,0.6416666666666667,0,-1,-1,hsgc.com
17,17,0,1,0,0,0,0,0,0.4444444444444444,0.5703242835595778,0,-1,-1,bankofameruca.com
16,16,0,1,1,0,0,0,0,0.4137931034482759,0.6110347985347985,0,-1,-1,netflix-auth.com
27,27,0,1,3,0,3,0,0,0.35,0.44753086419753085,0,-1,-1,secure-auth-339-netflix.com
29,29,0,1,3,0,3,0,0,0.38095238095238093,0.509323116219668,0,-1,-1,secure-auth-354-instagram.com
25,25,0,1,3,0,3,0,0,0.368421052631579,0.47333333333333333,0,-1,-1,secure-auth-209-adobe.com
27,27,0,1,3,0,3,0,0,0.19999999999999996,0.4246913580246914,0,-1,-1,secure-auth-750-harvard.edu
10,10,0,1,0,0,1,0,0,0.6,0.7333333333333334,0,-1,-1,amaz0n.com
25,25,0,1,3,0,3,0,0,0.368421052631579,0.4615384615384615,0,-1,-1,secure-auth-885-chase.com
19,19,0,1,1,0,0,0,0,0.4375,0.6479232268705952,0,-1,-1,wellsfargo-auth.com
14,14,0,1,0,0,1,0,0,0.5,0.6206349206349207,0,-1,-1,salesf0rce.com
30,30,0,1,3,0,3,0,0,0.37209302325581395,0.48888888888888893,0,-1,-1,secure-auth-206-salesforce.com
27,27,0,1,3,0,3,0,0,0.35,0.44753086419753085,0,-1,-1,secure-auth-878-twitter.com
25,25,0,2,3,0,3,0,0,0.2941176470588235,0.47333333333333333,0,-1,-1,secure-auth-807-cam.ac.uk
24,24,0,1,3,0,3,0,0,0.3783783783783784,0.5662393162393162,0,-1,-1,secure-auth-489-hsbc.com
26,26,0,1,3,0,3,0,0,0.3589743589743589,0.452991452991453,0,-1,-1,secure-auth-905-amazon.com
27,27,0,1,3,0,3,0,0,0.44999999999999996,0.4703703703703703,0,-1,-1,secure-auth-451-spotify.com
25,25,0,1,3,0,3,0,0,0.368421052631579,0.4615384615384615,0,-1,-1,secure-auth-262-slack.com
17,17,0,1,1,0,0,0,0,0.4666666666666667,0.653657616892911,0,-1,-1,amazon-secure.com
24,24,0,1,3,0,3,0,0,0.3783783783783784,0.5662393162393162,0,-1,-1,secure-auth-170-hsbc.com
25,25,0,1,3,0,3,0,0,0.368421052631579,0.4615384615384615,0,-1,-1,secure-auth-337-slack.com
23,23,0,1,3,0,3,0,0,0.2222222222222222,0.47681159420289854,0,-1,-1,secure-auth-918-mit.edu
27,27,0,1,3,0,3,0,0,0.19999999999999996,0.4246913580246914,0,-1,-1,secure-auth-962-harvard.edu
30,30,0,1,3,0,3,0,0,0.37209302325581395,0.48888888888888893,0,-1,-1,secure-auth-519-salesforce.com
26,26,0,1,3,0,3,0,0,0.3589743589743589,0.44943019943019946,0,-1,-1,secure-auth-859-github.com
33,33,0,1,3,0,3,0,0,0.34782608695652173,0.5070707070707071,0,-1,-1,secure-auth-751-bankofamerica.com
27,27,0,1,3,0,3,0,0,0.4,0.4703703703703703,0,-1,-1,secure-auth-797-dropbox.com
28,28,0,1,3,0,3,0,0,0.3414634146341463,0.5113756613756614,0,-1,-1,secure-auth-964-linkedin.com
10,10,0,1,0,0,0,0,0,0.5217391304347826,0.6666666666666666,0,-1,-1,gitjub.com
25,25,0,1,3,0,3,0,0,0.4,0.4266666666666667,0,-1,-1,secure-auth-114-apple.com
18,18,0,1,3,0,0,0,0,0.5161290322580645,0.6866096866096866,1,-1,-1,xn--drobox-drf.com
10,10,0,1,0,0,0,0,0,0.6,0.6222222222222222,0,-1,-1,amazom.com
26,26,0,1,3,0,3,0,0,0.5555555555555556,0.4256410256410256,0,-1,-1,secure-auth-666-paypal.com
9,9,0,1,0,0,0,0,0,0.5263157894736843,0.6851851851851851,0,-1,-1,chaee.com
14,14,0,3,0,0,0,0,0,0.8888888888888888,0.9333333333333333,0,-1,-1,vtop.vjt.ac.in
13,13,0,1,0,0,0,0,0,0.5217391304347826,0.5970695970695971,0,-1,-1,unstagram.com
27,27,0,1,3,0,3,0,0,0.35,0.44753086419753085,0,-1,-1,secure-auth-360-netflix.com
27,27,0,1,3,0,3,0,0,0.35,0.44753086419753085,0,-1,-1,secure-auth-561-netflix.com
27,27,0,1,3,0,3,0,0,0.19999999999999996,0.4246913580246914,0,-1,-1,secure-auth-574-harvard.edu
10,10,0,1,0,0,0,0,0,0.5217391304347826,0.6666666666666666,0,-1,-1,dropbx.com
25,25,0,2,3,0,3,0,0,0.2941176470588235,0.47333333333333333,0,-1,-1,secure-auth-400-cam.ac.uk
24,24,0,1,3,0,3,0,0,0.3783783783783784,0.5662393162393162,0,-1,-1,secure-auth-199-hsbc.com
28,28,0,1,3,0,3,0,0,0.3414634146341463,0.5113756613756614,0,-1,-1,secure-auth-779-linkedin.com
12,12,0,1,0,0,0,0,0,0.5454545454545454,0.7000000000000001,0,-1,-1,lijkedin.com
29,29,0,1,3,0,3,0,0,0.38095238095238093,0.509323116219668,0,-1,-1,secure-auth-982-instagram.com
26,26,0,1,3,0,3,0,0,0.5555555555555556,0.47179487179487173,0,-1,-1,secure-auth-214-google.com
27,27,0,1,3,0,3,0,0,0.44999999999999996,0.4703703703703703,0,-1,-1,secure-auth-689-spotify.com
7,7,0,1,0,0,0,0,0,0.30000000000000004,0.5026455026455027,0,-1,-1,miy.edu
25,25,0,1,3,0,3,0,0,0.368421052631579,0.4615384615384615,0,-1,-1,secure-auth-827-chase.com
28,28,0,1,3,0,3,0,0,0.3902439024390244,0.5009157509157509,0,-1,-1,secure-auth-994-facebook.com
27,27,0,1,3,0,3,0,0,0.35,0.44753086419753085,0,-1,-1,secure-auth-503-twitter.com
24,24,0,2,3,0,3,0,0,0.303030303030303,0.5148046398046398,0,-1,-1,secure-auth-371-ox.ac.uk
27,27,0,1,3,0,3,0,0,0.35,0.44753086419753085,0,-1,-1,secure-auth-632-twitter.com
25,25,0,2,3,0,3,0,0,0.2941176470588235,0.47333333333333333,0,-1,-1,secure-auth-423-cam.ac.uk
16,16,0,1,1,0,0,0,0,0.5517241379310345,0.714565527065527,0,-1,-1,hsbc-support.com
28,28,0,1,3,0,3,0,0,0.3902439024390244,0.5009157509157509,0,-1,-1,secure-auth-987-facebook.com
27,27,0,1,3,0,3,0,0,0.35,0.44753086419753085,0,-1,-1,secure-auth-123-twitter.com
21,21,0,1,3,0,1,0,0,0.3870967741935484,0.6818070818070817,1,-1,-1,xn--saleforce-o9h.com
27,27,0,1,3,0,3,0,0,0.4,0.4703703703703703,0,-1,-1,secure-auth-352-dropbox.com
33,33,0,1,3,0,3,0,0,0.34782608695652173,0.5070707070707071,0,-1,-1,secure-auth-730-bankofamerica.com
27,27,0,1,3,0,3,0,0,0.4,0.4703703703703703,0,-1,-1,secure-auth-803-dropbox.com
9,9,0,1,0,0,0,0,0,0.5454545454545454,0.6851851851851851,0,-1,-1,chzse.com
25,25,0,1,3,0,3,0,0,0.368421052631579,0.4615384615384615,0,-1,-1,secure-auth-191-chase.com
27,27,0,1,3,0,3,0,0,0.4,0.4703703703703703,0,-1,-1,secure-auth-554-dropbox.com
19,19,0,1,1,0,0,0,0,0.4375,0.6985155195681512,0,-1,-1,salesforce-auth.com
18,18,0,1,3,0,0,0,0,0.4285714285714286,0.6032763532763533,1,-1,-1,xn--potify-hvf.com
26,26,0,1,3,0,3,0,0,0.3589743589743589,0.44943019943019946,0,-1,-1,secure-auth-761-github.com
25,25,0,2,3,0,3,0,0,0.2941176470588235,0.47333333333333333,0,-1,-1,secure-auth-432-cam.ac.uk
14,14,0,1,0,0,0,0,0,0.5,0.6206349206349207,0,-1,-1,salesflrce.com
19,19,0,1,3,0,0,0,0,0.4375,0.5880084827453248,1,-1,-1,xn--facebok-fjg.com
17,17,0,1,1,0,0,0,0,0.7407407407407407,0.8976470588235295,0,-1,-1,paypal-secure.com
28,28,0,1,3,0,3,0,0,0.3414634146341463,0.4543956043956044,0,-1,-1,secure-auth-875-citibank.com
23,23,0,1,3,0,3,0,0,0.2777777777777778,0.5246376811594203,0,-1,-1,secure-auth-170-zoom.us
25,25,0,2,3,0,3,0,0,0.2941176470588235,0.47333333333333333,0,-1,-1,secure-auth-669-cam.ac.uk
23,23,0,1,3,0,3,0,0,0.2777777777777778,0.5246376811594203,0,-1,-1,secure-auth-591-zoom.us
29,29,0,1,3,0,3,0,0,0.38095238095238093,0.509323116219668,0,-1,-1,secure-auth-134-instagram.com
24,24,0,1,3,0,2,0,0,0.3783783783783784,0.5245726495726496,1,-1,-1,xn--bankofmerica-29j.com
28,28,0,1,3,0,3,0,0,0.3414634146341463,0.4543956043956044,0,-1,-1,secure-auth-344-citibank.com
33,33,0,1,3,0,3,0,0,0.34782608695652173,0.5070707070707071,0,-1,-1,secure-auth-326-bankofamerica.com
30,30,0,3,3,0,3,0,0,1.0,1.0,0,-1,-1,secure-auth-981-vtop.vit.ac.in
32,32,0,2,3,0,3,0,0,0.5263157894736843,0.6851851851851851,0,-1,-1,secure-auth-975-portal.azure.com
23,23,0,1,3,0,3,0,0,0.2222222222222222,0.47681159420289854,0,-1,-1,secure-auth-606-mit.edu
24,24,0,2,3,0,3,0,0,0.303030303030303,0.5148046398046398,0,-1,-1,secure-auth-156-ox.ac.uk
26,26,0,1,3,0,3,0,0,0.3589743589743589,0.452991452991453,0,-1,-1,secure-auth-506-amazon.com
25,25,0,2,3,0,3,0,0,0.2941176470588235,0.47333333333333333,0,-1,-1,secure-auth-751-cam.ac.uk
14,14,0,1,0,0,0,0,0,0.5,0.638095238095238,0,-1,-1,qellsfargo.com
25,25,0,1,3,0,3,0,0,0.368421052631579,0.4615384615384615,0,-1,-1,secure-auth-725-slack.com
27,27,0,1,3,0,3,0,0,0.35,0.44753086419753085,0,-1,-1,secure-auth-537-twitter.com
29,29,0,1,3,0,3,0,0,0.38095238095238093,0.509323116219668,0,-1,-1,secure-auth-743-instagram.com
29,29,0,1,3,0,3,0,0,0.6190476190476191,0.45042314007831247,0,-1,-1,secure-auth-624-microsoft.com
12,12,0,1,0,0,0,0,0,0.48,0.638888888888889,0,-1,-1,linksdin.com
28,28,0,1,3,0,3,0,0,0.24390243902439024,0.469047619047619,0,-1,-1,secure-auth-822-stanford.edu
10,10,0,1,0,0,0,0,0,0.9,0.8962962962962964,0,-1,-1,foogle.com
28,28,0,1,3,0,3,0,0,0.3414634146341463,0.5113756613756614,0,-1,-1,secure-auth-328-linkedin.com
25,25,0,1,3,0,3,0,0,0.368421052631579,0.4615384615384615,0,-1,-1,secure-auth-500-slack.com
27,27,0,1,3,0,3,0,0,0.35,0.44753086419753085,0,-1,-1,secure-auth-160-twitter.com
11,11,0,1,0,0,0,0,0,0.7619047619047619,0.9054545454545454,0,-1,-1,google.info
26,26,0,1,3,0,3,0,0,0.5555555555555556,0.47179487179487173,0,-1,-1,secure-auth-114-google.com
25,25,0,1,3,0,3,0,0,0.368421052631579,0.47333333333333333,0,-1,-1,secure-auth-129-adobe.com
26,26,0,1,3,0,3,0,0,0.3589743589743589,0.452991452991453,0,-1,-1,secure-auth-631-amazon.com
30,30,0,1,3,0,3,0,0,0.37209302325581395,0.44273504273504277,0,-1,-1,secure-auth-799-wellsfargo.com
28,28,0,1,3,0,3,0,0,0.368421052631579,0.4543956043956044,0,-1,-1,secure-auth-654-barclays.com
30,30,0,3,3,0,3,0,0,1.0,1.0,0,-1,-1,secure-auth-412-vtop.vit.ac.in
26,26,0,1,3,0,3,0,0,0.3589743589743589,0.452991452991453,0,-1,-1,secure-auth-675-amazon.com
27,27,0,1,3,0,3,0,0,0.35,0.44753086419753085,0,-1,-1,secure-auth-572-twitter.com
13,13,0,1,0,0,0,0,0,0.4545454545454546,0.6467236467236467,0,-1,-1,instagram.biz
11,11,0,1,0,0,0,0,0,0.5833333333333333,0.724941724941725,0,-1,-1,droobox.com
28,28,0,1,3,0,3,0,0,0.3414634146341463,0.4543956043956044,0,-1,-1,secure-auth-361-citibank.com
30,30,0,1,3,0,3,0,0,0.37209302325581395,0.44273504273504277,0,-1,-1,secure-auth-572-wellsfargo.com
29,29,0,1,3,0,3,0,0,0.6190476190476191,0.45042314007831247,0,-1,-1,secure-auth-291-microsoft.com
11,11,0,1,0,0,0,0,0,0.5833333333333333,0.7151515151515152,0,-1,-1,spotufy.com
24,24,0,1,3,0,3,0,0,0.3783783783783784,0.5662393162393162,0,-1,-1,secure-auth-459-hsbc.com
10,10,0,1,0,0,0,0,0,0.4347826086956522,0.6509157509157509,0,-1,-1,spotify.ml
25,25,0,1,3,0,3,0,0,0.4,0.4266666666666667,0,-1,-1,secure-auth-556-apple.com
16,16,0,2,1,0,0,0,0,0.3448275862068966,0.48148148148148145,0,-1,-1,cam-secure.ac.uk
10,10,0,1,0,0,0,0,0,0.6086956521739131,0.7333333333333334,0,-1,-1,ropbox.com
12,12,0,1,0,0,0,0,0,0.4,0.5925925925925926,0,-1,-1,instagram.ml
13,13,0,1,0,0,0,0,0,0.9230769230769231,0.9641025641025641,0,-1,-1,miceosoft.com
17,17,0,1,0,0,0,0,0,0.4666666666666667,0.5703242835595778,0,-1,-1,bankofamreica.com
26,26,0,1,3,0,3,0,0,0.5555555555555556,0.47179487179487173,0,-1,-1,secure-auth-374-google.com
17,17,0,1,0,0,0,0,0,0.33333333333333337,0.5703242835595778,0,-1,-1,bankofamerica.top
32,32,0,2,3,0,3,0,0,0.5263157894736843,0.6851851851851851,0,-1,-1,secure-auth-539-portal.azure.com
27,27,0,1,3,0,3,0,0,0.44999999999999996,0.4703703703703703,0,-1,-1,secure-auth-144-spotify.com
16,16,0,1,1,0,0,0,0,0.46153846153846156,0.6217948717948718,0,-1,-1,verify-adobe.com
11,11,0,1,0,0,0,0,0,0.5,0.6558857808857809,0,-1,-1,tsitter.com
27,27,0,1,3,0,3,0,0,0.4,0.4703703703703703,0,-1,-1,secure-auth-820-dropbox.com
28,28,0,1,3,0,3,0,0,0.368421052631579,0.4543956043956044,0,-1,-1,secure-auth-381-barclays.com
10,10,0,1,0,0,0,0,0,0.9,0.9466666666666665,0,-1,-1,patpal.com
16,16,0,2,0,0,0,0,0,0.631578947368421,0.7555555555555555,0,-1,-1,portal.aaure.com
10,10,0,1,0,0,0,0,0,0.5217391304347826,0.6666666666666666,0,-1,-1,githbu.com
26,26,0,1,3,0,3,0,0,0.3589743589743589,0.44943019943019946,0,-1,-1,secure-auth-316-github.com
12,12,0,1,0,0,0,0,0,0.96,0.9846153846153847,0,-1,-1,microsof.com
25,25,0,2,3,0,3,0,0,0.2941176470588235,0.47333333333333333,0,-1,-1,secure-auth-872-cam.ac.uk
26,26,0,1,3,0,3,0,0,0.5555555555555556,0.4256410256410256,0,-1,-1,secure-auth-536-paypal.com
11,11,0,1,0,0,0,0,0,0.33333333333333337,0.5571095571095571,0,-1,-1,dropbox.biz
11,11,0,1,0,0,0,0,0,0.5833333333333333,0.7311688311688312,0,-1,-1,faceook.com
28,28,0,1,3,0,3,0,0,0.3414634146341463,0.5113756613756614,0,-1,-1,secure-auth-465-linkedin.com
15,15,0,2,1,0,0,0,0,0.75,0.8288888888888889,0,-1,-1,vit-login.ac.in
32,32,0,2,3,0,3,0,0,0.5263157894736843,0.6851851851851851,0,-1,-1,secure-auth-999-portal.azure.com
14,14,0,1,0,0,0,0,0,0.5,0.6672771672771672,0,-1,-1,salwsforce.com
17,17,0,2,1,0,0,0,0,0.4,0.6119909502262444,0,-1,-1,cam-support.ac.uk
23,23,0,1,3,0,3,0,0,0.2222222222222222,0.47681159420289854,0,-1,-1,secure-auth-459-mit.edu
25,25,0,1,3,0,3,0,0,0.368421052631579,0.4615384615384615,0,-1,-1,secure-auth-890-chase.com
11,11,0,1,0,0,0,0,0,0.19999999999999996,0.46060606060606063,0,-1,-1,netflix.xyz
16,16,0,2,1,0,0,0,0,0.72,0.8719907407407408,0,-1,-1,vit-secure.ac.in
28,28,0,1,3,0,3,0,0,0.3902439024390244,0.5009157509157509,0,-1,-1,secure-auth-306-facebook.com
32,32,0,2,3,0,3,0,0,0.5263157894736843,0.6851851851851851,0,-1,-1,secure-auth-769-portal.azure.com
28,28,0,1,3,0,3,0,0,0.368421052631579,0.4543956043956044,0,-1,-1,secure-auth-292-barclays.com
29,29,0,1,3,0,3,0,0,0.6190476190476191,0.45042314007831247,0,-1,-1,secure-auth-168-microsoft.com
16,16,0,1,3,0,1,0,0,0.3846153846153846,0.6041666666666666,1,-1,-1,xn--hase-k6d.com
9,9,0,1,0,0,0,0,0,0.631578947368421,0.7555555555555555,0,-1,-1,acobe.com
27,27,0,1,3,0,3,0,0,0.19999999999999996,0.4246913580246914,0,-1,-1,secure-auth-251-harvard.edu
25,25,0,1,3,0,3,0,0,0.368421052631579,0.4615384615384615,0,-1,-1,secure-auth-533-chase.com
33,33,0,1,3,0,3,0,0,0.34782608695652173,0.5070707070707071,0,-1,-1,secure-auth-306-bankofamerica.com
11,11,0,1,0,0,0,0,0,0.4,0.7094757094757095,0,-1,-1,citibank.cc
23,23,0,1,3,0,3,0,0,0.2222222222222222,0.47681159420289854,0,-1,-1,secure-auth-920-mit.edu
26,26,0,1,3,0,3,0,0,0.5555555555555556,0.47179487179487173,0,-1,-1,secure-auth-453-google.com
7,7,0,1,0,0,1,0,0,0.23529411764705888,0.49523809523809526,0,-1,-1,zo0m.us
25,25,0,1,3,0,3,0,0,0.368421052631579,0.4615384615384615,0,-1,-1,secure-auth-366-chase.com
24,24,0,1,3,0,3,0,0,0.3783783783783784,0.5662393162393162,0,-1,-1,secure-auth-315-hsbc.com
25,25,0,1,3,0,3,0,0,0.368421052631579,0.4615384615384615,0,-1,-1,secure-auth-176-chase.com
25,25,0,1,3,0,3,0,0,0.368421052631579,0.4615384615384615,0,-1,-1,secure-auth-248-slack.com
18,18,0,1,1,0,0,0,0,0.5714285714285714,0.6566951566951568,0,-1,-1,spotify-update.com
30,30,0,3,3,0,3,0,0,1.0,1.0,0,-1,-1,secure-auth-208-vtop.vit.ac.in
29,29,0,1,3,0,3,0,0,0.6190476190476191,0.45042314007831247,0,-1,-1,secure-auth-557-microsoft.com
26,26,0,1,3,0,3,0,0,0.5555555555555556,0.47179487179487173,0,-1,-1,secure-auth-187-google.com
27,27,0,1,3,0,3,0,0,0.35,0.44753086419753085,0,-1,-1,secure-auth-776-twitter.com
16,16,0,1,3,0,1,0,0,0.5384615384615384,0.6648809523809524,1,-1,-1,xn--aple-g6d.com
27,27,0,1,3,0,3,0,0,0.44999999999999996,0.4703703703703703,0,-1,-1,secure-auth-179-spotify.com
11,11,0,1,0,0,0,0,0,0.5714285714285714,0.7151515151515152,0,-1,-1,twigter.com
25,25,0,1,3,0,3,0,0,0.4,0.4266666666666667,0,-1,-1,secure-auth-137-apple.com
25,25,0,1,3,0,3,0,0,0.368421052631579,0.4615384615384615,0,-1,-1,secure-auth-585-slack.com
25,25,0,1,3,0,3,0,0,0.368421052631579,0.4615384615384615,0,-1,-1,secure-auth-932-chase.com
26,26,0,1,3,0,3,0,0,0.3589743589743589,0.452991452991453,0,-1,-1,secure-auth-209-amazon.com
17,17,0,1,0,0,0,0,0,0.4444444444444444,0.6119909502262444,0,-1,-1,bankofameriva.com
9,9,0,1,0,0,0,0,0,0.33333333333333337,0.5213675213675214,0,-1,-1,chase.biz
30,30,0,1,3,0,3,0,0,0.37209302325581395,0.48888888888888893,0,-1,-1,secure-auth-158-salesforce.com
25,25,0,1,3,0,3,0,0,0.368421052631579,0.47333333333333333,0,-1,-1,secure-auth-191-adobe.com
28,28,0,1,3,0,3,0,0,0.3902439024390244,0.5009157509157509,0,-1,-1,secure-auth-209-facebook.com
30,30,0,1,3,0,3,0,0,0.37209302325581395,0.48888888888888893,0,-1,-1,secure-auth-556-salesforce.com
25,25,0,1,3,0,3,0,0,0.368421052631579,0.47333333333333333,0,-1,-1,secure-auth-764-adobe.com
27,27,0,1,3,0,3,0,0,0.44999999999999996,0.4703703703703703,0,-1,-1,secure-auth-231-spotify.com
25,25,0,1,3,0,3,0,0,0.4,0.4266666666666667,0,-1,-1,secure-auth-607-apple.com
26,26,0,1,3,0,3,0,0,0.3589743589743589,0.452991452991453,0,-1,-1,secure-auth-986-amazon.com
28,28,0,1,3,0,3,0,0,0.3414634146341463,0.5113756613756614,0,-1,-1,secure-auth-233-linkedin.com
30,30,0,1,3,0,3,0,0,0.37209302325581395,0.48888888888888893,0,-1,-1,secure-auth-676-salesforce.com
9,9,0,1,0,0,0,0,0,0.5263157894736843,0.6851851851851851,0,-1,-1,xhase.com
25,25,0,1,3,0,3,0,0,0.4,0.4266666666666667,0,-1,-1,secure-auth-987-apple.com
27,27,0,1,3,0,3,0,0,0.19999999999999996,0.4246913580246914,0,-1,-1,secure-auth-193-harvard.edu
11,11,0,1,0,0,0,0,0,0.5833333333333333,0.7151515151515152,0,-1,-1,spotidy.com
27,27,0,1,3,0,3,0,0,0.4,0.4703703703703703,0,-1,-1,secure-auth-609-dropbox.com
29,29,0,1,3,0,3,0,0,0.38095238095238093,0.509323116219668,0,-1,-1,secure-auth-366-instagram.com
30,30,0,1,3,0,3,0,0,0.37209302325581395,0.48888888888888893,0,-1,-1,secure-auth-774-salesforce.com
30,30,0,3,3,0,3,0,0,1.0,1.0,0,-1,-1,secure-auth-217-vtop.vit.ac.in
25,25,0,2,3,0,3,0,0,0.2941176470588235,0.47333333333333333,0,-1,-1,secure-auth-261-cam.ac.uk
12,12,0,1,0,0,0,0,0,0.31999999999999995,0.5337606837606838,0,-1,-1,stanofrd.edu
17,17,0,1,1,0,0,0,0,0.7407407407407407,0.9176470588235295,0,-1,-1,google-signin.com
26,26,0,1,3,0,3,0,0,0.3589743589743589,0.452991452991453,0,-1,-1,secure-auth-213-amazon.com
18,18,0,1,1,0,0,0,0,0.3870967741935484,0.6486772486772486,0,-1,-1,netflix-signin.com
27,27,0,1,3,0,3,0,0,0.35,0.44753086419753085,0,-1,-1,secure-auth-113-netflix.com
33,33,0,1,3,0,3,0,0,0.34782608695652173,0.5070707070707071,0,-1,-1,secure-auth-913-bankofamerica.com
33,33,0,1,3,0,3,0,0,0.34782608695652173,0.5070707070707071,0,-1,-1,secure-auth-362-bankofamerica.com
26,26,0,1,3,0,3,0,0,0.5555555555555556,0.4256410256410256,0,-1,-1,secure-auth-478-paypal.com
29,29,0,1,3,0,3,0,0,0.6190476190476191,0.45042314007831247,0,-1,-1,secure-auth-647-microsoft.com
12,12,0,1,0,0,0,0,0,0.5454545454545454,0.7388888888888889,0,-1,-1,baeclays.com
30,30,0,3,3,0,3,0,0,1.0,1.0,0,-1,-1,secure-auth-404-vtop.vit.ac.in
17,17,0,1,1,0,0,0,0,0.5185185185185186,0.6563025210084034,0,-1,-1,auth-barclays.com
12,12,0,1,0,0,0,0,0,0.2857142857142857,0.5092592592592592,0,-1,-1,stanfrod.edu
25,25,0,1,3,0,3,0,0,0.368421052631579,0.4615384615384615,0,-1,-1,secure-auth-788-slack.com
26,26,0,1,3,0,3,0,0,0.3589743589743589,0.44943019943019946,0,-1,-1,secure-auth-668-github.com
26,26,0,1,3,0,3,0,0,0.5555555555555556,0.47179487179487173,0,-1,-1,secure-auth-537-google.com
28,28,0,1,3,0,3,0,0,0.3902439024390244,0.5009157509157509,0,-1,-1,secure-auth-138-facebook.com
26,26,0,1,3,0,3,0,0,0.3589743589743589,0.452991452991453,0,-1,-1,secure-auth-970-amazon.com
25,25,0,1,3,0,3,0,0,0.368421052631579,0.4615384615384615,0,-1,-1,secure-auth-924-slack.com
25,25,0,1,3,0,3,0,0,0.368421052631579,0.4615384615384615,0,-1,-1,secure-auth-169-chase.com
9,9,0,1,0,0,0,0,0,0.2727272727272727,0.5213675213675214,0,-1,-1,chase.xyz
29,29,0,1,3,0,3,0,0,0.6190476190476191,0.45042314007831247,0,-1,-1,secure-auth-435-microsoft.com
27,27,0,1,3,0,3,0,0,0.19999999999999996,0.4246913580246914,0,-1,-1,secure-auth-195-harvard.edu
32,32,0,2,3,0,3,0,0,0.5263157894736843,0.6851851851851851,0,-1,-1,secure-auth-358-portal.azure.com
10,10,0,1,0,0,0,0,0,0.34782608695652173,0.5444444444444444,0,-1,-1,github.top
11,11,0,1,0,0,0,0,0,0.5833333333333333,0.7311688311688312,0,-1,-1,faceboo.com
29,29,0,1,3,0,3,0,0,0.38095238095238093,0.509323116219668,0,-1,-1,secure-auth-981-instagram.com
21,21,0,1,1,0,0,0,0,0.4516129032258065,0.5126984126984128,0,-1,-1,update-wellsfargo.com
12,12,0,1,0,0,0,0,0,0.5454545454545454,0.7134920634920635,0,-1,-1,barclaus.com
23,23,0,1,3,0,3,0,0,0.2222222222222222,0.47681159420289854,0,-1,-1,secure-auth-512-mit.edu
27,27,0,1,3,0,3,0,0,0.19999999999999996,0.4246913580246914,0,-1,-1,secure-auth-642-harvard.edu
19,19,0,1,1,0,0,0,0,0.5517241379310345,0.5880084827453248,0,-1,-1,update-barclays.com
33,33,0,1,3,0,3,0,0,0.34782608695652173,0.5070707070707071,0,-1,-1,secure-auth-135-bankofamerica.com
16,16,0,2,0,0,0,0,0,0.5454545454545454,0.6851851851851851,0,-1,-1,portal.azire.com
28,28,0,1,3,0,3,0,0,0.368421052631579,0.4543956043956044,0,-1,-1,secure-auth-486-barclays.com
27,27,0,1,3,0,3,0,0,0.4,0.4703703703703703,0,-1,-1,secure-auth-899-dropbox.com
28,28,0,1,3,0,3,0,0,0.3902439024390244,0.5009157509157509,0,-1,-1,secure-auth-898-facebook.com
9,9,0,1,0,0,0,0,0,0.5454545454545454,0.6851851851851851,0,-1,-1,hcase.com
30,30,0,1,3,0,3,0,0,0.37209302325581395,0.44273504273504277,0,-1,-1,secure-auth-761-wellsfargo.com
11,11,0,1,0,0,0,0,0,0.30000000000000004,0.46060606060606063,0,-1,-1,hqrvard.edu
30,30,0,3,3,0,3,0,0,1.0,1.0,0,-1,-1,secure-auth-907-vtop.vit.ac.in
12,12,0,1,0,0,0,0,0,0.56,0.7072649572649573,0,-1,-1,facenook.com
27,27,0,1,3,0,3,0,0,0.35,0.44753086419753085,0,-1,-1,secure-auth-666-netflix.com
19,19,0,1,1,0,0,0,0,0.27586206896551724,0.5210526315789473,0,-1,-1,support-harvard.edu
23,23,0,1,3,0,3,0,0,0.2222222222222222,0.47681159420289854,0,-1,-1,secure-auth-186-mit.edu
28,28,0,1,3,0,3,0,0,0.3414634146341463,0.5113756613756614,0,-1,-1,secure-auth-696-linkedin.com
26,26,0,1,3,0,3,0,0,0.3589743589743589,0.452991452991453,0,-1,-1,secure-auth-931-amazon.com
30,30,0,1,3,0,3,0,0,0.37209302325581395,0.48888888888888893,0,-1,-1,secure-auth-385-salesforce.com
16,16,0,2,0,0,0,0,0,0.5263157894736843,0.6851851851851851,0,-1,-1,portal.qzure.com
24,24,0,2,3,0,3,0,0,0.303030303030303,0.5148046398046398,0,-1,-1,secure-auth-338-ox.ac.uk
16,16,0,1,1,0,0,0,0,0.5384615384615384,0.7525,0,-1,-1,portal-slack.com
27,27,0,1,3,0,3,0,0,0.44999999999999996,0.4703703703703703,0,-1,-1,secure-auth-148-spotify.com
25,25,0,1,3,0,3,0,0,0.368421052631579,0.4615384615384615,0,-1,-1,secure-auth-323-slack.com
9,9,0,1,0,0,0,0,0,0.5454545454545454,0.6851851851851851,0,-1,-1,adobs.com
23,23,0,1,3,0,3,0,0,0.2222222222222222,0.47681159420289854,0,-1,-1,secure-auth-177-mit.edu
28,28,0,1,3,0,3,0,0,0.3414634146341463,0.5113756613756614,0,-1,-1,secure-auth-624-linkedin.com
16,16,0,1,1,0,0,0,0,0.4137931034482759,0.6110347985347985,0,-1,-1,slack-signin.com
27,27,0,1,3,0,3,0,0,0.35,0.44753086419753085,0,-1,-1,secure-auth-999-twitter.com
14,14,0,1,0,0,0,0,0,0.34782608695652173,0.5767195767195767,0,-1,-1,salesforce.net
30,30,0,1,3,0,3,0,0,0.37209302325581395,0.44273504273504277,0,-1,-1,secure-auth-352-wellsfargo.com
18,18,0,1,1,0,0,0,0,0.7142857142857143,0.7185185185185184,0,-1,-1,account-google.com
20,20,0,1,1,0,0,0,0,0.5333333333333333,0.6400284900284899,0,-1,-1,wellsfargo-login.com
25,25,0,1,3,0,3,0,0,0.368421052631579,0.4615384615384615,0,-1,-1,secure-auth-953-slack.com
20,20,0,1,1,0,0,0,0,0.2666666666666667,0.5342490842490842,0,-1,-1,support-stanford.edu
21,21,0,1,1,0,0,0,0,0.5161290322580645,0.7293817293817294,0,-1,-1,salesforce-portal.com
33,33,0,1,3,0,3,0,0,0.34782608695652173,0.5070707070707071,0,-1,-1,secure-auth-230-bankofamerica.com
27,27,0,1,3,0,3,0,0,0.19999999999999996,0.4246913580246914,0,-1,-1,secure-auth-441-harvard.edu
27,27,0,1,3,0,3,0,0,0.44999999999999996,0.4703703703703703,0,-1,-1,secure-auth-360-spotify.com
28,28,0,1,3,0,3,0,0,0.3902439024390244,0.5009157509157509,0,-1,-1,secure-auth-609-facebook.com
9,9,0,1,0,0,0,0,0,0.631578947368421,0.7555555555555555,0,-1,-1,afobe.com
26,26,0,1,3,0,3,0,0,0.3589743589743589,0.452991452991453,0,-1,-1,secure-auth-322-amazon.com
27,27,0,1,3,0,3,0,0,0.44999999999999996,0.4703703703703703,0,-1,-1,secure-auth-334-spotify.com
11,11,0,1,0,0,0,0,0,0.5714285714285714,0.6595959595959596,0,-1,-1,drppbox.com
28,28,0,1,3,0,3,0,0,0.3414634146341463,0.4543956043956044,0,-1,-1,secure-auth-700-citibank.com
23,23,0,1,3,0,3,0,0,0.2222222222222222,0.47681159420289854,0,-1,-1,secure-auth-550-mit.edu
10,10,0,1,0,0,0,0,0,0.6086956521739131,0.6801282051282053,0,-1,-1,sotify.com
25,25,0,1,3,0,3,0,0,0.4,0.4266666666666667,0,-1,-1,secure-auth-148-apple.com
30,30,0,1,3,0,3,0,0,0.37209302325581395,0.44273504273504277,0,-1,-1,secure-auth-588-wellsfargo.com
25,25,0,2,3,0,3,0,0,0.2941176470588235,0.47333333333333333,0,-1,-1,secure-auth-961-cam.ac.uk
23,23,0,1,3,0,3,0,0,0.2222222222222222,0.47681159420289854,0,-1,-1,secure-auth-949-mit.edu
27,27,0,1,3,0,3,0,0,0.4,0.4703703703703703,0,-1,-1,secure-auth-925-dropbox.com
26,26,0,1,3,0,3,0,0,0.5555555555555556,0.4256410256410256,0,-1,-1,secure-auth-500-paypal.com
26,26,0,1,3,0,3,0,0,0.3589743589743589,0.44943019943019946,0,-1,-1,secure-auth-291-github.com
30,30,0,1,3,0,3,0,0,0.37209302325581395,0.44273504273504277,0,-1,-1,secure-auth-608-wellsfargo.com
6,6,0,1,0,0,0,0,0,0.375,0.6,0,-1,-1,zoo.us
28,28,0,1,3,0,3,0,0,0.3414634146341463,0.5113756613756614,0,-1,-1,secure-auth-940-linkedin.com
23,23,0,1,3,0,3,0,0,0.2777777777777778,0.5246376811594203,0,-1,-1,secure-auth-331-zoom.us
29,29,0,1,3,0,3,0,0,0.6190476190476191,0.45042314007831247,0,-1,-1,secure-auth-680-microsoft.com
25,25,0,1,3,0,3,0,0,0.4,0.4266666666666667,0,-1,-1,secure-auth-225-apple.com
10,10,0,1,0,0,0,0,0,0.5217391304347826,0.6148148148148148,0,-1,-1,fithub.com
11,11,0,1,0,0,0,0,0,0.5833333333333333,0.7311688311688312,0,-1,-1,acebook.com
28,28,0,1,3,0,3,0,0,0.3414634146341463,0.4543956043956044,0,-1,-1,secure-auth-652-citibank.com
12,12,0,1,0,0,0,0,0,0.48,0.638888888888889,0,-1,-1,citibahk.com
28,28,0,1,3,0,3,0,0,0.368421052631579,0.4543956043956044,0,-1,-1,secure-auth-977-barclays.com
28,28,0,1,3,0,3,0,0,0.3414634146341463,0.5113756613756614,0,-1,-1,secure-auth-298-linkedin.com
12,12,0,1,0,0,0,0,0,0.2857142857142857,0.46709401709401704,0,-1,-1,stabford.edu
26,26,0,1,3,0,3,0,0,0.3589743589743589,0.452991452991453,0,-1,-1,secure-auth-670-amazon.com
30,30,0,1,3,0,3,0,0,0.37209302325581395,0.44273504273504277,0,-1,-1,secure-auth-733-wellsfargo.com
8,8,0,1,0,0,0,0,0,0.47619047619047616,0.6333333333333333,0,-1,-1,chase.co
28,28,0,1,3,0,3,0,0,0.24390243902439024,0.469047619047619,0,-1,-1,secure-auth-384-stanford.edu
26,26,0,1,3,0,3,0,0,0.3589743589743589,0.44943019943019946,0,-1,-1,secure-auth-813-github.com
26,26,0,1,3,0,3,0,0,0.3589743589743589,0.452991452991453,0,-1,-1,secure-auth-343-amazon.com
25,25,0,1,3,0,3,0,0,0.368421052631579,0.4615384615384615,0,-1,-1,secure-auth-890-slack.com
8,8,0,1,0,0,0,0,0,0.4444444444444444,0.5750000000000001,0,-1,-1,adobe.ml
30,30,0,1,3,0,3,0,0,0.37209302325581395,0.44273504273504277,0,-1,-1,secure-auth-807-wellsfargo.com
30,30,0,1,3,0,3,0,0,0.37209302325581395,0.44273504273504277,0,-1,-1,secure-auth-619-wellsfargo.com
10,10,0,1,0,0,0,0,0,0.5263157894736843,0.6851851851851851,0,-1,-1,vithub.com
18,18,0,1,3,0,1,0,0,0.4516129032258065,0.6032763532763533,1,-1,-1,xn--ntflix-3of.com
28,28,0,1,3,0,3,0,0,0.3414634146341463,0.5113756613756614,0,-1,-1,secure-auth-140-linkedin.com
28,28,0,1,3,0,3,0,0,0.3414634146341463,0.5113756613756614,0,-1,-1,secure-auth-483-linkedin.com
25,25,0,1,3,0,3,0,0,0.368421052631579,0.47333333333333333,0,-1,-1,secure-auth-841-adobe.com
25,25,0,1,3,0,3,0,0,0.368421052631579,0.47333333333333333,0,-1,-1,secure-auth-884-adobe.com
25,25,0,1,3,0,3,0,0,0.368421052631579,0.4615384615384615,0,-1,-1,secure-auth-566-slack.com
8,8,0,1,0,0,0,0,0,0.5555555555555556,0.7277777777777779,0,-1,-1,apple.cc
28,28,0,1,3,0,3,0,0,0.368421052631579,0.4543956043956044,0,-1,-1,secure-auth-443-barclays.com
28,28,0,1,3,0,3,0,0,0.3902439024390244,0.5009157509157509,0,-1,-1,secure-auth-251-facebook.com
23,23,0,1,3,0,3,0,0,0.2222222222222222,0.47681159420289854,0,-1,-1,secure-auth-377-mit.edu
25,25,0,2,3,0,3,0,0,0.2941176470588235,0.47333333333333333,0,-1,-1,secure-auth-449-cam.ac.uk
30,30,0,1,3,0,3,0,0,0.37209302325581395,0.48888888888888893,0,-1,-1,secure-auth-413-salesforce.com
21,21,0,1,3,0,2,0,0,0.3529411764705882,0.5763125763125764,1,-1,-1,xn--wellsfarg-82h.com
27,27,0,1,3,0,3,0,0,0.44999999999999996,0.4703703703703703,0,-1,-1,secure-auth-900-spotify.com
33,33,0,1,3,0,3,0,0,0.34782608695652173,0.5070707070707071,0,-1,-1,secure-auth-219-bankofamerica.com
14,14,0,1,0,0,0,0,0,0.5,0.6456043956043956,0,-1,-1,salescorce.com
30,30,0,3,3,0,3,0,0,1.0,1.0,0,-1,-1,secure-auth-130-vtop.vit.ac.in
24,24,0,1,3,0,3,0,0,0.3783783783783784,0.5662393162393162,0,-1,-1,secure-auth-256-hsbc.com
21,21,0,3,3,0,0,0,0,0.64,0.6296296296296297,1,-1,-1,vtop.xn--vt-hoc.ac.in
28,28,0,1,3,0,3,0,0,0.368421052631579,0.4543956043956044,0,-1,-1,secure-auth-108-barclays.com
29,29,0,1,3,0,3,0,0,0.6190476190476191,0.45042314007831247,0,-1,-1,secure-auth-876-microsoft.com
26,26,0,1,3,0,3,0,0,0.3589743589743589,0.44943019943019946,0,-1,-1,secure-auth-442-github.com
30,30,0,1,3,0,3,0,0,0.37209302325581395,0.48888888888888893,0,-1,-1,secure-auth-813-salesforce.com
11,11,0,1,0,0,0,0,0,0.5714285714285714,0.8007575757575758,0,-1,-1,arclays.com
24,24,0,1,3,0,3,0,0,0.3783783783783784,0.5662393162393162,0,-1,-1,secure-auth-981-hsbc.com
25,25,0,1,3,0,3,0,0,0.368421052631579,0.4615384615384615,0,-1,-1,secure-auth-260-slack.com
27,27,0,1,3,0,3,0,0,0.44999999999999996,0.4703703703703703,0,-1,-1,secure-auth-615-spotify.com
30,30,0,1,3,0,3,0,0,0.37209302325581395,0.44273504273504277,0,-1,-1,secure-auth-337-wellsfargo.com
16,16,0,1,1,0,0,0,0,0.5384615384615384,0.6648809523809524,0,-1,-1,update-adobe.com
25,25,0,1,3,0,3,0,0,0.4,0.4266666666666667,0,-1,-1,secure-auth-386-apple.com
25,25,0,1,3,0,3,0,0,0.368421052631579,0.47333333333333333,0,-1,-1,secure-auth-830-adobe.com
27,27,0,1,3,0,3,0,0,0.19999999999999996,0.4246913580246914,0,-1,-1,secure-auth-293-harvard.edu
8,8,0,1,0,0,0,0,0,0.5555555555555556,0.7083333333333334,0,-1,-1,lack.com
28,28,0,1,3,0,3,0,0,0.3414634146341463,0.4543956043956044,0,-1,-1,secure-auth-809-citibank.com
26,26,0,1,3,0,3,0,0,0.5555555555555556,0.47179487179487173,0,-1,-1,secure-auth-602-google.com
14,14,0,1,0,0,0,0,0,0.8888888888888888,0.8989621489621489,0,-1,-1,rnicrosoft.com
30,30,0,1,3,0,3,0,0,0.37209302325581395,0.48888888888888893,0,-1,-1,secure-auth-704-salesforce.com
25,25,0,1,3,0,3,0,0,0.368421052631579,0.4615384615384615,0,-1,-1,secure-auth-626-slack.com
27,27,0,1,3,0,3,0,0,0.35,0.44753086419753085,0,-1,-1,secure-auth-502-twitter.com
25,25,0,1,3,0,3,0,0,0.368421052631579,0.4615384615384615,0,-1,-1,secure-auth-753-chase.com
27,27,0,1,3,0,3,0,0,0.35,0.44753086419753085,0,-1,-1,secure-auth-707-twitter.com
24,24,0,1,3,0,1,0,0,0.3783783783783784,0.5245726495726496,1,-1,-1,xn--bnkofamerica-x9j.com
27,27,0,1,3,0,3,0,0,0.19999999999999996,0.4246913580246914,0,-1,-1,secure-auth-792-harvard.edu
13,13,0,1,0,0,0,0,0,0.5217391304347826,0.6837606837606837,0,-1,-1,salsforce.com
25,25,0,1,3,0,3,0,0,0.368421052631579,0.47333333333333333,0,-1,-1,secure-auth-652-adobe.com
23,23,0,1,3,0,3,0,0,0.2777777777777778,0.5246376811594203,0,-1,-1,secure-auth-938-zoom.us
17,17,0,1,1,0,0,0,0,0.5185185185185186,0.7151960784313726,0,-1,-1,login-twitter.com
32,32,0,2,3,0,3,0,0,0.5263157894736843,0.6851851851851851,0,-1,-1,secure-auth-946-portal.azure.com
26,26,0,1,3,0,3,0,0,0.3589743589743589,0.44943019943019946,0,-1,-1,secure-auth-802-github.com
11,11,0,1,0,0,0,0,0,0.47619047619047616,0.6515151515151515,0,-1,-1,twjtter.com
20,20,0,1,1,0,0,0,0,0.4666666666666667,0.6897435897435896,0,-1,-1,support-citibank.com
28,28,0,1,3,0,3,0,0,0.3414634146341463,0.4543956043956044,0,-1,-1,secure-auth-373-citibank.com
30,30,0,3,3,0,3,0,0,1.0,1.0,0,-1,-1,secure-auth-834-vtop.vit.ac.in
24,24,0,1,3,0,3,0,0,0.3783783783783784,0.5662393162393162,0,-1,-1,secure-auth-576-hsbc.com
30,30,0,1,3,0,3,0,0,0.37209302325581395,0.44273504273504277,0,-1,-1,secure-auth-184-wellsfargo.com
29,29,0,1,3,0,3,0,0,0.6190476190476191,0.45042314007831247,0,-1,-1,secure-auth-588-microsoft.com
12,12,0,1,0,0,0,0,0,0.31999999999999995,0.5337606837606838,0,-1,-1,stanfotd.edu
26,26,0,1,3,0,3,0,0,0.5555555555555556,0.47179487179487173,0,-1,-1,secure-auth-575-google.com
26,26,0,1,3,0,3,0,0,0.3589743589743589,0.452991452991453,0,-1,-1,secure-auth-998-amazon.com
33,33,0,1,3,0,3,0,0,0.34782608695652173,0.5070707070707071,0,-1,-1,secure-auth-987-bankofamerica.com
16,16,0,1,3,0,1,0,0,0.5384615384615384,0.7467592592592592,1,-1,-1,xn--appl-y4d.com
25,25,0,1,3,0,3,0,0,0.368421052631579,0.47333333333333333,0,-1,-1,secure-auth-662-adobe.com
33,33,0,1,3,0,3,0,0,0.34782608695652173,0.5070707070707071,0,-1,-1,secure-auth-342-bankofamerica.com
30,30,0,1,3,0,3,0,0,0.37209302325581395,0.44273504273504277,0,-1,-1,secure-auth-928-wellsfargo.com
28,28,0,1,3,0,3,0,0,0.3414634146341463,0.5113756613756614,0,-1,-1,secure-auth-774-linkedin.com
9,9,0,1,0,0,0,0,0,0.5454545454545454,0.6851851851851851,0,-1,-1,chasd.com
12,12,0,1,0,0,0,0,0,0.5454545454545454,0.7388888888888889,0,-1,-1,narclays.com
25,25,0,1,3,0,3,0,0,0.4,0.4266666666666667,0,-1,-1,secure-auth-551-apple.com
24,24,0,1,3,0,3,0,0,0.3783783783783784,0.5662393162393162,0,-1,-1,secure-auth-893-hsbc.com
10,10,0,1,0,0,0,0,0,0.5217391304347826,0.6666666666666666,0,-1,-1,titter.com
23,23,0,1,3,0,3,0,0,0.2777777777777778,0.5246376811594203,0,-1,-1,secure-auth-704-zoom.us
11,11,0,1,0,0,0,0,0,0.19999999999999996,0.46060606060606063,0,-1,-1,harvzrd.edu
30,30,0,1,3,0,3,0,0,0.37209302325581395,0.44273504273504277,0,-1,-1,secure-auth-893-wellsfargo.com
23,23,0,1,3,0,3,0,0,0.2777777777777778,0.5246376811594203,0,-1,-1,secure-auth-782-zoom.us
12,12,0,1,0,0,0,0,0,0.2857142857142857,0.5166666666666667,0,-1,-1,linkedin.biz
16,16,0,1,1,0,0,0,0,0.46153846153846156,0.6583333333333333,0,-1,-1,adobe-verify.com
19,19,0,1,3,0,0,0,0,0.4375,0.5924426450742241,1,-1,-1,xn--lnkedin-rog.com
10,10,0,1,0,0,0,0,0,0.6,0.76,0,-1,-1,githug.com
14,14,0,1,0,0,0,0,0,0.26086956521739135,0.5523809523809524,0,-1,-1,salesforce.xyz
24,24,0,2,3,0,3,0,0,0.303030303030303,0.5148046398046398,0,-1,-1,secure-auth-780-ox.ac.uk
26,26,0,1,3,0,3,0,0,0.5555555555555556,0.4256410256410256,0,-1,-1,secure-auth-265-paypal.com
30,30,0,1,3,0,3,0,0,0.37209302325581395,0.48888888888888893,0,-1,-1,secure-auth-145-salesforce.com
16,16,0,1,1,0,0,0,0,0.5517241379310345,0.7051282051282052,0,-1,-1,dropbox-auth.com
13,13,0,1,0,0,0,0,0,0.9230769230769231,0.9692307692307692,0,-1,-1,microeoft.com
25,25,0,1,3,0,3,0,0,0.368421052631579,0.47333333333333333,0,-1,-1,secure-auth-882-adobe.com
11,11,0,1,0,0,0,0,0,0.47619047619047616,0.6595959595959596,0,-1,-1,netrlix.com
13,13,0,1,0,0,0,0,0,0.5217391304347826,0.6509157509157509,0,-1,-1,wellsfago.com
26,26,0,1,3,0,3,0,0,0.3589743589743589,0.44943019943019946,0,-1,-1,secure-auth-273-github.com
24,24,0,2,3,0,3,0,0,0.303030303030303,0.5148046398046398,0,-1,-1,secure-auth-271-ox.ac.uk
25,25,0,1,3,0,3,0,0,0.4,0.4266666666666667,0,-1,-1,secure-auth-581-apple.com
14,14,0,1,0,0,0,0,0,0.5,0.638095238095238,0,-1,-1,welldfargo.com
14,14,0,1,1,0,0,0,0,0.41666666666666663,0.6206349206349207,0,-1,-1,portal-zoom.us
28,28,0,1,3,0,3,0,0,0.24390243902439024,0.469047619047619,0,-1,-1,secure-auth-269-stanford.edu
25,25,0,1,3,0,3,0,0,0.4,0.4266666666666667,0,-1,-1,secure-auth-333-apple.com
9,9,0,1,0,0,0,0,0,0.9473684210526316,0.9766666666666667,0,-1,-1,goole.com
30,30,0,1,3,0,3,0,0,0.37209302325581395,0.44273504273504277,0,-1,-1,secure-auth-659-wellsfargo.com
27,27,0,1,3,0,3,0,0,0.44999999999999996,0.4703703703703703,0,-1,-1,secure-auth-408-spotify.com
12,12,0,1,0,0,0,0,0,0.2857142857142857,0.5092592592592592,0,-1,-1,stantord.edu
28,28,0,1,3,0,3,0,0,0.3902439024390244,0.5009157509157509,0,-1,-1,secure-auth-410-facebook.com
27,27,0,1,3,0,3,0,0,0.35,0.44753086419753085,0,-1,-1,secure-auth-126-netflix.com
12,12,0,1,0,0,0,0,0,0.56,0.7072649572649573,0,-1,-1,tacebook.com
26,26,0,1,3,0,3,0,0,0.5555555555555556,0.47179487179487173,0,-1,-1,secure-auth-831-google.com
23,23,0,1,3,0,3,0,0,0.2777777777777778,0.5246376811594203,0,-1,-1,secure-auth-648-zoom.us
33,33,0,1,3,0,3,0,0,0.34782608695652173,0.5070707070707071,0,-1,-1,secure-auth-164-bankofamerica.com
32,32,0,2,3,0,3,0,0,0.5263157894736843,0.6851851851851851,0,-1,-1,secure-auth-409-portal.azure.com
19,19,0,1,1,0,0,0,0,0.5,0.6985155195681512,0,-1,-1,verify-facebook.com
12,12,0,1,0,0,0,0,0,0.4545454545454546,0.638888888888889,0,-1,-1,pinkedin.com
12,12,0,1,0,0,0,0,0,0.5454545454545454,0.7000000000000001,0,-1,-1,linkedkn.com
26,26,0,1,3,0,3,0,0,0.3589743589743589,0.452991452991453,0,-1,-1,secure-auth-847-amazon.com
17,17,0,1,0,0,0,0,0,0.4666666666666667,0.5548373195432018,0,-1,-1,bankovamerica.com
23,23,0,1,3,0,3,0,0,0.2222222222222222,0.47681159420289854,0,-1,-1,secure-auth-855-mit.edu
27,27,0,1,3,0,3,0,0,0.35,0.44753086419753085,0,-1,-1,secure-auth-736-twitter.com
24,24,0,1,3,0,3,0,0,0.3783783783783784,0.5662393162393162,0,-1,-1,secure-auth-289-hsbc.com
27,27,0,1,3,0,3,0,0,0.35,0.44753086419753085,0,-1,-1,secure-auth-223-netflix.com
28,28,0,1,3,0,3,0,0,0.3902439024390244,0.5009157509157509,0,-1,-1,secure-auth-481-facebook.com
10,10,0,1,0,0,0,0,0,0.9,0.98,0,-1,-1,googel.com
28,28,0,1,3,0,3,0,0,0.3414634146341463,0.5113756613756614,0,-1,-1,secure-auth-962-linkedin.com
27,27,0,1,3,0,3,0,0,0.35,0.44753086419753085,0,-1,-1,secure-auth-777-netflix.com
28,28,0,1,3,0,3,0,0,0.3902439024390244,0.5009157509157509,0,-1,-1,secure-auth-559-facebook.com
30,30,0,3,3,0,3,0,0,1.0,1.0,0,-1,-1,secure-auth-277-vtop.vit.ac.in
30,30,0,3,3,0,3,0,0,1.0,1.0,0,-1,-1,secure-auth-891-vtop.vit.ac.in
16,16,0,1,3,0,1,0,0,0.46153846153846156,0.6121794871794872,1,-1,-1,xn--chas-y4d.com
9,9,0,1,0,0,0,0,0,0.736842105263158,0.825925925925926,0,-1,-1,wpple.com
17,17,0,1,1,0,0,0,0,0.23076923076923073,0.4929110105580694,0,-1,-1,auth-stanford.edu
25,25,0,1,3,0,3,0,0,0.368421052631579,0.47333333333333333,0,-1,-1,secure-auth-581-adobe.com
9,9,0,1,0,0,0,0,0,0.5263157894736843,0.6444444444444444,0,-1,-1,wlack.com
25,25,0,1,3,0,3,0,0,0.4,0.4266666666666667,0,-1,-1,secure-auth-471-apple.com
25,25,0,1,3,0,3,0,0,0.368421052631579,0.4615384615384615,0,-1,-1,secure-auth-204-chase.com
27,27,0,1,3,0,3,0,0,0.4,0.4703703703703703,0,-1,-1,secure-auth-376-dropbox.com
28,28,0,1,3,0,3,0,0,0.24390243902439024,0.469047619047619,0,-1,-1,secure-auth-421-stanford.edu
27,27,0,1,3,0,3,0,0,0.4,0.4703703703703703,0,-1,-1,secure-auth-807-dropbox.com
19,19,0,1,1,0,0,0,0,0.48275862068965514,0.5954790823211876,0,-1,-1,verify-barclays.com
30,30,0,1,3,0,3,0,0,0.37209302325581395,0.44273504273504277,0,-1,-1,secure-auth-850-wellsfargo.com
29,29,0,1,3,0,3,0,0,0.38095238095238093,0.509323116219668,0,-1,-1,secure-auth-289-instagram.com
26,26,0,1,3,0,3,0,0,0.3589743589743589,0.44943019943019946,0,-1,-1,secure-auth-986-github.com
25,25,0,1,3,0,3,0,0,0.368421052631579,0.4615384615384615,0,-1,-1,secure-auth-692-slack.com
12,12,0,1,0,0,0,0,0,0.96,0.976923076923077,0,-1,-1,mcrosoft.com
29,29,0,1,3,0,3,0,0,0.6190476190476191,0.45042314007831247,0,-1,-1,secure-auth-892-microsoft.com
27,27,0,1,3,0,3,0,0,0.35,0.44753086419753085,0,-1,-1,secure-auth-972-netflix.com
27,27,0,1,3,0,3,0,0,0.35,0.44753086419753085,0,-1,-1,secure-auth-483-netflix.com
30,30,0,1,3,0,3,0,0,0.37209302325581395,0.48888888888888893,0,-1,-1,secure-auth-573-salesforce.com
25,25,0,2,3,0,3,0,0,0.2941176470588235,0.47333333333333333,0,-1,-1,secure-auth-789-cam.ac.uk
12,12,0,1,0,0,0,0,0,0.5454545454545454,0.7000000000000001,0,-1,-1,oinkedin.com
27,27,0,1,3,0,3,0,0,0.35,0.44753086419753085,0,-1,-1,secure-auth-415-twitter.com
27,27,0,1,3,0,3,0,0,0.35,0.44753086419753085,0,-1,-1,secure-auth-294-netflix.com
25,25,0,1,3,0,3,0,0,0.368421052631579,0.4615384615384615,0,-1,-1,secure-auth-410-slack.com
30,30,0,1,3,0,3,0,0,0.37209302325581395,0.44273504273504277,0,-1,-1,secure-auth-912-wellsfargo.com
28,28,0,1,3,0,3,0,0,0.24390243902439024,0.469047619047619,0,-1,-1,secure-auth-849-stanford.edu
16,16,0,1,1,0,0,0,0,0.4137931034482759,0.5634157509157509,0,-1,-1,chase-secure.com
27,27,0,1,3,0,3,0,0,0.35,0.44753086419753085,0,-1,-1,secure-auth-405-netflix.com
30,30,0,1,3,0,3,0,0,0.37209302325581395,0.44273504273504277,0,-1,-1,secure-auth-830-wellsfargo.com
30,30,0,1,3,0,3,0,0,0.37209302325581395,0.48888888888888893,0,-1,-1,secure-auth-274-salesforce.com
18,18,0,1,1,0,0,0,0,0.5714285714285714,0.7064814814814815,0,-1,-1,login-linkedin.com
27,27,0,1,3,0,3,0,0,0.35,0.44753086419753085,0,-1,-1,secure-auth-272-netflix.com
23,23,0,1,3,0,3,0,0,0.2777777777777778,0.5246376811594203,0,-1,-1,secure-auth-324-zoom.us
26,26,0,1,3,0,3,0,0,0.3589743589743589,0.44943019943019946,0,-1,-1,secure-auth-825-github.com
28,28,0,1,3,0,3,0,0,0.24390243902439024,0.469047619047619,0,-1,-1,secure-auth-931-stanford.edu
10,10,0,1,0,0,0,0,0,0.9,0.96,0,-1,-1,paypql.com
27,27,0,1,3,0,3,0,0,0.35,0.44753086419753085,0,-1,-1,secure-auth-782-twitter.com
20,20,0,1,3,0,0,0,0,0.7272727272727273,0.8132478632478631,1,-1,-1,xn--microoft-ohh.com
25,25,0,2,3,0,3,0,0,0.2941176470588235,0.47333333333333333,0,-1,-1,secure-auth-476-cam.ac.uk
13,13,0,1,1,0,0,0,0,0.36363636363636365,0.58005698005698,0,-1,-1,mit-login.edu
10,10,0,1,0,0,0,0,0,0.6,0.6777777777777777,0,-1,-1,anazon.com
27,27,0,1,3,0,3,0,0,0.35,0.44753086419753085,0,-1,-1,secure-auth-928-twitter.com
20,20,0,1,1,0,0,0,0,0.48484848484848486,0.6400284900284899,0,-1,-1,barclays-support.com
27,27,0,1,3,0,3,0,0,0.35,0.44753086419753085,0,-1,-1,secure-auth-675-twitter.com
28,28,0,1,3,0,3,0,0,0.368421052631579,0.4543956043956044,0,-1,-1,secure-auth-998-barclays.com
25,25,0,1,3,0,3,0,0,0.4,0.4266666666666667,0,-1,-1,secure-auth-221-apple.com
8,8,0,2,0,0,0,0,0,0.47058823529411764,0.6481481481481481,0,-1,-1,oc.ac.uk
27,27,0,1,3,0,3,0,0,0.35,0.44753086419753085,0,-1,-1,secure-auth-632-twitter.com
32,32,0,2,3,0,3,0,0,0.5263157894736843,0.6851851851851851,0,-1,-1,secure-auth-303-portal.azure.com
27,27,0,1,3,0,3,0,0,0.19999999999999996,0.4246913580246914,0,-1,-1,secure-auth-617-harvard.edu
16,16,0,2,0,0,0,0,0,0.5263157894736843,0.6851851851851851,0,-1,-1,portal.azjre.com
27,27,0,1,3,0,3,0,0,0.4,0.4703703703703703,0,-1,-1,secure-auth-184-dropbox.com
28,28,0,1,3,0,3,0,0,0.24390243902439024,0.469047619047619,0,-1,-1,secure-auth-197-stanford.edu
10,10,0,1,0,0,0,0,0,0.34782608695652173,0.5692307692307693,0,-1,-1,chase.club
13,13,0,1,0,0,0,0,0,0.5217391304347826,0.6509157509157509,0,-1,-1,welsfargo.com
25,25,0,1,3,0,3,0,0,0.4,0.4266666666666667,0,-1,-1,secure-auth-165-apple.com
27,27,0,1,3,0,3,0,0,0.35,0.44753086419753085,0,-1,-1,secure-auth-169-netflix.com
26,26,0,1,3,0,3,0,0,0.5555555555555556,0.4256410256410256,0,-1,-1,secure-auth-676-paypal.com
28,28,0,1,3,0,3,0,0,0.3902439024390244,0.5009157509157509,0,-1,-1,secure-auth-846-facebook.com
25,25,0,1,3,0,3,0,0,0.368421052631579,0.47333333333333333,0,-1,-1,secure-auth-946-adobe.com
27,27,0,1,3,0,3,0,0,0.4,0.4703703703703703,0,-1,-1,secure-auth-421-dropbox.com
30,30,0,3,3,0,3,0,0,1.0,1.0,0,-1,-1,secure-auth-216-vtop.vit.ac.in
14,14,0,1,1,0,0,0,0,0.33333333333333337,0.6206349206349207,0,-1,-1,zoom-secure.us
29,29,0,1,3,0,3,0,0,0.6190476190476191,0.45042314007831247,0,-1,-1,secure-auth-883-microsoft.com
27,27,0,1,3,0,3,0,0,0.35,0.44753086419753085,0,-1,-1,secure-auth-569-twitter.com
27,27,0,1,3,0,3,0,0,0.35,0.44753086419753085,0,-1,-1,secure-auth-758-netflix.com
30,30,0,1,3,0,3,0,0,0.37209302325581395,0.44273504273504277,0,-1,-1,secure-auth-823-wellsfargo.com
13,13,0,1,1,0,0,0,0,0.34782608695652173,0.5760683760683761,0,-1,-1,zoom-login.us
29,29,0,1,3,0,3,0,0,0.6190476190476191,0.45042314007831247,0,-1,-1,secure-auth-850-microsoft.com
30,30,0,1,3,0,3,0,0,0.37209302325581395,0.44273504273504277,0,-1,-1,secure-auth-282-wellsfargo.com
26,26,0,1,3,0,3,0,0,0.5555555555555556,0.4256410256410256,0,-1,-1,secure-auth-107-paypal.com
11,11,0,1,0,0,0,0,0,0.47619047619047616,0.6595959595959596,0,-1,-1,nettlix.com
21,21,0,1,1,0,0,0,0,0.7647058823529411,0.7191697191697192,0,-1,-1,account-microsoft.com
16,16,0,1,1,0,0,0,0,0.48275862068965514,0.67752849002849,0,-1,-1,verify-chase.com
14,14,0,1,0,0,0,0,0,0.33333333333333337,0.5842490842490843,0,-1,-1,wellsfargo.top
23,23,0,1,3,0,3,0,0,0.2777777777777778,0.5246376811594203,0,-1,-1,secure-auth-552-zoom.us
28,28,0,1,3,0,3,0,0,0.368421052631579,0.4543956043956044,0,-1,-1,secure-auth-652-barclays.com
29,29,0,1,3,0,3,0,0,0.6190476190476191,0.45042314007831247,0,-1,-1,secure-auth-400-microsoft.com
19,19,0,1,1,0,0,0,0,0.3571428571428571,0.6062378167641326,0,-1,-1,verify-stanford.edu
23,23,0,1,3,0,3,0,0,0.2222222222222222,0.47681159420289854,0,-1,-1,secure-auth-331-mit.edu
32,32,0,2,3,0,3,0,0,0.5263157894736843,0.6851851851851851,0,-1,-1,secure-auth-183-portal.azure.com
12,12,0,1,0,0,0,0,0,0.5454545454545454,0.7000000000000001,0,-1,-1,linledin.com
19,19,0,1,1,0,0,0,0,0.4137931034482759,0.5403894351262771,0,-1,-1,barclays-secure.com
13,13,0,1,0,0,0,0,0,0.46153846153846156,0.6185897435897436,0,-1,-1,wellsfaro.com
30,30,0,1,3,0,3,0,0,0.37209302325581395,0.44273504273504277,0,-1,-1,secure-auth-724-wellsfargo.com
23,23,0,1,3,0,3,0,0,0.2777777777777778,0.5246376811594203,0,-1,-1,secure-auth-599-zoom.us
28,28,0,1,3,0,3,0,0,0.3414634146341463,0.4543956043956044,0,-1,-1,secure-auth-173-citibank.com
16,16,0,1,0,0,0,0,0,0.48275862068965514,0.5801282051282052,0,-1,-1,bankofmerica.com
25,25,0,1,3,0,3,0,0,0.368421052631579,0.47333333333333333,0,-1,-1,secure-auth-163-adobe.com
28,28,0,1,3,0,3,0,0,0.3414634146341463,0.5113756613756614,0,-1,-1,secure-auth-648-linkedin.com
30,30,0,1,3,0,3,0,0,0.37209302325581395,0.44273504273504277,0,-1,-1,secure-auth-269-wellsfargo.com
24,24,0,2,3,0,3,0,0,0.303030303030303,0.5148046398046398,0,-1,-1,secure-auth-151-ox.ac.uk
24,24,0,2,3,0,3,0,0,0.303030303030303,0.5148046398046398,0,-1,-1,secure-auth-510-ox.ac.uk
28,28,0,1,3,0,3,0,0,0.3902439024390244,0.5009157509157509,0,-1,-1,secure-auth-497-facebook.com
28,28,0,1,3,0,3,0,0,0.3902439024390244,0.5009157509157509,0,-1,-1,secure-auth-455-facebook.com
27,27,0,1,3,0,3,0,0,0.4,0.4703703703703703,0,-1,-1,secure-auth-264-dropbox.com
27,27,0,1,3,0,3,0,0,0.35,0.44753086419753085,0,-1,-1,secure-auth-496-netflix.com
15,15,0,1,0,0,0,0,0,0.41666666666666663,0.6296296296296297,0,-1,-1,salesforce.info
28,28,0,1,3,0,3,0,0,0.3902439024390244,0.5009157509157509,0,-1,-1,secure-auth-861-facebook.com
26,26,0,1,3,0,3,0,0,0.5555555555555556,0.4256410256410256,0,-1,-1,secure-auth-942-paypal.com
11,11,0,1,0,0,0,0,0,0.30000000000000004,0.47377622377622375,0,-1,-1,stanord.edu
10,10,0,1,0,0,0,0,0,0.6086956521739131,0.7159544159544161,0,-1,-1,spotif.com
25,25,0,1,3,0,3,0,0,0.368421052631579,0.47333333333333333,0,-1,-1,secure-auth-289-adobe.com
23,23,0,1,3,0,3,0,0,0.2777777777777778,0.5246376811594203,0,-1,-1,secure-auth-324-zoom.us
26,26,0,1,3,0,3,0,0,0.5555555555555556,0.47179487179487173,0,-1,-1,secure-auth-627-google.com
25,25,0,1,3,0,3,0,0,0.4,0.4266666666666667,0,-1,-1,secure-auth-459-apple.com
28,28,0,1,3,0,3,0,0,0.24390243902439024,0.469047619047619,0,-1,-1,secure-auth-587-stanford.edu
30,30,0,3,3,0,3,0,0,1.0,1.0,0,-1,-1,secure-auth-122-vtop.vit.ac.in
30,30,0,1,3,0,3,0,0,0.37209302325581395,0.48888888888888893,0,-1,-1,secure-auth-288-salesforce.com
17,17,0,1,1,0,0,0,0,0.7407407407407407,0.8627450980392157,0,-1,-1,signin-paypal.com
13,13,0,1,0,0,0,0,0,0.4545454545454546,0.5299145299145299,0,-1,-1,stanford.info
26,26,0,1,3,0,3,0,0,0.5555555555555556,0.4256410256410256,0,-1,-1,secure-auth-623-paypal.com
14,14,0,1,1,0,0,0,0,0.34782608695652173,0.5708994708994709,0,-1,-1,mit-signin.edu
7,7,0,1,0,0,0,0,0,0.23529411764705888,0.49523809523809526,0,-1,-1,zopm.us
19,19,0,1,1,0,0,0,0,0.4137931034482759,0.6371457489878543,0,-1,-1,auth-wellsfargo.com
26,26,0,1,3,0,3,0,0,0.3589743589743589,0.452991452991453,0,-1,-1,secure-auth-736-amazon.com
30,30,0,3,3,0,3,0,0,1.0,1.0,0,-1,-1,secure-auth-842-vtop.vit.ac.in
26,26,0,1,3,0,3,0,0,0.5555555555555556,0.47179487179487173,0,-1,-1,secure-auth-416-google.com
26,26,0,1,3,0,3,0,0,0.3589743589743589,0.44943019943019946,0,-1,-1,secure-auth-541-github.com
13,13,0,1,0,0,0,0,0,0.9230769230769231,0.9743589743589745,0,-1,-1,imcrosoft.com
30,30,0,3,3,0,3,0,0,1.0,1.0,0,-1,-1,secure-auth-388-vtop.vit.ac.in
12,12,0,1,0,0,0,0,0,0.36363636363636365,0.5777777777777778,0,-1,-1,linkedin.top
25,25,0,1,3,0,3,0,0,0.368421052631579,0.47333333333333333,0,-1,-1,secure-auth-377-adobe.com
32,32,0,2,3,0,3,0,0,0.5263157894736843,0.6851851851851851,0,-1,-1,secure-auth-912-portal.azure.com
30,30,0,3,3,0,3,0,0,1.0,1.0,0,-1,-1,secure-auth-455-vtop.vit.ac.in
21,21,0,1,3,0,1,0,0,0.3870967741935484,0.6328856328856328,1,-1,-1,xn--alesforce-k9h.com
25,25,0,1,3,0,3,0,0,0.368421052631579,0.47333333333333333,0,-1,-1,secure-auth-312-adobe.com
16,16,0,1,1,0,0,0,0,0.6153846153846154,0.714565527065527,0,-1,-1,slack-portal.com
32,32,0,2,3,0,3,0,0,0.5263157894736843,0.6851851851851851,0,-1,-1,secure-auth-652-portal.azure.com
28,28,0,1,3,0,3,0,0,0.3414634146341463,0.4543956043956044,0,-1,-1,secure-auth-779-citibank.com
9,9,0,1,0,0,0,0,0,0.9473684210526316,0.98,0,-1,-1,paypal.co
24,24,0,2,3,0,3,0,0,0.303030303030303,0.5148046398046398,0,-1,-1,secure-auth-805-ox.ac.uk
27,27,0,1,3,0,3,0,0,0.35,0.44753086419753085,0,-1,-1,secure-auth-116-twitter.com
11,11,0,1,0,0,0,0,0,0.5714285714285714,0.7151515151515152,0,-1,-1,spitify.com
24,24,0,2,3,0,3,0,0,0.303030303030303,0.5148046398046398,0,-1,-1,secure-auth-350-ox.ac.uk
26,26,0,1,3,0,3,0,0,0.5555555555555556,0.47179487179487173,0,-1,-1,secure-auth-215-google.com
26,26,0,1,3,0,3,0,0,0.5555555555555556,0.4256410256410256,0,-1,-1,secure-auth-633-paypal.com
9,9,0,1,0,0,0,0,0,0.5263157894736843,0.6185185185185186,0,-1,-1,lsack.com
8,8,0,1,0,0,0,0,0,0.5555555555555556,0.6416666666666667,0,-1,-1,hebc.com
33,33,0,1,3,0,3,0,0,0.34782608695652173,0.5070707070707071,0,-1,-1,secure-auth-754-bankofamerica.com
33,33,0,1,3,0,3,0,0,0.34782608695652173,0.5070707070707071,0,-1,-1,secure-auth-512-bankofamerica.com
28,28,0,1,3,0,3,0,0,0.368421052631579,0.4543956043956044,0,-1,-1,secure-auth-820-barclays.com
14,14,0,1,0,0,0,0,0,0.8148148148148149,0.9263736263736264,0,-1,-1,microsoft.info
9,9,0,1,0,0,0,0,0,0.9473684210526316,0.98,0,-1,-1,paypa.com
32,32,0,2,3,0,3,0,0,0.5263157894736843,0.6851851851851851,0,-1,-1,secure-auth-161-portal.azure.com
18,18,0,1,1,0,0,0,0,0.7142857142857143,0.7185185185185184,0,-1,-1,support-google.com
16,16,0,1,3,0,2,0,0,0.3846153846153846,0.6041666666666666,1,-1,-1,xn--adbe-65d.com
25,25,0,1,3,0,3,0,0,0.4,0.4266666666666667,0,-1,-1,secure-auth-173-apple.com
27,27,0,1,3,0,3,0,0,0.35,0.44753086419753085,0,-1,-1,secure-auth-429-netflix.com
11,11,0,2,0,0,0,0,0,0.5333333333333333,0.8222222222222222,0,-1,-1,vtop.vit.ml
11,11,0,1,0,0,0,0,0,0.30000000000000004,0.5242424242424243,0,-1,-1,harvare.edu
23,23,0,1,3,0,3,0,0,0.2777777777777778,0.5246376811594203,0,-1,-1,secure-auth-715-zoom.us
27,27,0,1,3,0,3,0,0,0.4,0.4703703703703703,0,-1,-1,secure-auth-301-dropbox.com
30,30,0,1,3,0,3,0,0,0.37209302325581395,0.48888888888888893,0,-1,-1,secure-auth-876-salesforce.com
28,28,0,1,3,0,3,0,0,0.24390243902439024,0.469047619047619,0,-1,-1,secure-auth-381-stanford.edu
20,20,0,1,1,0,0,0,0,0.4666666666666667,0.6400284900284899,0,-1,-1,instagram-update.com
27,27,0,1,3,0,3,0,0,0.35,0.44753086419753085,0,-1,-1,secure-auth-620-twitter.com
28,28,0,1,3,0,3,0,0,0.3414634146341463,0.5113756613756614,0,-1,-1,secure-auth-569-linkedin.com
24,24,0,2,3,0,3,0,0,0.303030303030303,0.5148046398046398,0,-1,-1,secure-auth-300-ox.ac.uk
14,14,0,1,0,0,0,0,0,0.5,0.638095238095238,0,-1,-1,aellsfargo.com
28,28,0,1,3,0,3,0,0,0.24390243902439024,0.469047619047619,0,-1,-1,secure-auth-744-stanford.edu
9,9,0,1,0,0,0,0,0,0.33333333333333337,0.4481481481481482,0,-1,-1,slack.xyz
12,12,0,1,0,0,0,0,0,0.56,0.7072649572649573,0,-1,-1,fwcebook.com
27,27,0,1,3,0,3,0,0,0.4,0.4703703703703703,0,-1,-1,secure-auth-639-dropbox.com
12,12,0,1,0,0,0,0,0,0.5454545454545454,0.6658730158730158,0,-1,-1,bsrclays.com
32,32,0,2,3,0,3,0,0,0.5263157894736843,0.6851851851851851,0,-1,-1,secure-auth-847-portal.azure.com
28,28,0,1,3,0,3,0,0,0.3414634146341463,0.5113756613756614,0,-1,-1,secure-auth-227-linkedin.com
24,24,0,2,3,0,3,0,0,0.303030303030303,0.5148046398046398,0,-1,-1,secure-auth-683-ox.ac.uk
25,25,0,1,3,0,3,0,0,0.368421052631579,0.47333333333333333,0,-1,-1,secure-auth-729-adobe.com
11,11,0,1,0,0,0,0,0,0.30000000000000004,0.5193602693602694,0,-1,-1,netflix.net
25,25,0,1,3,0,3,0,0,0.368421052631579,0.47333333333333333,0,-1,-1,secure-auth-414-adobe.com
26,26,0,1,3,0,3,0,0,0.3589743589743589,0.452991452991453,0,-1,-1,secure-auth-628-amazon.com
10,10,0,1,0,0,0,0,0,0.5217391304347826,0.6666666666666666,0,-1,-1,githuh.com
14,14,0,2,1,0,0,0,0,0.782608695652174,0.8068783068783069,0,-1,-1,auth-vit.ac.in
11,11,0,1,0,0,0,0,0,0.30000000000000004,0.5045454545454545,0,-1,-1,harcard.edu
29,29,0,1,3,0,3,0,0,0.38095238095238093,0.509323116219668,0,-1,-1,secure-auth-680-instagram.com
28,28,0,1,3,0,3,0,0,0.3902439024390244,0.5009157509157509,0,-1,-1,secure-auth-111-facebook.com
16,16,0,1,1,0,0,0,0,0.6153846153846154,0.725,0,-1,-1,adobe-portal.com
10,10,0,1,0,0,0,0,0,0.5,0.6666666666666666,0,-1,-1,etflix.com
32,32,0,2,3,0,3,0,0,0.5263157894736843,0.6851851851851851,0,-1,-1,secure-auth-521-portal.azure.com
25,25,0,1,3,0,3,0,0,0.368421052631579,0.47333333333333333,0,-1,-1,secure-auth-738-adobe.com
27,27,0,1,3,0,3,0,0,0.35,0.44753086419753085,0,-1,-1,secure-auth-908-netflix.com
27,27,0,1,3,0,3,0,0,0.44999999999999996,0.4703703703703703,0,-1,-1,secure-auth-248-spotify.com
14,14,0,1,0,0,0,0,0,0.5185185185185186,0.6302401302401303,0,-1,-1,wellsfarto.com
27,27,0,1,3,0,3,0,0,0.44999999999999996,0.4703703703703703,0,-1,-1,secure-auth-827-spotify.com
32,32,0,2,3,0,3,0,0,0.5263157894736843,0.6851851851851851,0,-1,-1,secure-auth-528-portal.azure.com
10,10,0,1,0,0,0,0,0,0.5217391304347826,0.6666666666666666,0,-1,-1,igthub.com
23,23,0,1,3,0,3,0,0,0.2222222222222222,0.47681159420289854,0,-1,-1,secure-auth-541-mit.edu
14,14,0,1,1,0,0,0,0,0.5833333333333333,0.8105820105820106,0,-1,-1,auth-apple.com
15,15,0,1,1,0,0,0,0,0.5,0.6683760683760683,0,-1,-1,amazon-auth.com
23,23,0,1,3,0,3,0,0,0.2222222222222222,0.47681159420289854,0,-1,-1,secure-auth-498-mit.edu
28,28,0,1,3,0,3,0,0,0.3902439024390244,0.5009157509157509,0,-1,-1,secure-auth-546-facebook.com
15,15,0,1,1,0,0,0,0,0.4285714285714286,0.5912393162393162,0,-1,-1,verify-hsbc.com
28,28,0,1,3,0,3,0,0,0.3414634146341463,0.4543956043956044,0,-1,-1,secure-auth-119-citibank.com
15,15,0,2,1,0,0,0,0,0.41666666666666663,0.6111111111111112,0,-1,-1,update-ox.ac.uk
27,27,0,1,3,0,3,0,0,0.35,0.44753086419753085,0,-1,-1,secure-auth-872-twitter.com
10,10,0,1,0,0,0,0,0,0.5217391304347826,0.6666666666666666,0,-1,-1,gituub.com
25,25,0,1,3,0,3,0,0,0.368421052631579,0.4615384615384615,0,-1,-1,secure-auth-947-slack.com
11,11,0,1,0,0,0,0,0,0.5,0.6515151515151515,0,-1,-1,tiwtter.com
28,28,0,1,3,0,3,0,0,0.3414634146341463,0.5113756613756614,0,-1,-1,secure-auth-534-linkedin.com
27,27,0,1,3,0,3,0,0,0.35,0.44753086419753085,0,-1,-1,secure-auth-828-netflix.com
28,28,0,1,3,0,3,0,0,0.24390243902439024,0.469047619047619,0,-1,-1,secure-auth-972-stanford.edu
33,33,0,1,3,0,3,0,0,0.34782608695652173,0.5070707070707071,0,-1,-1,secure-auth-777-bankofamerica.com
13,13,0,1,0,0,0,0,0,0.9230769230769231,0.9794871794871796,0,-1,-1,mircosoft.com
15,15,0,2,1,0,0,0,0,0.41666666666666663,0.6052910052910053,0,-1,-1,ox-signin.ac.uk
32,32,0,2,3,0,3,0,0,0.5263157894736843,0.6851851851851851,0,-1,-1,secure-auth-427-portal.azure.com
16,16,0,1,1,0,0,0,0,0.5384615384615384,0.6833333333333332,0,-1,-1,portal-chase.com
32,32,0,2,3,0,3,0,0,0.5263157894736843,0.6851851851851851,0,-1,-1,secure-auth-132-portal.azure.com
25,25,0,2,3,0,3,0,0,0.2941176470588235,0.47333333333333333,0,-1,-1,secure-auth-183-cam.ac.uk
26,26,0,1,3,0,3,0,0,0.3589743589743589,0.452991452991453,0,-1,-1,secure-auth-932-amazon.com
25,25,0,1,3,0,3,0,0,0.4,0.4266666666666667,0,-1,-1,secure-auth-785-apple.com
19,19,0,1,1,0,0,0,0,0.27586206896551724,0.5368421052631579,0,-1,-1,update-stanford.edu
28,28,0,1,3,0,3,0,0,0.3414634146341463,0.4543956043956044,0,-1,-1,secure-auth-441-citibank.com
12,12,0,1,0,0,0,0,0,0.38095238095238093,0.5907407407407408,0,-1,-1,stancord.edu
28,28,0,1,3,0,3,0,0,0.3414634146341463,0.4543956043956044,0,-1,-1,secure-auth-121-citibank.com
28,28,0,1,3,0,3,0,0,0.3902439024390244,0.5009157509157509,0,-1,-1,secure-auth-707-facebook.com
28,28,0,1,3,0,3,0,0,0.24390243902439024,0.469047619047619,0,-1,-1,secure-auth-543-stanford.edu
27,27,0,1,3,0,3,0,0,0.44999999999999996,0.4703703703703703,0,-1,-1,secure-auth-482-spotify.com
24,24,0,2,3,0,3,0,0,0.303030303030303,0.5148046398046398,0,-1,-1,secure-auth-164-ox.ac.uk
27,27,0,1,3,0,3,0,0,0.4,0.4703703703703703,0,-1,-1,secure-auth-407-dropbox.com
11,11,0,1,0,0,0,0,0,0.5714285714285714,0.7151515151515152,0,-1,-1,dropblx.com
25,25,0,2,3,0,3,0,0,0.2941176470588235,0.47333333333333333,0,-1,-1,secure-auth-178-cam.ac.uk
13,13,0,1,0,0,0,0,0,0.9230769230769231,0.958974358974359,0,-1,-1,midrosoft.com
9,9,0,1,0,0,0,0,0,0.9473684210526316,0.98,0,-1,-1,googe.com
27,27,0,1,3,0,3,0,0,0.44999999999999996,0.4703703703703703,0,-1,-1,secure-auth-381-spotify.com
28,28,0,1,3,0,3,0,0,0.24390243902439024,0.469047619047619,0,-1,-1,secure-auth-844-stanford.edu
23,23,0,1,3,0,3,0,0,0.2777777777777778,0.5246376811594203,0,-1,-1,secure-auth-426-zoom.us
16,16,0,2,0,0,0,0,0,0.5263157894736843,0.6851851851851851,0,-1,-1,portal.azurw.com
10,10,0,1,0,0,0,0,0,0.6086956521739131,0.7333333333333334,0,-1,-1,spotiy.com
25,25,0,1,3,0,3,0,0,0.4,0.4266666666666667,0,-1,-1,secure-auth-855-apple.com
28,28,0,1,3,0,3,0,0,0.3414634146341463,0.5113756613756614,0,-1,-1,secure-auth-809-linkedin.com
26,26,0,1,3,0,3,0,0,0.3589743589743589,0.44943019943019946,0,-1,-1,secure-auth-743-github.com
20,20,0,1,1,0,0,0,0,0.5333333333333333,0.602991452991453,0,-1,-1,login-salesforce.com
13,13,0,1,0,0,0,0,0,0.5217391304347826,0.6509157509157509,0,-1,-1,salesforc.com
13,13,0,1,0,0,0,0,0,0.5384615384615384,0.6602564102564102,0,-1,-1,ihstagram.com
24,24,0,1,1,0,0,0,0,0.43243243243243246,0.7075563325563325,0,-1,-1,bankofamerica-update.com
9,9,0,1,0,0,0,0,0,0.36363636363636365,0.5555555555555555,0,-1,-1,github.ml
12,12,0,1,1,0,0,0,0,0.2727272727272727,0.49444444444444446,0,-1,-1,auth-zoom.us
24,24,0,2,3,0,3,0,0,0.303030303030303,0.5148046398046398,0,-1,-1,secure-auth-463-ox.ac.uk
13,13,0,1,0,0,0,0,0,0.9230769230769231,0.9820512820512821,0,-1,-1,micorsoft.com
23,23,0,1,3,0,3,0,0,0.2777777777777778,0.5246376811594203,0,-1,-1,secure-auth-337-zoom.us
26,26,0,1,3,0,3,0,0,0.3589743589743589,0.44943019943019946,0,-1,-1,secure-auth-963-github.com
25,25,0,1,3,0,3,0,0,0.368421052631579,0.4615384615384615,0,-1,-1,secure-auth-400-slack.com
11,11,0,1,0,0,0,0,0,0.5833333333333333,0.7257187257187256,0,-1,-1,spotfiy.com
25,25,0,1,3,0,3,0,0,0.4,0.4266666666666667,0,-1,-1,secure-auth-529-apple.com
9,9,0,1,0,0,0,0,0,0.5263157894736843,0.6185185185185186,0,-1,-1,sIack.com
29,29,0,1,3,0,3,0,0,0.6190476190476191,0.45042314007831247,0,-1,-1,secure-auth-613-microsoft.com
19,19,0,1,1,0,0,0,0,0.48275862068965514,0.6371457489878543,0,-1,-1,portal-linkedin.com
23,23,0,1,3,0,3,0,0,0.2222222222222222,0.47681159420289854,0,-1,-1,secure-auth-257-mit.edu
23,23,0,1,3,0,3,0,0,0.2777777777777778,0.5246376811594203,0,-1,-1,secure-auth-584-zoom.us
27,27,0,1,3,0,3,0,0,0.19999999999999996,0.4246913580246914,0,-1,-1,secure-auth-557-harvard.edu
28,28,0,1,3,0,3,0,0,0.368421052631579,0.4543956043956044,0,-1,-1,secure-auth-939-barclays.com
23,23,0,1,3,0,3,0,0,0.2777777777777778,0.5246376811594203,0,-1,-1,secure-auth-118-zoom.us
14,14,0,3,0,0,0,0,0,0.8888888888888888,0.9629629629629629,0,-1,-1,vtop.ivt.ac.in
25,25,0,1,3,0,3,0,0,0.368421052631579,0.47333333333333333,0,-1,-1,secure-auth-935-adobe.com
10,10,0,1,0,0,0,0,0,0.9,0.9533333333333333,0,-1,-1,gooyle.com
11,11,0,1,0,0,0,0,0,0.25,0.5011655011655012,0,-1,-1,harvsrd.edu
25,25,0,1,3,0,3,0,0,0.368421052631579,0.4615384615384615,0,-1,-1,secure-auth-629-slack.com
28,28,0,1,3,0,3,0,0,0.24390243902439024,0.469047619047619,0,-1,-1,secure-auth-130-stanford.edu
28,28,0,1,3,0,3,0,0,0.3414634146341463,0.4543956043956044,0,-1,-1,secure-auth-200-citibank.com
23,23,0,1,3,0,3,0,0,0.2777777777777778,0.5246376811594203,0,-1,-1,secure-auth-990-zoom.us
28,28,0,1,3,0,3,0,0,0.24390243902439024,0.469047619047619,0,-1,-1,secure-auth-827-stanford.edu
16,16,0,1,1,0,0,0,0,0.5384615384615384,0.6648809523809524,0,-1,-1,update-chase.com
14,14,0,1,1,0,0,0,0,0.5,0.6761904761904761,0,-1,-1,azure-auth.com
28,28,0,1,3,0,3,0,0,0.368421052631579,0.4543956043956044,0,-1,-1,secure-auth-880-barclays.com
27,27,0,1,3,0,3,0,0,0.19999999999999996,0.4246913580246914,0,-1,-1,secure-auth-410-harvard.edu
27,27,0,1,3,0,3,0,0,0.4,0.4703703703703703,0,-1,-1,secure-auth-586-dropbox.com
16,16,0,1,1,0,0,0,0,0.5384615384615384,0.7125,0,-1,-1,signin-adobe.com
30,30,0,1,3,0,3,0,0,0.37209302325581395,0.48888888888888893,0,-1,-1,secure-auth-928-salesforce.com
30,30,0,3,3,0,3,0,0,1.0,1.0,0,-1,-1,secure-auth-685-vtop.vit.ac.in
10,10,0,1,0,0,1,0,0,0.9,0.9466666666666665,0,-1,-1,go0gle.com
27,27,0,1,3,0,3,0,0,0.35,0.44753086419753085,0,-1,-1,secure-auth-987-netflix.com
28,28,0,1,3,0,3,0,0,0.24390243902439024,0.469047619047619,0,-1,-1,secure-auth-267-stanford.edu
13,13,0,1,0,0,0,0,0,0.9230769230769231,0.9692307692307692,0,-1,-1,microsofg.com
25,25,0,2,3,0,3,0,0,0.2941176470588235,0.47333333333333333,0,-1,-1,secure-auth-721-cam.ac.uk
24,24,0,1,3,0,3,0,0,0.3783783783783784,0.5662393162393162,0,-1,-1,secure-auth-399-hsbc.com
28,28,0,1,3,0,3,0,0,0.24390243902439024,0.469047619047619,0,-1,-1,secure-auth-942-stanford.edu
25,25,0,1,3,0,3,0,0,0.368421052631579,0.4615384615384615,0,-1,-1,secure-auth-478-chase.com
29,29,0,1,3,0,3,0,0,0.6190476190476191,0.45042314007831247,0,-1,-1,secure-auth-454-microsoft.com
27,27,0,1,3,0,3,0,0,0.35,0.44753086419753085,0,-1,-1,secure-auth-134-netflix.com
30,30,0,3,3,0,3,0,0,1.0,1.0,0,-1,-1,secure-auth-415-vtop.vit.ac.in
17,17,0,1,0,0,0,0,0,0.4444444444444444,0.5954248366013072,0,-1,-1,bankofajerica.com
27,27,0,1,3,0,3,0,0,0.35,0.44753086419753085,0,-1,-1,secure-auth-535-netflix.com
27,27,0,1,3,0,3,0,0,0.19999999999999996,0.4246913580246914,0,-1,-1,secure-auth-265-harvard.edu
28,28,0,1,3,0,3,0,0,0.3414634146341463,0.5113756613756614,0,-1,-1,secure-auth-660-linkedin.com
25,25,0,1,3,0,3,0,0,0.368421052631579,0.4615384615384615,0,-1,-1,secure-auth-915-chase.com
28,28,0,1,3,0,3,0,0,0.3414634146341463,0.4543956043956044,0,-1,-1,secure-auth-266-citibank.com
26,26,0,1,3,0,3,0,0,0.5555555555555556,0.4256410256410256,0,-1,-1,secure-auth-913-paypal.com
27,27,0,1,3,0,3,0,0,0.35,0.44753086419753085,0,-1,-1,secure-auth-114-twitter.com
23,23,0,1,3,0,3,0,0,0.2222222222222222,0.47681159420289854,0,-1,-1,secure-auth-585-mit.edu
10,10,0,1,0,0,0,0,0,0.3157894736842105,0.4666666666666666,0,-1,-1,hrvard.edu
16,16,0,2,0,0,0,0,0,0.5263157894736843,0.6851851851851851,0,-1,-1,portal.azuee.com
27,27,0,1,3,0,3,0,0,0.19999999999999996,0.4246913580246914,0,-1,-1,secure-auth-207-harvard.edu
10,10,0,1,0,0,0,0,0,0.9,0.96,0,-1,-1,googpe.com
17,17,0,1,0,0,0,0,0,0.4666666666666667,0.5703242835595778,0,-1,-1,vankofamerica.com
17,17,0,1,3,0,0,0,0,0.4444444444444444,0.5398692810457516,1,-1,-1,xn--amazn-mye.com
32,32,0,2,3,0,3,0,0,0.5263157894736843,0.6851851851851851,0,-1,-1,secure-auth-229-portal.azure.com
25,25,0,1,3,0,3,0,0,0.368421052631579,0.47333333333333333,0,-1,-1,secure-auth-924-adobe.com
13,13,0,1,0,0,0,0,0,0.9230769230769231,0.9358974358974359,0,-1,-1,microsift.com
17,17,0,1,1,0,0,0,0,0.5185185185185186,0.6735294117647058,0,-1,-1,portal-amazon.com
19,19,0,1,3,0,0,0,0,0.27586206896551724,0.48133153396311296,1,-1,-1,xn--tanford-iog.edu
18,18,0,1,0,0,0,0,0,0.4285714285714286,0.5888888888888889,0,-1,-1,bankofarnerica.com
25,25,0,1,3,0,3,0,0,0.4,0.4266666666666667,0,-1,-1,secure-auth-925-apple.com
26,26,0,1,3,0,3,0,0,0.3589743589743589,0.452991452991453,0,-1,-1,secure-auth-714-amazon.com
10,10,0,1,0,0,0,0,0,0.4,0.6,0,-1,-1,netflix.co
26,26,0,1,3,0,3,0,0,0.3589743589743589,0.452991452991453,0,-1,-1,secure-auth-463-amazon.com
32,32,0,2,3,0,3,0,0,0.5263157894736843,0.6851851851851851,0,-1,-1,secure-auth-402-portal.azure.com
26,26,0,1,3,0,3,0,0,0.5555555555555556,0.4256410256410256,0,-1,-1,secure-auth-951-paypal.com
25,25,0,1,3,0,3,0,0,0.4,0.4266666666666667,0,-1,-1,secure-auth-733-apple.com
9,9,0,1,0,0,0,0,0,0.5454545454545454,0.6851851851851851,0,-1,-1,cnase.com
13,13,0,1,0,0,0,0,0,0.5384615384615384,0.6185897435897436,0,-1,-1,onstagram.com
24,24,0,1,3,0,3,0,0,0.3783783783783784,0.5662393162393162,0,-1,-1,secure-auth-102-hsbc.com
18,18,0,1,1,0,0,0,0,0.4516129032258065,0.6937321937321936,0,-1,-1,twitter-secure.com
11,11,0,1,0,0,0,0,0,0.47619047619047616,0.6515151515151515,0,-1,-1,nwtflix.com
21,21,0,1,3,0,1,0,0,0.4516129032258065,0.6237789987789988,1,-1,-1,xn--wellfargo-o9h.com
28,28,0,1,3,0,3,0,0,0.3414634146341463,0.5113756613756614,0,-1,-1,secure-auth-106-linkedin.com
27,27,0,1,3,0,3,0,0,0.4,0.4703703703703703,0,-1,-1,secure-auth-202-dropbox.com
33,33,0,1,3,0,3,0,0,0.34782608695652173,0.5070707070707071,0,-1,-1,secure-auth-115-bankofamerica.com
13,13,0,1,0,0,0,0,0,0.4347826086956522,0.5970695970695971,0,-1,-1,wellsfargo.co
28,28,0,1,3,0,3,0,0,0.3414634146341463,0.4543956043956044,0,-1,-1,secure-auth-897-citibank.com
26,26,0,1,3,0,3,0,0,0.3589743589743589,0.44943019943019946,0,-1,-1,secure-auth-288-github.com
26,26,0,1,3,0,3,0,0,0.3589743589743589,0.44943019943019946,0,-1,-1,secure-auth-264-github.com
9,9,0,2,0,0,0,0,0,0.4444444444444444,0.6296296296296297,0,-1,-1,czm.ac.uk
27,27,0,1,3,0,3,0,0,0.19999999999999996,0.4246913580246914,0,-1,-1,secure-auth-908-harvard.edu
11,11,0,1,0,0,0,0,0,0.5,0.6700336700336701,0,-1,-1,github.info
27,27,0,1,3,0,3,0,0,0.35,0.44753086419753085,0,-1,-1,secure-auth-448-twitter.com
27,27,0,1,3,0,3,0,0,0.19999999999999996,0.4246913580246914,0,-1,-1,secure-auth-701-harvard.edu
25,25,0,1,3,0,3,0,0,0.368421052631579,0.4615384615384615,0,-1,-1,secure-auth-992-chase.com
10,10,0,1,0,0,0,0,0,0.6,0.7333333333333334,0,-1,-1,dopbox.com
25,25,0,1,3,0,3,0,0,0.4,0.4266666666666667,0,-1,-1,secure-auth-964-apple.com
28,28,0,1,3,0,3,0,0,0.3414634146341463,0.4543956043956044,0,-1,-1,secure-auth-443-citibank.com
28,28,0,1,3,0,3,0,0,0.3902439024390244,0.5009157509157509,0,-1,-1,secure-auth-996-facebook.com
24,24,0,1,3,0,3,0,0,0.3783783783783784,0.5662393162393162,0,-1,-1,secure-auth-779-hsbc.com
13,13,0,1,0,0,0,0,0,0.9230769230769231,0.9538461538461539,0,-1,-1,mkcrosoft.com
26,26,0,1,3,0,3,0,0,0.3589743589743589,0.44943019943019946,0,-1,-1,secure-auth-979-github.com
26,26,0,1,3,0,3,0,0,0.3589743589743589,0.452991452991453,0,-1,-1,secure-auth-209-amazon.com
32,32,0,2,3,0,3,0,0,0.5263157894736843,0.6851851851851851,0,-1,-1,secure-auth-164-portal.azure.com
27,27,0,1,3,0,3,0,0,0.19999999999999996,0.4246913580246914,0,-1,-1,secure-auth-997-harvard.edu
28,28,0,1,3,0,3,0,0,0.3902439024390244,0.5009157509157509,0,-1,-1,secure-auth-195-facebook.com
27,27,0,1,3,0,3,0,0,0.35,0.44753086419753085,0,-1,-1,secure-auth-872-netflix.com
12,12,0,1,0,0,0,0,0,0.24,0.46709401709401704,0,-1,-1,stqnford.edu
24,24,0,2,3,0,3,0,0,0.303030303030303,0.5148046398046398,0,-1,-1,secure-auth-886-ox.ac.uk
30,30,0,3,3,0,3,0,0,1.0,1.0,0,-1,-1,secure-auth-146-vtop.vit.ac.in
28,28,0,1,3,0,3,0,0,0.3902439024390244,0.5009157509157509,0,-1,-1,secure-auth-805-facebook.com
9,9,0,1,0,0,0,0,0,0.631578947368421,0.7555555555555555,0,-1,-1,adohe.com
28,28,0,1,3,0,3,0,0,0.3414634146341463,0.4543956043956044,0,-1,-1,secure-auth-494-citibank.com
26,26,0,1,3,0,3,0,0,0.5555555555555556,0.4256410256410256,0,-1,-1,secure-auth-395-paypal.com
13,13,0,1,0,0,0,0,0,0.5217391304347826,0.6509157509157509,0,-1,-1,wellfargo.com
12,12,0,1,0,0,0,0,0,0.5454545454545454,0.7134920634920635,0,-1,-1,linkedon.com
26,26,0,1,3,0,3,0,0,0.5555555555555556,0.47179487179487173,0,-1,-1,secure-auth-449-google.com
12,12,0,1,0,0,0,0,0,0.5454545454545454,0.7805555555555556,0,-1,-1,barxlays.com
23,23,0,1,3,0,3,0,0,0.2222222222222222,0.47681159420289854,0,-1,-1,secure-auth-270-mit.edu
26,26,0,1,3,0,3,0,0,0.3589743589743589,0.44943019943019946,0,-1,-1,secure-auth-860-github.com
15,15,0,1,1,0,0,0,0,0.5,0.5731379731379732,0,-1,-1,secure-hsbc.com
28,28,0,1,3,0,3,0,0,0.3414634146341463,0.4543956043956044,0,-1,-1,secure-auth-970-citibank.com
17,17,0,1,1,0,0,0,0,0.5333333333333333,0.7191553544494722,0,-1,-1,login-spotify.com
18,18,0,1,1,0,0,0,0,0.4516129032258065,0.6566951566951568,0,-1,-1,secure-netflix.com
28,28,0,1,3,0,3,0,0,0.3414634146341463,0.5113756613756614,0,-1,-1,secure-auth-410-linkedin.com
10,10,0,1,0,0,0,0,0,0.6,0.6777777777777777,0,-1,-1,aamzon.com
33,33,0,1,3,0,3,0,0,0.34782608695652173,0.5070707070707071,0,-1,-1,secure-auth-530-bankofamerica.com
9,9,0,2,0,0,0,0,0,0.4444444444444444,0.5462962962962963,0,-1,-1,fam.ac.uk
23,23,0,1,3,0,3,0,0,0.2777777777777778,0.5246376811594203,0,-1,-1,secure-auth-404-zoom.us
29,29,0,1,3,0,3,0,0,0.38095238095238093,0.509323116219668,0,-1,-1,secure-auth-348-instagram.com
29,29,0,1,3,0,3,0,0,0.38095238095238093,0.509323116219668,0,-1,-1,secure-auth-983-instagram.com
33,33,0,1,3,0,3,0,0,0.34782608695652173,0.5070707070707071,0,-1,-1,secure-auth-802-bankofamerica.com
33,33,0,1,3,0,3,0,0,0.34782608695652173,0.5070707070707071,0,-1,-1,secure-auth-755-bankofamerica.com
9,9,0,1,0,0,0,0,0,0.5263157894736843,0.6185185185185186,0,-1,-1,skack.com
29,29,0,1,3,0,3,0,0,0.6190476190476191,0.45042314007831247,0,-1,-1,secure-auth-879-microsoft.com
28,28,0,1,3,0,3,0,0,0.3414634146341463,0.5113756613756614,0,-1,-1,secure-auth-580-linkedin.com
14,14,0,1,0,0,0,0,0,0.5,0.6672771672771672,0,-1,-1,saIesforce.com
16,16,0,2,0,0,0,0,0,0.5263157894736843,0.6851851851851851,0,-1,-1,portal.szure.com
27,27,0,1,3,0,3,0,0,0.35,0.44753086419753085,0,-1,-1,secure-auth-516-netflix.com
30,30,0,1,3,0,3,0,0,0.37209302325581395,0.44273504273504277,0,-1,-1,secure-auth-976-wellsfargo.com
28,28,0,1,3,0,3,0,0,0.3902439024390244,0.5009157509157509,0,-1,-1,secure-auth-559-facebook.com
27,27,0,1,3,0,3,0,0,0.4,0.4703703703703703,0,-1,-1,secure-auth-870-dropbox.com
28,28,0,1,3,0,3,0,0,0.368421052631579,0.4543956043956044,0,-1,-1,secure-auth-355-barclays.com
11,11,0,1,0,0,0,0,0,0.5,0.6515151515151515,0,-1,-1,drkpbox.com
12,12,0,2,0,0,0,0,0,0.625,0.8539682539682539,0,-1,-1,vtop.vit.biz
18,18,0,1,1,0,0,0,0,0.4516129032258065,0.6032763532763533,0,-1,-1,netflix-verify.com
26,26,0,1,3,0,3,0,0,0.3589743589743589,0.452991452991453,0,-1,-1,secure-auth-572-amazon.com
28,28,0,1,3,0,3,0,0,0.3414634146341463,0.5113756613756614,0,-1,-1,secure-auth-161-linkedin.com
16,16,0,1,0,0,0,0,0,0.3448275862068966,0.5472222222222222,0,-1,-1,bankofamerica.cc
10,10,0,1,0,0,0,0,0,0.9,0.9066666666666667,0,-1,-1,pqypal.com
19,19,0,1,1,0,0,0,0,0.3125,0.48259109311740894,0,-1,-1,harvard-support.edu
26,26,0,1,3,0,3,0,0,0.5555555555555556,0.47179487179487173,0,-1,-1,secure-auth-481-google.com
25,25,0,2,3,0,3,0,0,0.2941176470588235,0.47333333333333333,0,-1,-1,secure-auth-790-cam.ac.uk
17,17,0,1,1,0,0,0,0,0.4666666666666667,0.6664990782637842,0,-1,-1,auth-facebook.com
23,23,0,1,3,0,3,0,0,0.2222222222222222,0.47681159420289854,0,-1,-1,secure-auth-451-mit.edu
30,30,0,1,3,0,3,0,0,0.37209302325581395,0.48888888888888893,0,-1,-1,secure-auth-502-salesforce.com
11,11,0,1,0,0,0,0,0,0.41666666666666663,0.6134421134421135,0,-1,-1,dropbox.top
12,12,0,1,0,0,0,0,0,0.48,0.6441798941798942,0,-1,-1,citibnak.com
25,25,0,2,3,0,3,0,0,0.2941176470588235,0.47333333333333333,0,-1,-1,secure-auth-970-cam.ac.uk
33,33,0,1,3,0,3,0,0,0.34782608695652173,0.5070707070707071,0,-1,-1,secure-auth-620-bankofamerica.com
33,33,0,1,3,0,3,0,0,0.34782608695652173,0.5070707070707071,0,-1,-1,secure-auth-134-bankofamerica.com
24,24,0,2,3,0,3,0,0,0.303030303030303,0.5148046398046398,0,-1,-1,secure-auth-994-ox.ac.uk
27,27,0,1,3,0,3,0,0,0.4,0.4703703703703703,0,-1,-1,secure-auth-258-dropbox.com
13,13,0,1,0,0,0,0,0,0.36363636363636365,0.6292226292226292,0,-1,-1,citibank.club
26,26,0,1,3,0,3,0,0,0.5555555555555556,0.47179487179487173,0,-1,-1,secure-auth-522-google.com
25,25,0,2,3,0,3,0,0,0.2941176470588235,0.47333333333333333,0,-1,-1,secure-auth-891-cam.ac.uk
25,25,0,2,3,0,3,0,0,0.2941176470588235,0.47333333333333333,0,-1,-1,secure-auth-236-cam.ac.uk
26,26,0,1,3,0,3,0,0,0.5555555555555556,0.47179487179487173,0,-1,-1,secure-auth-976-google.com
14,14,0,1,0,0,0,0,0,0.5185185185185186,0.638095238095238,0,-1,-1,salesfofce.com
13,13,0,1,0,0,0,0,0,0.4347826086956522,0.5760683760683761,0,-1,-1,salesforce.co
11,11,0,1,0,0,0,0,0,0.4,0.5242424242424243,0,-1,-1,harvard.net
19,19,0,1,1,0,0,0,0,0.5625,0.6108861898335581,0,-1,-1,dropbox-support.com
12,12,0,1,0,0,0,0,0,0.48,0.6441798941798942,0,-1,-1,citinank.com
28,28,0,1,3,0,3,0,0,0.3414634146341463,0.4543956043956044,0,-1,-1,secure-auth-215-citibank.com
10,10,0,1,0,0,0,0,0,0.3157894736842105,0.48589743589743595,0,-1,-1,slack.club
32,32,0,2,3,0,3,0,0,0.5263157894736843,0.6851851851851851,0,-1,-1,secure-auth-455-portal.azure.com
23,23,0,1,3,0,3,0,0,0.2777777777777778,0.5246376811594203,0,-1,-1,secure-auth-986-zoom.us
15,15,0,1,1,0,0,0,0,0.56,0.626984126984127,0,-1,-1,login-slack.com
33,33,0,1,3,0,3,0,0,0.34782608695652173,0.5070707070707071,0,-1,-1,secure-auth-949-bankofamerica.com
10,10,0,1,0,0,0,0,0,0.5217391304347826,0.6509157509157509,0,-1,-1,twittr.com
27,27,0,1,3,0,3,0,0,0.4,0.4703703703703703,0,-1,-1,secure-auth-910-dropbox.com
25,25,0,1,3,0,3,0,0,0.368421052631579,0.4615384615384615,0,-1,-1,secure-auth-353-slack.com
29,29,0,1,3,0,3,0,0,0.6190476190476191,0.45042314007831247,0,-1,-1,secure-auth-349-microsoft.com
20,20,0,1,1,0,0,0,0,0.7878787878787878,0.7807692307692307,0,-1,-1,update-microsoft.com
12,12,0,1,0,0,0,0,0,0.48,0.6441798941798942,0,-1,-1,citigank.com
29,29,0,1,3,0,3,0,0,0.38095238095238093,0.509323116219668,0,-1,-1,secure-auth-447-instagram.com
30,30,0,3,3,0,3,0,0,1.0,1.0,0,-1,-1,secure-auth-192-vtop.vit.ac.in
11,11,0,1,0,0,0,0,0,0.47619047619047616,0.6515151515151515,0,-1,-1,netfpix.com
28,28,0,1,3,0,3,0,0,0.3902439024390244,0.5009157509157509,0,-1,-1,secure-auth-156-facebook.com
32,32,0,2,3,0,3,0,0,0.5263157894736843,0.6851851851851851,0,-1,-1,secure-auth-904-portal.azure.com
33,33,0,1,3,0,3,0,0,0.34782608695652173,0.5070707070707071,0,-1,-1,secure-auth-750-bankofamerica.com
30,30,0,3,3,0,3,0,0,1.0,1.0,0,-1,-1,secure-auth-124-vtop.vit.ac.in
28,28,0,1,3,0,3,0,0,0.3902439024390244,0.5009157509157509,0,-1,-1,secure-auth-347-facebook.com
27,27,0,1,3,0,3,0,0,0.19999999999999996,0.4246913580246914,0,-1,-1,secure-auth-596-harvard.edu
16,16,0,2,0,0,0,0,0,0.5263157894736843,0.6851851851851851,0,-1,-1,portal.azuer.com
11,11,0,1,0,0,0,0,0,0.41666666666666663,0.6130536130536131,0,-1,-1,facebook.cc
